id,title,description,price,availability,condition,brand,product_type,google_product_category,image_link,link,gtin,mpn,age_group,gender,size,custom_label_0,custom_label_1,custom_label_2,custom_label_3,custom_label_4
bff88a94-e48f-4120-9927-4a7d1e015a8c,"كولومبيـــا توليمـــة - 500 g - حبوب كاملة","محصول فريد من نوعه بسبب امتالك منطقة هرار أقدم وأطول أنواع أشجار البن المزروعة على وجه األرض، مما يجعلها تنتج أنواعا كبيرة من القهوة عالية الجودة. مميز لمشروبات الفلتر الحار و البارد بنكهتة الفاكهية الكالسيكية المتوازنة.",105.00 AED,in stock,new,"المحامص الخضراء","قهوة مقطرة",Food, Beverages & Tobacco > Beverages > Coffee,https://res.cloudinary.com/dgcexgq5g/image/upload/v1751636621/greenroasteries/variations/variations/COL-TOL-MED-ROAS_var_bff88a94-e48f-4120-9927-4a7d1e015a8c.webp,https://thegreenroasteries.com/product/colombia-tolima,COLT-MOR-T-500G-AN,COLT-MOR-T-500G-AN,adult,unisex,"500 g","Arabic Coffee","قهوة مقطرة","","حبوب كاملة","UAE"
f4995723-606d-49e7-8cbe-7c1959e8be2c,"كولومبيـــا توليمـــة - 250 g - حبوب مطحونة","محصول فريد من نوعه بسبب امتالك منطقة هرار أقدم وأطول أنواع أشجار البن المزروعة على وجه األرض، مما يجعلها تنتج أنواعا كبيرة من القهوة عالية الجودة. مميز لمشروبات الفلتر الحار و البارد بنكهتة الفاكهية الكالسيكية المتوازنة.",59.95 AED,in stock,new,"المحامص الخضراء","قهوة مقطرة",Food, Beverages & Tobacco > Beverages > Coffee,https://res.cloudinary.com/dgcexgq5g/image/upload/v1751636627/greenroasteries/variations/variations/COL-TOL-MED-ROAS_var_f4995723-606d-49e7-8cbe-7c1959e8be2c.webp,https://thegreenroasteries.com/product/colombia-tolima,COLT-MOR-G-250G-AN,COLT-MOR-G-250G-AN,adult,unisex,"250 g","Arabic Coffee","قهوة مقطرة","","حبوب مطحونة","UAE"
a0c4f099-e906-42d1-b192-a1f5ff6fb52e,"كولومبيـــا توليمـــة - 1 kg - حبوب مطحونة","محصول فريد من نوعه بسبب امتالك منطقة هرار أقدم وأطول أنواع أشجار البن المزروعة على وجه األرض، مما يجعلها تنتج أنواعا كبيرة من القهوة عالية الجودة. مميز لمشروبات الفلتر الحار و البارد بنكهتة الفاكهية الكالسيكية المتوازنة.",195.00 AED,in stock,new,"المحامص الخضراء","قهوة مقطرة",Food, Beverages & Tobacco > Beverages > Coffee,https://res.cloudinary.com/dgcexgq5g/image/upload/v1751636630/greenroasteries/variations/variations/COL-TOL-MED-ROAS_var_a0c4f099-e906-42d1-b192-a1f5ff6fb52e.webp,https://thegreenroasteries.com/product/colombia-tolima,COLT-MOR-G-1kG-AN,COLT-MOR-G-1kG-AN,adult,unisex,"1 kg","Arabic Coffee","قهوة مقطرة","","حبوب مطحونة","UAE"
4bda16c9-67ad-4770-b241-04b8d496581b,"كولومبيـــا توليمـــة - 500 g - حبوب مطحونة","محصول فريد من نوعه بسبب امتالك منطقة هرار أقدم وأطول أنواع أشجار البن المزروعة على وجه األرض، مما يجعلها تنتج أنواعا كبيرة من القهوة عالية الجودة. مميز لمشروبات الفلتر الحار و البارد بنكهتة الفاكهية الكالسيكية المتوازنة.",105.00 AED,in stock,new,"المحامص الخضراء","قهوة مقطرة",Food, Beverages & Tobacco > Beverages > Coffee,https://res.cloudinary.com/dgcexgq5g/image/upload/v1751636634/greenroasteries/variations/variations/COL-TOL-MED-ROAS_var_4bda16c9-67ad-4770-b241-04b8d496581b.webp,https://thegreenroasteries.com/product/colombia-tolima,COLT-MOR-G-500G-AN,COLT-MOR-G-500G-AN,adult,unisex,"500 g","Arabic Coffee","قهوة مقطرة","","حبوب مطحونة","UAE"
c26d9966-b9b1-43a3-a8b6-d1382f4d7788,"كولومبيـــا توليمـــة - 250 g - حبوب كاملة","محصول فريد من نوعه بسبب امتالك منطقة هرار أقدم وأطول أنواع أشجار البن المزروعة على وجه األرض، مما يجعلها تنتج أنواعا كبيرة من القهوة عالية الجودة. مميز لمشروبات الفلتر الحار و البارد بنكهتة الفاكهية الكالسيكية المتوازنة.",59.95 AED,in stock,new,"المحامص الخضراء","قهوة مقطرة",Food, Beverages & Tobacco > Beverages > Coffee,https://res.cloudinary.com/dgcexgq5g/image/upload/v1751636624/greenroasteries/variations/variations/COL-TOL-MED-ROAS_var_c26d9966-b9b1-43a3-a8b6-d1382f4d7788.webp,https://thegreenroasteries.com/product/colombia-tolima,COLT-MOR-T-250G-AN	,COLT-MOR-T-250G-AN	,adult,unisex,"250 g","Arabic Coffee","قهوة مقطرة","","حبوب كاملة","UAE"
3418e487-872c-4184-9d01-4c9711485466,"كولومبيـــا توليمـــة - 1 kg - حبوب كاملة","محصول فريد من نوعه بسبب امتالك منطقة هرار أقدم وأطول أنواع أشجار البن المزروعة على وجه األرض، مما يجعلها تنتج أنواعا كبيرة من القهوة عالية الجودة. مميز لمشروبات الفلتر الحار و البارد بنكهتة الفاكهية الكالسيكية المتوازنة.",195.00 AED,in stock,new,"المحامص الخضراء","قهوة مقطرة",Food, Beverages & Tobacco > Beverages > Coffee,https://res.cloudinary.com/dgcexgq5g/image/upload/v1751636631/greenroasteries/variations/variations/COL-TOL-MED-ROAS_var_3418e487-872c-4184-9d01-4c9711485466.webp,https://thegreenroasteries.com/product/colombia-tolima,COLT-MOR-T-1KG-AN,COLT-MOR-T-1KG-AN,adult,unisex,"1 kg","Arabic Coffee","قهوة مقطرة","","حبوب كاملة","UAE"
9e333f35-8d90-4bd4-8c1d-06378a93e368,"كينيـــا - 500 g - حبوب كاملة","محصول مميز من المحامص الخضراء يتمتع المحصول بنوتات غنية وجميلة تتناسب مع محبي مشروبات الفلتر الكالسيكي
الخالي من التعقيد وتبرز حالوة المحصول مع مشروبات الحليب بكل أنواعه ويعتبر هذا المحصول مزيج خاص من اختيارنا
الجود المحاصيل.",105.00 AED,in stock,new,"المحامص الخضراء","قهوة مقطرة",Food, Beverages & Tobacco > Beverages > Coffee,https://res.cloudinary.com/dgcexgq5g/image/upload/v1751636397/greenroasteries/variations/variations/KEN-MED-ROAS_var_9e333f35-8d90-4bd4-8c1d-06378a93e368.webp,https://thegreenroasteries.com/product/kenya,KE-500G-WB,KE-500G-WB,adult,unisex,"500 g","Arabic Coffee","قهوة مقطرة","","حبوب كاملة","UAE"
3c1516b8-1ee4-4314-9338-b0d3245487e4,"كينيـــا - 1 kg - حبوب مطحونة","محصول مميز من المحامص الخضراء يتمتع المحصول بنوتات غنية وجميلة تتناسب مع محبي مشروبات الفلتر الكالسيكي
الخالي من التعقيد وتبرز حالوة المحصول مع مشروبات الحليب بكل أنواعه ويعتبر هذا المحصول مزيج خاص من اختيارنا
الجود المحاصيل.",195.00 AED,in stock,new,"المحامص الخضراء","قهوة مقطرة",Food, Beverages & Tobacco > Beverages > Coffee,https://res.cloudinary.com/dgcexgq5g/image/upload/v1751636399/greenroasteries/variations/variations/KEN-MED-ROAS_var_3c1516b8-1ee4-4314-9338-b0d3245487e4.webp,https://thegreenroasteries.com/product/kenya,KE-1KG-GG,KE-1KG-GG,adult,unisex,"1 kg","Arabic Coffee","قهوة مقطرة","","حبوب مطحونة","UAE"
8ff60635-5c8f-4010-8cb9-58050db41d17,"كينيـــا - 1 kg - حبوب كاملة","محصول مميز من المحامص الخضراء يتمتع المحصول بنوتات غنية وجميلة تتناسب مع محبي مشروبات الفلتر الكالسيكي
الخالي من التعقيد وتبرز حالوة المحصول مع مشروبات الحليب بكل أنواعه ويعتبر هذا المحصول مزيج خاص من اختيارنا
الجود المحاصيل.",195.00 AED,in stock,new,"المحامص الخضراء","قهوة مقطرة",Food, Beverages & Tobacco > Beverages > Coffee,https://res.cloudinary.com/dgcexgq5g/image/upload/v1751636400/greenroasteries/variations/variations/KEN-MED-ROAS_var_8ff60635-5c8f-4010-8cb9-58050db41d17.webp,https://thegreenroasteries.com/product/kenya,KE-1KG-WB,KE-1KG-WB,adult,unisex,"1 kg","Arabic Coffee","قهوة مقطرة","","حبوب كاملة","UAE"
92cc0d07-bffd-4dfb-86ff-5359efc8935a,"كينيـــا - 500 g - حبوب مطحونة","محصول مميز من المحامص الخضراء يتمتع المحصول بنوتات غنية وجميلة تتناسب مع محبي مشروبات الفلتر الكالسيكي
الخالي من التعقيد وتبرز حالوة المحصول مع مشروبات الحليب بكل أنواعه ويعتبر هذا المحصول مزيج خاص من اختيارنا
الجود المحاصيل.",105.00 AED,in stock,new,"المحامص الخضراء","قهوة مقطرة",Food, Beverages & Tobacco > Beverages > Coffee,https://res.cloudinary.com/dgcexgq5g/image/upload/v1751636620/greenroasteries/variations/variations/KEN-MED-ROAS_var_92cc0d07-bffd-4dfb-86ff-5359efc8935a.webp,https://thegreenroasteries.com/product/kenya,KE-500G-GG,KE-500G-GG,adult,unisex,"500 g","Arabic Coffee","قهوة مقطرة","","حبوب مطحونة","UAE"
bfcb1def-5d71-425e-91aa-a10b3d432e4b,"كينيـــا - 250 g - حبوب مطحونة","محصول مميز من المحامص الخضراء يتمتع المحصول بنوتات غنية وجميلة تتناسب مع محبي مشروبات الفلتر الكالسيكي
الخالي من التعقيد وتبرز حالوة المحصول مع مشروبات الحليب بكل أنواعه ويعتبر هذا المحصول مزيج خاص من اختيارنا
الجود المحاصيل.",59.95 AED,in stock,new,"المحامص الخضراء","قهوة مقطرة",Food, Beverages & Tobacco > Beverages > Coffee,https://res.cloudinary.com/dgcexgq5g/image/upload/v1751636659/greenroasteries/variations/variations/KEN-MED-ROAS_var_bfcb1def-5d71-425e-91aa-a10b3d432e4b.webp,https://thegreenroasteries.com/product/kenya,KE-250G-GG,KE-250G-GG,adult,unisex,"250 g","Arabic Coffee","قهوة مقطرة","","حبوب مطحونة","UAE"
e7fbe728-9152-4746-ae3b-75762086a44f,"كينيـــا - 250 g - حبوب كاملة","محصول مميز من المحامص الخضراء يتمتع المحصول بنوتات غنية وجميلة تتناسب مع محبي مشروبات الفلتر الكالسيكي
الخالي من التعقيد وتبرز حالوة المحصول مع مشروبات الحليب بكل أنواعه ويعتبر هذا المحصول مزيج خاص من اختيارنا
الجود المحاصيل.",59.95 AED,in stock,new,"المحامص الخضراء","قهوة مقطرة",Food, Beverages & Tobacco > Beverages > Coffee,https://res.cloudinary.com/dgcexgq5g/image/upload/v1751636367/greenroasteries/variations/variations/KEN-MED-ROAS_var_e7fbe728-9152-4746-ae3b-75762086a44f.webp,https://thegreenroasteries.com/product/kenya,KE-250G-WB,KE-250G-WB,adult,unisex,"250 g","Arabic Coffee","قهوة مقطرة","","حبوب كاملة","UAE"
1c4723f8-74ac-4b9b-8cb7-916944131dc1,"اثيوبيـــا - 250 g - هيل - حبوب كاملة","نفخر بنكهة القهوة العربية اإلماراتية المحضرة حسب أصولها،
بدءا من انتقاء حبوب البن الخضراء وتحميصها بكل حب حتى ً
إضافة الهيل والزعفران، استمتع بتجربة فريدة للتعرف على تقاليدنا وثقافتنا.",47.95 AED,in stock,new,"المحامص الخضراء","القهوة العربية",Food, Beverages & Tobacco > Beverages > Coffee,https://res.cloudinary.com/dgcexgq5g/image/upload/v1751636388/greenroasteries/variations/variations/ARABICA-ethiopia_var_1c4723f8-74ac-4b9b-8cb7-916944131dc1.webp,https://thegreenroasteries.com/product/ethiopia,ET -250G-T-B,ET -250G-T-B,adult,unisex,"250 g","Arabic Coffee","القهوة العربية","هيل","حبوب كاملة","UAE"
a5815335-89cb-4ac3-b078-0d6fb8a2c48f,"اثيوبيـــا - 1 kg - هيل - حبوب كاملة","نفخر بنكهة القهوة العربية اإلماراتية المحضرة حسب أصولها،
بدءا من انتقاء حبوب البن الخضراء وتحميصها بكل حب حتى ً
إضافة الهيل والزعفران، استمتع بتجربة فريدة للتعرف على تقاليدنا وثقافتنا.",154.00 AED,in stock,new,"المحامص الخضراء","القهوة العربية",Food, Beverages & Tobacco > Beverages > Coffee,https://res.cloudinary.com/dgcexgq5g/image/upload/v1751636391/greenroasteries/variations/variations/ARABICA-ethiopia_var_a5815335-89cb-4ac3-b078-0d6fb8a2c48f.webp,https://thegreenroasteries.com/product/ethiopia,ET -1KG-T-B,ET -1KG-T-B,adult,unisex,"1 kg","Arabic Coffee","القهوة العربية","هيل","حبوب كاملة","UAE"
ad19ec5c-fff1-4e7c-a3f9-1533876b009b,"اثيوبيـــا - 500 g - هيل - حبوب مطحونة","نفخر بنكهة القهوة العربية اإلماراتية المحضرة حسب أصولها،
بدءا من انتقاء حبوب البن الخضراء وتحميصها بكل حب حتى ً
إضافة الهيل والزعفران، استمتع بتجربة فريدة للتعرف على تقاليدنا وثقافتنا.",85.95 AED,in stock,new,"المحامص الخضراء","القهوة العربية",Food, Beverages & Tobacco > Beverages > Coffee,https://res.cloudinary.com/dgcexgq5g/image/upload/v1751636268/greenroasteries/products/products/ARABICA-ethiopia.webp,https://thegreenroasteries.com/product/ethiopia,ET -500G-G-B,ET -500G-G-B,adult,unisex,"500 g","Arabic Coffee","القهوة العربية","هيل","حبوب مطحونة","UAE"
7e0c19f3-8571-4ab1-a6d7-b813e33555f2,"اثيوبيـــا - 250 g - زعفران - حبوب كاملة","نفخر بنكهة القهوة العربية اإلماراتية المحضرة حسب أصولها،
بدءا من انتقاء حبوب البن الخضراء وتحميصها بكل حب حتى ً
إضافة الهيل والزعفران، استمتع بتجربة فريدة للتعرف على تقاليدنا وثقافتنا.",54.95 AED,in stock,new,"المحامص الخضراء","القهوة العربية",Food, Beverages & Tobacco > Beverages > Coffee,https://res.cloudinary.com/dgcexgq5g/image/upload/v1751636434/greenroasteries/variations/variations/ARABICA-ethiopia_var_7e0c19f3-8571-4ab1-a6d7-b813e33555f2.webp,https://thegreenroasteries.com/product/ethiopia,ET-SF-250G-T,ET-SF-250G-T,adult,unisex,"250 g","Arabic Coffee","القهوة العربية","زعفران","حبوب كاملة","UAE"
6f3457e6-04b0-47fc-8b14-f8524de25d0e,"اثيوبيـــا - 1 kg - زعفران - حبوب كاملة","نفخر بنكهة القهوة العربية اإلماراتية المحضرة حسب أصولها،
بدءا من انتقاء حبوب البن الخضراء وتحميصها بكل حب حتى ً
إضافة الهيل والزعفران، استمتع بتجربة فريدة للتعرف على تقاليدنا وثقافتنا.",166.00 AED,in stock,new,"المحامص الخضراء","القهوة العربية",Food, Beverages & Tobacco > Beverages > Coffee,https://res.cloudinary.com/dgcexgq5g/image/upload/v1751636461/greenroasteries/variations/variations/ARABICA-ethiopia_var_6f3457e6-04b0-47fc-8b14-f8524de25d0e.webp,https://thegreenroasteries.com/product/ethiopia,ET-SF-1KG-T,ET-SF-1KG-T,adult,unisex,"1 kg","Arabic Coffee","القهوة العربية","زعفران","حبوب كاملة","UAE"
34955ffb-6e9c-4632-83b2-55d5d1646a2f,"اثيوبيـــا - 250 g - هيل و زعفران - حبوب كاملة","نفخر بنكهة القهوة العربية اإلماراتية المحضرة حسب أصولها،
بدءا من انتقاء حبوب البن الخضراء وتحميصها بكل حب حتى ً
إضافة الهيل والزعفران، استمتع بتجربة فريدة للتعرف على تقاليدنا وثقافتنا.",57.95 AED,in stock,new,"المحامص الخضراء","القهوة العربية",Food, Beverages & Tobacco > Beverages > Coffee,https://res.cloudinary.com/dgcexgq5g/image/upload/v1751636466/greenroasteries/variations/variations/ARABICA-ethiopia_var_34955ffb-6e9c-4632-83b2-55d5d1646a2f.webp,https://thegreenroasteries.com/product/ethiopia,ET-SF-CAR-250G-T,ET-SF-CAR-250G-T,adult,unisex,"250 g","Arabic Coffee","القهوة العربية","هيل و زعفران","حبوب كاملة","UAE"
46eac318-05a4-426c-872e-fc73f076616f,"اثيوبيـــا - 1 kg - زعفران - حبوب مطحونة","نفخر بنكهة القهوة العربية اإلماراتية المحضرة حسب أصولها،
بدءا من انتقاء حبوب البن الخضراء وتحميصها بكل حب حتى ً
إضافة الهيل والزعفران، استمتع بتجربة فريدة للتعرف على تقاليدنا وثقافتنا.",166.00 AED,in stock,new,"المحامص الخضراء","القهوة العربية",Food, Beverages & Tobacco > Beverages > Coffee,https://res.cloudinary.com/dgcexgq5g/image/upload/v1751636476/greenroasteries/variations/variations/ARABICA-ethiopia_var_46eac318-05a4-426c-872e-fc73f076616f.webp,https://thegreenroasteries.com/product/ethiopia,ET-SF-1KG-G,ET-SF-1KG-G,adult,unisex,"1 kg","Arabic Coffee","القهوة العربية","زعفران","حبوب مطحونة","UAE"
deed27a1-db3b-461f-93eb-07b34fc599be,"اثيوبيـــا - 250 g - هيل - حبوب مطحونة","نفخر بنكهة القهوة العربية اإلماراتية المحضرة حسب أصولها،
بدءا من انتقاء حبوب البن الخضراء وتحميصها بكل حب حتى ً
إضافة الهيل والزعفران، استمتع بتجربة فريدة للتعرف على تقاليدنا وثقافتنا.",47.95 AED,in stock,new,"المحامص الخضراء","القهوة العربية",Food, Beverages & Tobacco > Beverages > Coffee,https://res.cloudinary.com/dgcexgq5g/image/upload/v1751636497/greenroasteries/variations/variations/ARABICA-ethiopia_var_deed27a1-db3b-461f-93eb-07b34fc599be.webp,https://thegreenroasteries.com/product/ethiopia,ET -250G-G-B,ET -250G-G-B,adult,unisex,"250 g","Arabic Coffee","القهوة العربية","هيل","حبوب مطحونة","UAE"
c3ccc3fd-5b91-4a73-8d04-ab80a10a4800,"اثيوبيـــا - 500 g - زعفران - حبوب كاملة","نفخر بنكهة القهوة العربية اإلماراتية المحضرة حسب أصولها،
بدءا من انتقاء حبوب البن الخضراء وتحميصها بكل حب حتى ً
إضافة الهيل والزعفران، استمتع بتجربة فريدة للتعرف على تقاليدنا وثقافتنا.",94.95 AED,in stock,new,"المحامص الخضراء","القهوة العربية",Food, Beverages & Tobacco > Beverages > Coffee,https://res.cloudinary.com/dgcexgq5g/image/upload/v1751636500/greenroasteries/variations/variations/ARABICA-ethiopia_var_c3ccc3fd-5b91-4a73-8d04-ab80a10a4800.webp,https://thegreenroasteries.com/product/ethiopia,ET-SF-500G-T,ET-SF-500G-T,adult,unisex,"500 g","Arabic Coffee","القهوة العربية","زعفران","حبوب كاملة","UAE"
072e2ea6-eaa0-4ea2-87cb-d335b9ac3203,"اثيوبيـــا - 1 kg - هيل و زعفران - حبوب كاملة","نفخر بنكهة القهوة العربية اإلماراتية المحضرة حسب أصولها،
بدءا من انتقاء حبوب البن الخضراء وتحميصها بكل حب حتى ً
إضافة الهيل والزعفران، استمتع بتجربة فريدة للتعرف على تقاليدنا وثقافتنا.",175.00 AED,in stock,new,"المحامص الخضراء","القهوة العربية",Food, Beverages & Tobacco > Beverages > Coffee,https://res.cloudinary.com/dgcexgq5g/image/upload/v1751636511/greenroasteries/variations/variations/ARABICA-ethiopia_var_072e2ea6-eaa0-4ea2-87cb-d335b9ac3203.webp,https://thegreenroasteries.com/product/ethiopia,ET-SF-CAR-1KG-T,ET-SF-CAR-1KG-T,adult,unisex,"1 kg","Arabic Coffee","القهوة العربية","هيل و زعفران","حبوب كاملة","UAE"
fb77c470-97f2-4941-b245-6b27339f1f38,"اثيوبيـــا - 250 g - هيل و زعفران - حبوب مطحونة","نفخر بنكهة القهوة العربية اإلماراتية المحضرة حسب أصولها،
بدءا من انتقاء حبوب البن الخضراء وتحميصها بكل حب حتى ً
إضافة الهيل والزعفران، استمتع بتجربة فريدة للتعرف على تقاليدنا وثقافتنا.",57.95 AED,in stock,new,"المحامص الخضراء","القهوة العربية",Food, Beverages & Tobacco > Beverages > Coffee,https://res.cloudinary.com/dgcexgq5g/image/upload/v1751636534/greenroasteries/variations/variations/ARABICA-ethiopia_var_fb77c470-97f2-4941-b245-6b27339f1f38.webp,https://thegreenroasteries.com/product/ethiopia,ET-SF-CAR-250G-G,ET-SF-CAR-250G-G,adult,unisex,"250 g","Arabic Coffee","القهوة العربية","هيل و زعفران","حبوب مطحونة","UAE"
ca973bde-96db-41fe-b59e-81699c98da30,"اثيوبيـــا - 1 kg - هيل - حبوب مطحونة","نفخر بنكهة القهوة العربية اإلماراتية المحضرة حسب أصولها،
بدءا من انتقاء حبوب البن الخضراء وتحميصها بكل حب حتى ً
إضافة الهيل والزعفران، استمتع بتجربة فريدة للتعرف على تقاليدنا وثقافتنا.",154.00 AED,in stock,new,"المحامص الخضراء","القهوة العربية",Food, Beverages & Tobacco > Beverages > Coffee,https://res.cloudinary.com/dgcexgq5g/image/upload/v1751636675/greenroasteries/variations/variations/ARABICA-ethiopia_var_ca973bde-96db-41fe-b59e-81699c98da30.webp,https://thegreenroasteries.com/product/ethiopia,ET -1KG-G-B,ET -1KG-G-B,adult,unisex,"1 kg","Arabic Coffee","القهوة العربية","هيل","حبوب مطحونة","UAE"
9e1743f0-bb10-466b-bee0-51d46e0f8014,"اثيوبيـــا - 500 g - هيل - حبوب كاملة","نفخر بنكهة القهوة العربية اإلماراتية المحضرة حسب أصولها،
بدءا من انتقاء حبوب البن الخضراء وتحميصها بكل حب حتى ً
إضافة الهيل والزعفران، استمتع بتجربة فريدة للتعرف على تقاليدنا وثقافتنا.",85.95 AED,in stock,new,"المحامص الخضراء","القهوة العربية",Food, Beverages & Tobacco > Beverages > Coffee,https://res.cloudinary.com/dgcexgq5g/image/upload/v1751636268/greenroasteries/products/products/ARABICA-ethiopia.webp,https://thegreenroasteries.com/product/ethiopia,ET -500G-T-B,ET -500G-T-B,adult,unisex,"500 g","Arabic Coffee","القهوة العربية","هيل","حبوب كاملة","UAE"
b3240aa2-4b16-453a-82b8-27efe1e3de65,"اثيوبيـــا - 1 kg - هيل و زعفران - حبوب مطحونة","نفخر بنكهة القهوة العربية اإلماراتية المحضرة حسب أصولها،
بدءا من انتقاء حبوب البن الخضراء وتحميصها بكل حب حتى ً
إضافة الهيل والزعفران، استمتع بتجربة فريدة للتعرف على تقاليدنا وثقافتنا.",175.00 AED,in stock,new,"المحامص الخضراء","القهوة العربية",Food, Beverages & Tobacco > Beverages > Coffee,https://res.cloudinary.com/dgcexgq5g/image/upload/v1751636464/greenroasteries/variations/variations/ARABICA-ethiopia_var_b3240aa2-4b16-453a-82b8-27efe1e3de65.webp,https://thegreenroasteries.com/product/ethiopia,ET-SF-CAR-1KG-G,ET-SF-CAR-1KG-G,adult,unisex,"1 kg","Arabic Coffee","القهوة العربية","هيل و زعفران","حبوب مطحونة","UAE"
b828fea9-79b0-4ce2-82c4-dd1008c478c3,"اثيوبيـــا - 500 g - زعفران - حبوب مطحونة","نفخر بنكهة القهوة العربية اإلماراتية المحضرة حسب أصولها،
بدءا من انتقاء حبوب البن الخضراء وتحميصها بكل حب حتى ً
إضافة الهيل والزعفران، استمتع بتجربة فريدة للتعرف على تقاليدنا وثقافتنا.",94.95 AED,in stock,new,"المحامص الخضراء","القهوة العربية",Food, Beverages & Tobacco > Beverages > Coffee,https://res.cloudinary.com/dgcexgq5g/image/upload/v1751636489/greenroasteries/variations/variations/ARABICA-ethiopia_var_b828fea9-79b0-4ce2-82c4-dd1008c478c3.webp,https://thegreenroasteries.com/product/ethiopia,ET-SF-500G-G,ET-SF-500G-G,adult,unisex,"500 g","Arabic Coffee","القهوة العربية","زعفران","حبوب مطحونة","UAE"
3a83ed2a-3fa6-40a4-ba7d-9856f363eae4,"اثيوبيـــا - 500 g - هيل و زعفران - حبوب مطحونة","نفخر بنكهة القهوة العربية اإلماراتية المحضرة حسب أصولها،
بدءا من انتقاء حبوب البن الخضراء وتحميصها بكل حب حتى ً
إضافة الهيل والزعفران، استمتع بتجربة فريدة للتعرف على تقاليدنا وثقافتنا.",99.95 AED,in stock,new,"المحامص الخضراء","القهوة العربية",Food, Beverages & Tobacco > Beverages > Coffee,https://res.cloudinary.com/dgcexgq5g/image/upload/v1751636493/greenroasteries/variations/variations/ARABICA-ethiopia_var_3a83ed2a-3fa6-40a4-ba7d-9856f363eae4.webp,https://thegreenroasteries.com/product/ethiopia,ET-SF-CAR-500G-G,ET-SF-CAR-500G-G,adult,unisex,"500 g","Arabic Coffee","القهوة العربية","هيل و زعفران","حبوب مطحونة","UAE"
a3f3f620-a6f6-4f03-ac69-b3982651dfd3,"اثيوبيـــا - 500 g - هيل و زعفران - حبوب كاملة","نفخر بنكهة القهوة العربية اإلماراتية المحضرة حسب أصولها،
بدءا من انتقاء حبوب البن الخضراء وتحميصها بكل حب حتى ً
إضافة الهيل والزعفران، استمتع بتجربة فريدة للتعرف على تقاليدنا وثقافتنا.",99.95 AED,in stock,new,"المحامص الخضراء","القهوة العربية",Food, Beverages & Tobacco > Beverages > Coffee,https://res.cloudinary.com/dgcexgq5g/image/upload/v1751636498/greenroasteries/variations/variations/ARABICA-ethiopia_var_a3f3f620-a6f6-4f03-ac69-b3982651dfd3.webp,https://thegreenroasteries.com/product/ethiopia,ET-SF-CAR-500G-T,ET-SF-CAR-500G-T,adult,unisex,"500 g","Arabic Coffee","القهوة العربية","هيل و زعفران","حبوب كاملة","UAE"
51cfca8f-30ba-4018-9cd0-81b359f2edf4,"اثيوبيـــا - 250 g - زعفران - حبوب مطحونة","نفخر بنكهة القهوة العربية اإلماراتية المحضرة حسب أصولها،
بدءا من انتقاء حبوب البن الخضراء وتحميصها بكل حب حتى ً
إضافة الهيل والزعفران، استمتع بتجربة فريدة للتعرف على تقاليدنا وثقافتنا.",54.95 AED,in stock,new,"المحامص الخضراء","القهوة العربية",Food, Beverages & Tobacco > Beverages > Coffee,https://res.cloudinary.com/dgcexgq5g/image/upload/v1751636563/greenroasteries/variations/variations/ARABICA-ethiopia_var_51cfca8f-30ba-4018-9cd0-81b359f2edf4.webp,https://thegreenroasteries.com/product/ethiopia,ET-SF-250G-G,ET-SF-250G-G,adult,unisex,"250 g","Arabic Coffee","القهوة العربية","زعفران","حبوب مطحونة","UAE"
8fa319b2-c6ef-4ba5-bcd4-49cd2ff3b981,"اثيوبيـــا حــرار - 1 kg - حبوب مطحونة","",175.00 AED,in stock,new,"المحامص الخضراء","تحميص الإسبريسو",Food, Beverages & Tobacco > Beverages > Coffee,https://res.cloudinary.com/dgcexgq5g/image/upload/v1751636516/greenroasteries/variations/variations/ETH-HAR-ESPRSS-ROAS_var_8fa319b2-c6ef-4ba5-bcd4-49cd2ff3b981.webp,https://thegreenroasteries.com/product/ethiopia-harrar-1,ESS-1KG-ETHH-G,ESS-1KG-ETHH-G,adult,unisex,"1 kg","Arabic Coffee","تحميص الإسبريسو","","حبوب مطحونة","UAE"
769a1c83-5da4-4c66-a057-b227ee81c8ee,"اثيوبيـــا حــرار - 500 g - حبوب كاملة","",95.00 AED,in stock,new,"المحامص الخضراء","تحميص الإسبريسو",Food, Beverages & Tobacco > Beverages > Coffee,https://res.cloudinary.com/dgcexgq5g/image/upload/v1751636570/greenroasteries/variations/variations/ETH-HAR-ESPRSS-ROAS_var_769a1c83-5da4-4c66-a057-b227ee81c8ee.webp,https://thegreenroasteries.com/product/ethiopia-harrar-1,ESS-500G-ETHH-T,ESS-500G-ETHH-T,adult,unisex,"500 g","Arabic Coffee","تحميص الإسبريسو","","حبوب كاملة","UAE"
4ab6fb22-c81c-4e5b-a685-bfe797138738,"اثيوبيـــا حــرار - 500 g - حبوب مطحونة","",95.00 AED,in stock,new,"المحامص الخضراء","تحميص الإسبريسو",Food, Beverages & Tobacco > Beverages > Coffee,https://res.cloudinary.com/dgcexgq5g/image/upload/v1751636584/greenroasteries/variations/variations/ETH-HAR-ESPRSS-ROAS_var_4ab6fb22-c81c-4e5b-a685-bfe797138738.webp,https://thegreenroasteries.com/product/ethiopia-harrar-1,ESS-500G-ETHH-G,ESS-500G-ETHH-G,adult,unisex,"500 g","Arabic Coffee","تحميص الإسبريسو","","حبوب مطحونة","UAE"
ec25bfa8-7c5a-4d38-8442-c636781203a6,"اثيوبيـــا حــرار - 250 g - حبوب كاملة","",52.95 AED,in stock,new,"المحامص الخضراء","تحميص الإسبريسو",Food, Beverages & Tobacco > Beverages > Coffee,https://res.cloudinary.com/dgcexgq5g/image/upload/v1751636589/greenroasteries/variations/variations/ETH-HAR-ESPRSS-ROAS_var_ec25bfa8-7c5a-4d38-8442-c636781203a6.webp,https://thegreenroasteries.com/product/ethiopia-harrar-1,ESS-250G-ETHH-T,ESS-250G-ETHH-T,adult,unisex,"250 g","Arabic Coffee","تحميص الإسبريسو","","حبوب كاملة","UAE"
063764d3-261e-4bd3-aa1c-2ae91f3e10b0,"اثيوبيـــا حــرار - 250 g - حبوب مطحونة","",52.95 AED,in stock,new,"المحامص الخضراء","تحميص الإسبريسو",Food, Beverages & Tobacco > Beverages > Coffee,https://res.cloudinary.com/dgcexgq5g/image/upload/v1751636593/greenroasteries/variations/variations/ETH-HAR-ESPRSS-ROAS_var_063764d3-261e-4bd3-aa1c-2ae91f3e10b0.webp,https://thegreenroasteries.com/product/ethiopia-harrar-1,ESS-250G-ETHH-G,ESS-250G-ETHH-G,adult,unisex,"250 g","Arabic Coffee","تحميص الإسبريسو","","حبوب مطحونة","UAE"
d930e0eb-fbaf-4d95-923a-0eeec4902443,"اثيوبيـــا حــرار - 1 kg - حبوب كاملة","",175.00 AED,in stock,new,"المحامص الخضراء","تحميص الإسبريسو",Food, Beverages & Tobacco > Beverages > Coffee,https://res.cloudinary.com/dgcexgq5g/image/upload/v1751636514/greenroasteries/variations/variations/ETH-HAR-ESPRSS-ROAS_var_d930e0eb-fbaf-4d95-923a-0eeec4902443.webp,https://thegreenroasteries.com/product/ethiopia-harrar-1,ESS-1KG-ETHH-T,ESS-1KG-ETHH-T,adult,unisex,"1 kg","Arabic Coffee","تحميص الإسبريسو","","حبوب كاملة","UAE"
bb121260-dc40-44c2-ab7d-f1ee46830beb,"نيكاراغـــوا - 500 g - زعفران - حبوب كاملة","نفخر بنكهة القهوة العربية اإلماراتية المحضرة حسب أصولها،
بدءا من انتقاء حبوب البن الخضراء وتحميصها بكل حب حتى ً
إضافة الهيل والزعفران، استمتع بتجربة فريدة للتعرف على تقاليدنا وثقافتنا.",120.00 AED,in stock,new,"المحامص الخضراء","القهوة العربية",Food, Beverages & Tobacco > Beverages > Coffee,https://res.cloudinary.com/dgcexgq5g/image/upload/v1751636372/greenroasteries/variations/variations/bb121260-dc40-44c2-ab7d-f1ee46830beb_var_bb121260-dc40-44c2-ab7d-f1ee46830beb.webp,https://thegreenroasteries.com/product/nicaragua,NI -500G-T-B-SF,NI -500G-T-B-SF,adult,unisex,"500 g","Arabic Coffee","القهوة العربية","زعفران","حبوب كاملة","UAE"
474e3541-3d15-43d3-bb3a-e2b108f47f9d,"نيكاراغـــوا - 500 g - زعفران - حبوب مطحونة","نفخر بنكهة القهوة العربية اإلماراتية المحضرة حسب أصولها،
بدءا من انتقاء حبوب البن الخضراء وتحميصها بكل حب حتى ً
إضافة الهيل والزعفران، استمتع بتجربة فريدة للتعرف على تقاليدنا وثقافتنا.",120.00 AED,in stock,new,"المحامص الخضراء","القهوة العربية",Food, Beverages & Tobacco > Beverages > Coffee,https://res.cloudinary.com/dgcexgq5g/image/upload/v1751636269/greenroasteries/products/products/04c5bfd6-200d-4639-9581-ce565f29cbd5.webp,https://thegreenroasteries.com/product/nicaragua,NI -500G-G-B-SF,NI -500G-G-B-SF,adult,unisex,"500 g","Arabic Coffee","القهوة العربية","زعفران","حبوب مطحونة","UAE"
4f12bcef-878c-4365-a487-e95475bf2a9c,"نيكاراغـــوا - 500 g - هيل - حبوب مطحونة","نفخر بنكهة القهوة العربية اإلماراتية المحضرة حسب أصولها،
بدءا من انتقاء حبوب البن الخضراء وتحميصها بكل حب حتى ً
إضافة الهيل والزعفران، استمتع بتجربة فريدة للتعرف على تقاليدنا وثقافتنا.",111.00 AED,in stock,new,"المحامص الخضراء","القهوة العربية",Food, Beverages & Tobacco > Beverages > Coffee,https://res.cloudinary.com/dgcexgq5g/image/upload/v1751636392/greenroasteries/variations/variations/4f12bcef-878c-4365-a487-e95475bf2a9c_var_4f12bcef-878c-4365-a487-e95475bf2a9c.webp,https://thegreenroasteries.com/product/nicaragua,NI -500G-G-B,NI -500G-G-B,adult,unisex,"500 g","Arabic Coffee","القهوة العربية","هيل","حبوب مطحونة","UAE"
d4711bab-594b-48db-9eb8-5d96439a734e,"نيكاراغـــوا - 250 g - هيل - حبوب كاملة","نفخر بنكهة القهوة العربية اإلماراتية المحضرة حسب أصولها،
بدءا من انتقاء حبوب البن الخضراء وتحميصها بكل حب حتى ً
إضافة الهيل والزعفران، استمتع بتجربة فريدة للتعرف على تقاليدنا وثقافتنا.",62.95 AED,in stock,new,"المحامص الخضراء","القهوة العربية",Food, Beverages & Tobacco > Beverages > Coffee,https://res.cloudinary.com/dgcexgq5g/image/upload/v1751636393/greenroasteries/variations/variations/d4711bab-594b-48db-9eb8-5d96439a734e_var_d4711bab-594b-48db-9eb8-5d96439a734e.webp,https://thegreenroasteries.com/product/nicaragua,NI -250G-T-B,NI -250G-T-B,adult,unisex,"250 g","Arabic Coffee","القهوة العربية","هيل","حبوب كاملة","UAE"
14c62b7f-f2c9-494c-8a34-00a2e2165616,"نيكاراغـــوا - 250 g - زعفران - حبوب مطحونة","نفخر بنكهة القهوة العربية اإلماراتية المحضرة حسب أصولها،
بدءا من انتقاء حبوب البن الخضراء وتحميصها بكل حب حتى ً
إضافة الهيل والزعفران، استمتع بتجربة فريدة للتعرف على تقاليدنا وثقافتنا.",69.95 AED,in stock,new,"المحامص الخضراء","القهوة العربية",Food, Beverages & Tobacco > Beverages > Coffee,https://res.cloudinary.com/dgcexgq5g/image/upload/v1751636460/greenroasteries/variations/variations/14c62b7f-f2c9-494c-8a34-00a2e2165616_var_14c62b7f-f2c9-494c-8a34-00a2e2165616.webp,https://thegreenroasteries.com/product/nicaragua,NI -250G-G-B-SF,NI -250G-G-B-SF,adult,unisex,"250 g","Arabic Coffee","القهوة العربية","زعفران","حبوب مطحونة","UAE"
a3f019df-9ead-4df5-9292-770bd8560ff9,"نيكاراغـــوا - 250 g - زعفران - حبوب كاملة","نفخر بنكهة القهوة العربية اإلماراتية المحضرة حسب أصولها،
بدءا من انتقاء حبوب البن الخضراء وتحميصها بكل حب حتى ً
إضافة الهيل والزعفران، استمتع بتجربة فريدة للتعرف على تقاليدنا وثقافتنا.",69.95 AED,in stock,new,"المحامص الخضراء","القهوة العربية",Food, Beverages & Tobacco > Beverages > Coffee,https://res.cloudinary.com/dgcexgq5g/image/upload/v1751636463/greenroasteries/variations/variations/a3f019df-9ead-4df5-9292-770bd8560ff9_var_a3f019df-9ead-4df5-9292-770bd8560ff9.webp,https://thegreenroasteries.com/product/nicaragua,NI -250G-T-B-SF,NI -250G-T-B-SF,adult,unisex,"250 g","Arabic Coffee","القهوة العربية","زعفران","حبوب كاملة","UAE"
6a24e47d-e373-4c8a-bcaf-3bfca7f108af,"نيكاراغـــوا - 1 kg - هيل و زعفران - حبوب مطحونة","نفخر بنكهة القهوة العربية اإلماراتية المحضرة حسب أصولها،
بدءا من انتقاء حبوب البن الخضراء وتحميصها بكل حب حتى ً
إضافة الهيل والزعفران، استمتع بتجربة فريدة للتعرف على تقاليدنا وثقافتنا.",225.00 AED,in stock,new,"المحامص الخضراء","القهوة العربية",Food, Beverages & Tobacco > Beverages > Coffee,https://res.cloudinary.com/dgcexgq5g/image/upload/v1751636468/greenroasteries/variations/variations/6a24e47d-e373-4c8a-bcaf-3bfca7f108af_var_6a24e47d-e373-4c8a-bcaf-3bfca7f108af.webp,https://thegreenroasteries.com/product/nicaragua,NI -1KG-G-B-SF-CR,NI -1KG-G-B-SF-CR,adult,unisex,"1 kg","Arabic Coffee","القهوة العربية","هيل و زعفران","حبوب مطحونة","UAE"
dd3bfdbd-53ed-4603-a261-1b3fcda583d5,"نيكاراغـــوا - 250 g - هيل و زعفران - حبوب كاملة","نفخر بنكهة القهوة العربية اإلماراتية المحضرة حسب أصولها،
بدءا من انتقاء حبوب البن الخضراء وتحميصها بكل حب حتى ً
إضافة الهيل والزعفران، استمتع بتجربة فريدة للتعرف على تقاليدنا وثقافتنا.",72.95 AED,in stock,new,"المحامص الخضراء","القهوة العربية",Food, Beverages & Tobacco > Beverages > Coffee,https://res.cloudinary.com/dgcexgq5g/image/upload/v1751636473/greenroasteries/variations/variations/dd3bfdbd-53ed-4603-a261-1b3fcda583d5_var_dd3bfdbd-53ed-4603-a261-1b3fcda583d5.webp,https://thegreenroasteries.com/product/nicaragua,NI -250G-T-B-SF-CR,NI -250G-T-B-SF-CR,adult,unisex,"250 g","Arabic Coffee","القهوة العربية","هيل و زعفران","حبوب كاملة","UAE"
a4f0acc3-e6ea-486a-8c5b-9bdef9193d02,"نيكاراغـــوا - 1 kg - زعفران - حبوب كاملة","نفخر بنكهة القهوة العربية اإلماراتية المحضرة حسب أصولها،
بدءا من انتقاء حبوب البن الخضراء وتحميصها بكل حب حتى ً
إضافة الهيل والزعفران، استمتع بتجربة فريدة للتعرف على تقاليدنا وثقافتنا.",216.00 AED,in stock,new,"المحامص الخضراء","القهوة العربية",Food, Beverages & Tobacco > Beverages > Coffee,https://res.cloudinary.com/dgcexgq5g/image/upload/v1751636474/greenroasteries/variations/variations/a4f0acc3-e6ea-486a-8c5b-9bdef9193d02_var_a4f0acc3-e6ea-486a-8c5b-9bdef9193d02.webp,https://thegreenroasteries.com/product/nicaragua,NI -1KG-G-B-SF,NI -1KG-G-B-SF,adult,unisex,"1 kg","Arabic Coffee","القهوة العربية","زعفران","حبوب كاملة","UAE"
2eb0e193-7640-4b06-b90e-5961bb609183,"نيكاراغـــوا - 500 g - هيل و زعفران - حبوب كاملة","نفخر بنكهة القهوة العربية اإلماراتية المحضرة حسب أصولها،
بدءا من انتقاء حبوب البن الخضراء وتحميصها بكل حب حتى ً
إضافة الهيل والزعفران، استمتع بتجربة فريدة للتعرف على تقاليدنا وثقافتنا.",126.00 AED,in stock,new,"المحامص الخضراء","القهوة العربية",Food, Beverages & Tobacco > Beverages > Coffee,https://res.cloudinary.com/dgcexgq5g/image/upload/v1751636502/greenroasteries/variations/variations/2eb0e193-7640-4b06-b90e-5961bb609183_var_2eb0e193-7640-4b06-b90e-5961bb609183.webp,https://thegreenroasteries.com/product/nicaragua,NI -500G-T-B-SF-CR,NI -500G-T-B-SF-CR,adult,unisex,"500 g","Arabic Coffee","القهوة العربية","هيل و زعفران","حبوب كاملة","UAE"
278e84c6-9908-404e-90f4-31d5141305c4,"نيكاراغـــوا - 250 g - هيل و زعفران - حبوب مطحونة","نفخر بنكهة القهوة العربية اإلماراتية المحضرة حسب أصولها،
بدءا من انتقاء حبوب البن الخضراء وتحميصها بكل حب حتى ً
إضافة الهيل والزعفران، استمتع بتجربة فريدة للتعرف على تقاليدنا وثقافتنا.",72.95 AED,in stock,new,"المحامص الخضراء","القهوة العربية",Food, Beverages & Tobacco > Beverages > Coffee,https://res.cloudinary.com/dgcexgq5g/image/upload/v1751636673/greenroasteries/variations/variations/278e84c6-9908-404e-90f4-31d5141305c4_var_278e84c6-9908-404e-90f4-31d5141305c4.webp,https://thegreenroasteries.com/product/nicaragua,NI -250G-G-B-SF-CR,NI -250G-G-B-SF-CR,adult,unisex,"250 g","Arabic Coffee","القهوة العربية","هيل و زعفران","حبوب مطحونة","UAE"
327b2d87-e6a7-4059-a1a5-6f7750ebd7ec,"نيكاراغـــوا - 1 kg - هيل - حبوب كاملة","نفخر بنكهة القهوة العربية اإلماراتية المحضرة حسب أصولها،
بدءا من انتقاء حبوب البن الخضراء وتحميصها بكل حب حتى ً
إضافة الهيل والزعفران، استمتع بتجربة فريدة للتعرف على تقاليدنا وثقافتنا.",204.00 AED,in stock,new,"المحامص الخضراء","القهوة العربية",Food, Beverages & Tobacco > Beverages > Coffee,https://res.cloudinary.com/dgcexgq5g/image/upload/v1751636384/greenroasteries/variations/variations/327b2d87-e6a7-4059-a1a5-6f7750ebd7ec_var_327b2d87-e6a7-4059-a1a5-6f7750ebd7ec.webp,https://thegreenroasteries.com/product/nicaragua,NI -1KG-T-B,NI -1KG-T-B,adult,unisex,"1 kg","Arabic Coffee","القهوة العربية","هيل","حبوب كاملة","UAE"
bbabc006-38cc-4d19-9084-7f9b4bd157eb,"نيكاراغـــوا - 500 g - هيل - حبوب كاملة","نفخر بنكهة القهوة العربية اإلماراتية المحضرة حسب أصولها،
بدءا من انتقاء حبوب البن الخضراء وتحميصها بكل حب حتى ً
إضافة الهيل والزعفران، استمتع بتجربة فريدة للتعرف على تقاليدنا وثقافتنا.",111.00 AED,in stock,new,"المحامص الخضراء","القهوة العربية",Food, Beverages & Tobacco > Beverages > Coffee,https://res.cloudinary.com/dgcexgq5g/image/upload/v1751636390/greenroasteries/variations/variations/bbabc006-38cc-4d19-9084-7f9b4bd157eb_var_bbabc006-38cc-4d19-9084-7f9b4bd157eb.webp,https://thegreenroasteries.com/product/nicaragua,NI -500G-T-B,NI -500G-T-B,adult,unisex,"500 g","Arabic Coffee","القهوة العربية","هيل","حبوب كاملة","UAE"
77a0eeb2-4d57-4403-a63a-a30435f73a2f,"نيكاراغـــوا - 1 kg - هيل - حبوب مطحونة","نفخر بنكهة القهوة العربية اإلماراتية المحضرة حسب أصولها،
بدءا من انتقاء حبوب البن الخضراء وتحميصها بكل حب حتى ً
إضافة الهيل والزعفران، استمتع بتجربة فريدة للتعرف على تقاليدنا وثقافتنا.",204.00 AED,in stock,new,"المحامص الخضراء","القهوة العربية",Food, Beverages & Tobacco > Beverages > Coffee,https://res.cloudinary.com/dgcexgq5g/image/upload/v1751636394/greenroasteries/variations/variations/77a0eeb2-4d57-4403-a63a-a30435f73a2f_var_77a0eeb2-4d57-4403-a63a-a30435f73a2f.webp,https://thegreenroasteries.com/product/nicaragua,NI -1KG-G-B,NI -1KG-G-B,adult,unisex,"1 kg","Arabic Coffee","القهوة العربية","هيل","حبوب مطحونة","UAE"
5b6463a6-8d82-4572-99ff-de0d9bfcb195,"نيكاراغـــوا - 250 g - هيل - حبوب مطحونة","نفخر بنكهة القهوة العربية اإلماراتية المحضرة حسب أصولها،
بدءا من انتقاء حبوب البن الخضراء وتحميصها بكل حب حتى ً
إضافة الهيل والزعفران، استمتع بتجربة فريدة للتعرف على تقاليدنا وثقافتنا.",62.95 AED,in stock,new,"المحامص الخضراء","القهوة العربية",Food, Beverages & Tobacco > Beverages > Coffee,https://res.cloudinary.com/dgcexgq5g/image/upload/v1751636436/greenroasteries/variations/variations/5b6463a6-8d82-4572-99ff-de0d9bfcb195_var_5b6463a6-8d82-4572-99ff-de0d9bfcb195.webp,https://thegreenroasteries.com/product/nicaragua,NI -250G-G-B,NI -250G-G-B,adult,unisex,"250 g","Arabic Coffee","القهوة العربية","هيل","حبوب مطحونة","UAE"
eca1079d-9b3a-41c0-a16f-816aeed77222,"نيكاراغـــوا - 1 kg - هيل و زعفران - حبوب كاملة","نفخر بنكهة القهوة العربية اإلماراتية المحضرة حسب أصولها،
بدءا من انتقاء حبوب البن الخضراء وتحميصها بكل حب حتى ً
إضافة الهيل والزعفران، استمتع بتجربة فريدة للتعرف على تقاليدنا وثقافتنا.",225.00 AED,in stock,new,"المحامص الخضراء","القهوة العربية",Food, Beverages & Tobacco > Beverages > Coffee,https://res.cloudinary.com/dgcexgq5g/image/upload/v1751636467/greenroasteries/variations/variations/eca1079d-9b3a-41c0-a16f-816aeed77222_var_eca1079d-9b3a-41c0-a16f-816aeed77222.webp,https://thegreenroasteries.com/product/nicaragua,NI -1KG-T-B-SF-CR,NI -1KG-T-B-SF-CR,adult,unisex,"1 kg","Arabic Coffee","القهوة العربية","هيل و زعفران","حبوب كاملة","UAE"
2f20ce0b-9697-4bf6-98d4-d751847695b1,"نيكاراغـــوا - 1 kg - زعفران - حبوب مطحونة","نفخر بنكهة القهوة العربية اإلماراتية المحضرة حسب أصولها،
بدءا من انتقاء حبوب البن الخضراء وتحميصها بكل حب حتى ً
إضافة الهيل والزعفران، استمتع بتجربة فريدة للتعرف على تقاليدنا وثقافتنا.",216.00 AED,in stock,new,"المحامص الخضراء","القهوة العربية",Food, Beverages & Tobacco > Beverages > Coffee,https://res.cloudinary.com/dgcexgq5g/image/upload/v1751636472/greenroasteries/variations/variations/2f20ce0b-9697-4bf6-98d4-d751847695b1_var_2f20ce0b-9697-4bf6-98d4-d751847695b1.webp,https://thegreenroasteries.com/product/nicaragua,NI -1KG-T-B-SF,NI -1KG-T-B-SF,adult,unisex,"1 kg","Arabic Coffee","القهوة العربية","زعفران","حبوب مطحونة","UAE"
5cd61633-031e-4664-8dca-bd63ef9d71ac,"نيكاراغـــوا - 500 g - هيل و زعفران - حبوب مطحونة","نفخر بنكهة القهوة العربية اإلماراتية المحضرة حسب أصولها،
بدءا من انتقاء حبوب البن الخضراء وتحميصها بكل حب حتى ً
إضافة الهيل والزعفران، استمتع بتجربة فريدة للتعرف على تقاليدنا وثقافتنا.",126.00 AED,in stock,new,"المحامص الخضراء","القهوة العربية",Food, Beverages & Tobacco > Beverages > Coffee,https://res.cloudinary.com/dgcexgq5g/image/upload/v1751636503/greenroasteries/variations/variations/5cd61633-031e-4664-8dca-bd63ef9d71ac_var_5cd61633-031e-4664-8dca-bd63ef9d71ac.webp,https://thegreenroasteries.com/product/nicaragua,NI -500G-G-B-SF-CR,NI -500G-G-B-SF-CR,adult,unisex,"500 g","Arabic Coffee","القهوة العربية","هيل و زعفران","حبوب مطحونة","UAE"
4186bef5-1f00-4c45-8c03-7ba32a9b5fac,"قهـــوة تركيـــة متـــوازنة - 500 g - حبوب كاملة","تعتبر القهوة التركية فريدة من نوعها لدرجة أنها أدرجت في قائمة التراث الثقافي غير المادي لمنظمة اليونسكو في عام ،2013
وذلك بسبب الممارسات الفريدة التي تدخل في إعدادها وتقديمها، مع بهارات خاصة",89.95 AED,in stock,new,"المحامص الخضراء","تحميص تركي",Food, Beverages & Tobacco > Beverages > Coffee,https://res.cloudinary.com/dgcexgq5g/image/upload/v1751636275/greenroasteries/products/products/TRKH-SP-LT.webp,https://thegreenroasteries.com/product/special-turkish-light,TRKH-SLT-T-500G,TRKH-SLT-T-500G,adult,unisex,"500 g","Arabic Coffee","تحميص تركي","","حبوب كاملة","UAE"
995de685-796b-493f-8da4-0b76dd2b8692,"قهـــوة تركيـــة متـــوازنة - 250 g - حبوب كاملة","تعتبر القهوة التركية فريدة من نوعها لدرجة أنها أدرجت في قائمة التراث الثقافي غير المادي لمنظمة اليونسكو في عام ،2013
وذلك بسبب الممارسات الفريدة التي تدخل في إعدادها وتقديمها، مع بهارات خاصة",49.95 AED,in stock,new,"المحامص الخضراء","تحميص تركي",Food, Beverages & Tobacco > Beverages > Coffee,https://res.cloudinary.com/dgcexgq5g/image/upload/v1751636275/greenroasteries/products/products/TRKH-SP-LT.webp,https://thegreenroasteries.com/product/special-turkish-light,TRKH-SLT-T-250G,TRKH-SLT-T-250G,adult,unisex,"250 g","Arabic Coffee","تحميص تركي","","حبوب كاملة","UAE"
ef959f92-407c-4ddf-a872-91fcc98e513c,"قهـــوة تركيـــة متـــوازنة - 250 g - حبوب مطحونة","تعتبر القهوة التركية فريدة من نوعها لدرجة أنها أدرجت في قائمة التراث الثقافي غير المادي لمنظمة اليونسكو في عام ،2013
وذلك بسبب الممارسات الفريدة التي تدخل في إعدادها وتقديمها، مع بهارات خاصة",49.95 AED,in stock,new,"المحامص الخضراء","تحميص تركي",Food, Beverages & Tobacco > Beverages > Coffee,https://res.cloudinary.com/dgcexgq5g/image/upload/v1751636275/greenroasteries/products/products/TRKH-SP-LT.webp,https://thegreenroasteries.com/product/special-turkish-light,TRKH-SLT-G-250G,TRKH-SLT-G-250G,adult,unisex,"250 g","Arabic Coffee","تحميص تركي","","حبوب مطحونة","UAE"
061add81-05b5-42cd-b93b-f1c647665a0e,"قهـــوة تركيـــة متـــوازنة - 1 kg - حبوب مطحونة","تعتبر القهوة التركية فريدة من نوعها لدرجة أنها أدرجت في قائمة التراث الثقافي غير المادي لمنظمة اليونسكو في عام ،2013
وذلك بسبب الممارسات الفريدة التي تدخل في إعدادها وتقديمها، مع بهارات خاصة",165.00 AED,in stock,new,"المحامص الخضراء","تحميص تركي",Food, Beverages & Tobacco > Beverages > Coffee,https://res.cloudinary.com/dgcexgq5g/image/upload/v1751636275/greenroasteries/products/products/TRKH-SP-LT.webp,https://thegreenroasteries.com/product/special-turkish-light,TRKH-SLT-G-1KG,TRKH-SLT-G-1KG,adult,unisex,"1 kg","Arabic Coffee","تحميص تركي","","حبوب مطحونة","UAE"
7f725939-ffab-4162-9e2d-4ef82a887951,"قهـــوة تركيـــة متـــوازنة - 1 kg - حبوب كاملة","تعتبر القهوة التركية فريدة من نوعها لدرجة أنها أدرجت في قائمة التراث الثقافي غير المادي لمنظمة اليونسكو في عام ،2013
وذلك بسبب الممارسات الفريدة التي تدخل في إعدادها وتقديمها، مع بهارات خاصة",165.00 AED,in stock,new,"المحامص الخضراء","تحميص تركي",Food, Beverages & Tobacco > Beverages > Coffee,https://res.cloudinary.com/dgcexgq5g/image/upload/v1751636275/greenroasteries/products/products/TRKH-SP-LT.webp,https://thegreenroasteries.com/product/special-turkish-light,TRKH-SLT-T-1KG,TRKH-SLT-T-1KG,adult,unisex,"1 kg","Arabic Coffee","تحميص تركي","","حبوب كاملة","UAE"
ad4ece70-88c1-44c3-a3a0-9b3c3b008141,"قهـــوة تركيـــة متـــوازنة - 500 g - حبوب مطحونة","تعتبر القهوة التركية فريدة من نوعها لدرجة أنها أدرجت في قائمة التراث الثقافي غير المادي لمنظمة اليونسكو في عام ،2013
وذلك بسبب الممارسات الفريدة التي تدخل في إعدادها وتقديمها، مع بهارات خاصة",89.95 AED,in stock,new,"المحامص الخضراء","تحميص تركي",Food, Beverages & Tobacco > Beverages > Coffee,https://res.cloudinary.com/dgcexgq5g/image/upload/v1751636275/greenroasteries/products/products/TRKH-SP-LT.webp,https://thegreenroasteries.com/product/special-turkish-light,TRKH-SLT-G-500G,TRKH-SLT-G-500G,adult,unisex,"500 g","Arabic Coffee","تحميص تركي","","حبوب مطحونة","UAE"
0acb2bc7-e75f-4d22-8635-ba7d3c2b1cce,"تحميـــص متـــوازن - 1 kg - حبوب كاملة","تعتبر القهوة التركية فريدة من نوعها لدرجة أنها أدرجت في قائمة التراث الثقافي غير المادي لمنظمة اليونسكو في عام ،2013
وذلك بسبب الممارسات الفريدة التي تدخل في إعدادها وتقديمها.",155.00 AED,in stock,new,"المحامص الخضراء","تحميص تركي",Food, Beverages & Tobacco > Beverages > Coffee,https://res.cloudinary.com/dgcexgq5g/image/upload/v1751636447/greenroasteries/variations/variations/TRKH-LT_var_0acb2bc7-e75f-4d22-8635-ba7d3c2b1cce.webp,https://thegreenroasteries.com/product/turkish-light,-1KG-WB,-1KG-WB,adult,unisex,"1 kg","Arabic Coffee","تحميص تركي","","حبوب كاملة","UAE"
ea4f842c-51d8-4815-8b82-ce011aa1127e,"تحميـــص متـــوازن - 250 g - حبوب مطحونة","تعتبر القهوة التركية فريدة من نوعها لدرجة أنها أدرجت في قائمة التراث الثقافي غير المادي لمنظمة اليونسكو في عام ،2013
وذلك بسبب الممارسات الفريدة التي تدخل في إعدادها وتقديمها.",47.95 AED,in stock,new,"المحامص الخضراء","تحميص تركي",Food, Beverages & Tobacco > Beverages > Coffee,https://res.cloudinary.com/dgcexgq5g/image/upload/v1751636456/greenroasteries/variations/variations/TRKH-LT_var_ea4f842c-51d8-4815-8b82-ce011aa1127e.webp,https://thegreenroasteries.com/product/turkish-light,-250G-GG,-250G-GG,adult,unisex,"250 g","Arabic Coffee","تحميص تركي","","حبوب مطحونة","UAE"
a98a8e07-9c00-490f-9e35-b5b5f3e4af56,"تحميـــص متـــوازن - 1 kg - حبوب مطحونة","تعتبر القهوة التركية فريدة من نوعها لدرجة أنها أدرجت في قائمة التراث الثقافي غير المادي لمنظمة اليونسكو في عام ،2013
وذلك بسبب الممارسات الفريدة التي تدخل في إعدادها وتقديمها.",155.00 AED,in stock,new,"المحامص الخضراء","تحميص تركي",Food, Beverages & Tobacco > Beverages > Coffee,https://res.cloudinary.com/dgcexgq5g/image/upload/v1751636459/greenroasteries/variations/variations/TRKH-LT_var_a98a8e07-9c00-490f-9e35-b5b5f3e4af56.webp,https://thegreenroasteries.com/product/turkish-light,-1KG-GG,-1KG-GG,adult,unisex,"1 kg","Arabic Coffee","تحميص تركي","","حبوب مطحونة","UAE"
cda4fcd9-26b3-4af1-a50a-020375c96ee9,"تحميـــص متـــوازن - 500 g - حبوب كاملة","تعتبر القهوة التركية فريدة من نوعها لدرجة أنها أدرجت في قائمة التراث الثقافي غير المادي لمنظمة اليونسكو في عام ،2013
وذلك بسبب الممارسات الفريدة التي تدخل في إعدادها وتقديمها.",85.00 AED,in stock,new,"المحامص الخضراء","تحميص تركي",Food, Beverages & Tobacco > Beverages > Coffee,https://res.cloudinary.com/dgcexgq5g/image/upload/v1751636483/greenroasteries/variations/variations/TRKH-LT_var_cda4fcd9-26b3-4af1-a50a-020375c96ee9.webp,https://thegreenroasteries.com/product/turkish-light,-500G-WB,-500G-WB,adult,unisex,"500 g","Arabic Coffee","تحميص تركي","","حبوب كاملة","UAE"
ca7f4c89-e2a1-4588-8fe2-f22629fbb101,"تحميـــص متـــوازن - 250 g - حبوب كاملة","تعتبر القهوة التركية فريدة من نوعها لدرجة أنها أدرجت في قائمة التراث الثقافي غير المادي لمنظمة اليونسكو في عام ،2013
وذلك بسبب الممارسات الفريدة التي تدخل في إعدادها وتقديمها.",47.95 AED,in stock,new,"المحامص الخضراء","تحميص تركي",Food, Beverages & Tobacco > Beverages > Coffee,https://res.cloudinary.com/dgcexgq5g/image/upload/v1751636647/greenroasteries/variations/variations/TRKH-LT_var_ca7f4c89-e2a1-4588-8fe2-f22629fbb101.webp,https://thegreenroasteries.com/product/turkish-light,-250G-WB,-250G-WB,adult,unisex,"250 g","Arabic Coffee","تحميص تركي","","حبوب كاملة","UAE"
54f30ae5-9ff1-4609-bcec-f5066712cd15,"تحميـــص متـــوازن - 500 g - حبوب مطحونة","تعتبر القهوة التركية فريدة من نوعها لدرجة أنها أدرجت في قائمة التراث الثقافي غير المادي لمنظمة اليونسكو في عام ،2013
وذلك بسبب الممارسات الفريدة التي تدخل في إعدادها وتقديمها.",85.00 AED,in stock,new,"المحامص الخضراء","تحميص تركي",Food, Beverages & Tobacco > Beverages > Coffee,https://res.cloudinary.com/dgcexgq5g/image/upload/v1751636457/greenroasteries/variations/variations/TRKH-LT_var_54f30ae5-9ff1-4609-bcec-f5066712cd15.webp,https://thegreenroasteries.com/product/turkish-light,-500G-GG,-500G-GG,adult,unisex,"500 g","Arabic Coffee","تحميص تركي","","حبوب مطحونة","UAE"
515dae6e-d3e7-4701-803d-88f1cc845147,"كولومبيـــا توليمـــة - 1 kg - حبوب كاملة","",195.00 AED,in stock,new,"المحامص الخضراء","تحميص الإسبريسو",Food, Beverages & Tobacco > Beverages > Coffee,https://res.cloudinary.com/dgcexgq5g/image/upload/v1751636553/greenroasteries/variations/variations/COL-TOL-ESPRSS-ROAS_var_515dae6e-d3e7-4701-803d-88f1cc845147.webp,https://thegreenroasteries.com/product/colombia-tolima-1,ESS-1KG-CTOL-T,ESS-1KG-CTOL-T,adult,unisex,"1 kg","Arabic Coffee","تحميص الإسبريسو","","حبوب كاملة","UAE"
eb249263-1e61-4216-8b30-1ab11084fcc7,"كولومبيـــا توليمـــة - 500 g - حبوب كاملة","",105.00 AED,in stock,new,"المحامص الخضراء","تحميص الإسبريسو",Food, Beverages & Tobacco > Beverages > Coffee,https://res.cloudinary.com/dgcexgq5g/image/upload/v1751636577/greenroasteries/variations/variations/COL-TOL-ESPRSS-ROAS_var_eb249263-1e61-4216-8b30-1ab11084fcc7.webp,https://thegreenroasteries.com/product/colombia-tolima-1,ESS-500G-CTOL-T,ESS-500G-CTOL-T,adult,unisex,"500 g","Arabic Coffee","تحميص الإسبريسو","","حبوب كاملة","UAE"
d822f7d6-2fd2-43b5-ad13-b8fcb062c6d0,"كولومبيـــا توليمـــة - 250 g - حبوب كاملة","",59.95 AED,in stock,new,"المحامص الخضراء","تحميص الإسبريسو",Food, Beverages & Tobacco > Beverages > Coffee,https://res.cloudinary.com/dgcexgq5g/image/upload/v1751636597/greenroasteries/variations/variations/COL-TOL-ESPRSS-ROAS_var_d822f7d6-2fd2-43b5-ad13-b8fcb062c6d0.webp,https://thegreenroasteries.com/product/colombia-tolima-1,ESS-250G-CTOL-T,ESS-250G-CTOL-T,adult,unisex,"250 g","Arabic Coffee","تحميص الإسبريسو","","حبوب كاملة","UAE"
8665b36f-6d36-40d4-bbab-2d56d1b2800c,"كولومبيـــا توليمـــة - 250 g - حبوب مطحونة","",59.95 AED,in stock,new,"المحامص الخضراء","تحميص الإسبريسو",Food, Beverages & Tobacco > Beverages > Coffee,https://res.cloudinary.com/dgcexgq5g/image/upload/v1751636608/greenroasteries/variations/variations/COL-TOL-ESPRSS-ROAS_var_8665b36f-6d36-40d4-bbab-2d56d1b2800c.webp,https://thegreenroasteries.com/product/colombia-tolima-1,ESS-250G-CTOL-G,ESS-250G-CTOL-G,adult,unisex,"250 g","Arabic Coffee","تحميص الإسبريسو","","حبوب مطحونة","UAE"
d26ecb19-da4d-4161-a39f-4d8e648f3ad1,"كولومبيـــا توليمـــة - 1 kg - حبوب مطحونة","",195.00 AED,in stock,new,"المحامص الخضراء","تحميص الإسبريسو",Food, Beverages & Tobacco > Beverages > Coffee,https://res.cloudinary.com/dgcexgq5g/image/upload/v1751636555/greenroasteries/variations/variations/COL-TOL-ESPRSS-ROAS_var_d26ecb19-da4d-4161-a39f-4d8e648f3ad1.webp,https://thegreenroasteries.com/product/colombia-tolima-1,ESS-1KG-CTOL-G,ESS-1KG-CTOL-G,adult,unisex,"1 kg","Arabic Coffee","تحميص الإسبريسو","","حبوب مطحونة","UAE"
80d7398e-4687-44ea-972c-ae1725d192be,"كولومبيـــا توليمـــة - 500 g - حبوب مطحونة","",105.00 AED,in stock,new,"المحامص الخضراء","تحميص الإسبريسو",Food, Beverages & Tobacco > Beverages > Coffee,https://res.cloudinary.com/dgcexgq5g/image/upload/v1751636571/greenroasteries/variations/variations/COL-TOL-ESPRSS-ROAS_var_80d7398e-4687-44ea-972c-ae1725d192be.webp,https://thegreenroasteries.com/product/colombia-tolima-1,ESS-500G-CTOL-G,ESS-500G-CTOL-G,adult,unisex,"500 g","Arabic Coffee","تحميص الإسبريسو","","حبوب مطحونة","UAE"
4cfc350d-4103-44d3-b25e-d07d84a0dd4b,"تحميـــص داكـــن - 1 kg - حبوب مطحونة","تعتبر القهوة التركية فريدة من نوعها لدرجة أنها أدرجت في قائمة التراث الثقافي غير المادي لمنظمة اليونسكو في عام ،2013
وذلك بسبب الممارسات الفريدة التي تدخل في إعدادها وتقديمها.",155.00 AED,in stock,new,"المحامص الخضراء","تحميص تركي",Food, Beverages & Tobacco > Beverages > Coffee,https://res.cloudinary.com/dgcexgq5g/image/upload/v1751636279/greenroasteries/products/products/TRKH-DK.webp,https://thegreenroasteries.com/product/turkish-dark,TRKH-DK-G-1KG,TRKH-DK-G-1KG,adult,unisex,"1 kg","Arabic Coffee","تحميص تركي","","حبوب مطحونة","UAE"
33c0e3af-a4cb-4302-8be4-e3fb06e8b8b9,"تحميـــص داكـــن - 1 kg - حبوب كاملة","تعتبر القهوة التركية فريدة من نوعها لدرجة أنها أدرجت في قائمة التراث الثقافي غير المادي لمنظمة اليونسكو في عام ،2013
وذلك بسبب الممارسات الفريدة التي تدخل في إعدادها وتقديمها.",155.00 AED,in stock,new,"المحامص الخضراء","تحميص تركي",Food, Beverages & Tobacco > Beverages > Coffee,https://res.cloudinary.com/dgcexgq5g/image/upload/v1751636279/greenroasteries/products/products/TRKH-DK.webp,https://thegreenroasteries.com/product/turkish-dark,TRKH-DK-T-1KG,TRKH-DK-T-1KG,adult,unisex,"1 kg","Arabic Coffee","تحميص تركي","","حبوب كاملة","UAE"
e6df110a-c1df-4939-aafe-db9c2515f5a0,"تحميـــص داكـــن - 250 g - حبوب كاملة","تعتبر القهوة التركية فريدة من نوعها لدرجة أنها أدرجت في قائمة التراث الثقافي غير المادي لمنظمة اليونسكو في عام ،2013
وذلك بسبب الممارسات الفريدة التي تدخل في إعدادها وتقديمها.",47.95 AED,in stock,new,"المحامص الخضراء","تحميص تركي",Food, Beverages & Tobacco > Beverages > Coffee,https://res.cloudinary.com/dgcexgq5g/image/upload/v1751636279/greenroasteries/products/products/TRKH-DK.webp,https://thegreenroasteries.com/product/turkish-dark,TRKH-DK-T-250G,TRKH-DK-T-250G,adult,unisex,"250 g","Arabic Coffee","تحميص تركي","","حبوب كاملة","UAE"
97f96da7-5d53-48f3-ab40-186c36982e32,"تحميـــص داكـــن - 250 g - حبوب مطحونة","تعتبر القهوة التركية فريدة من نوعها لدرجة أنها أدرجت في قائمة التراث الثقافي غير المادي لمنظمة اليونسكو في عام ،2013
وذلك بسبب الممارسات الفريدة التي تدخل في إعدادها وتقديمها.",47.95 AED,in stock,new,"المحامص الخضراء","تحميص تركي",Food, Beverages & Tobacco > Beverages > Coffee,https://res.cloudinary.com/dgcexgq5g/image/upload/v1751636279/greenroasteries/products/products/TRKH-DK.webp,https://thegreenroasteries.com/product/turkish-dark,TRKH-DK-G-250G,TRKH-DK-G-250G,adult,unisex,"250 g","Arabic Coffee","تحميص تركي","","حبوب مطحونة","UAE"
ca84924d-ed04-4926-8c7c-d0042b50da3d,"تحميـــص داكـــن - 500 g - حبوب مطحونة","تعتبر القهوة التركية فريدة من نوعها لدرجة أنها أدرجت في قائمة التراث الثقافي غير المادي لمنظمة اليونسكو في عام ،2013
وذلك بسبب الممارسات الفريدة التي تدخل في إعدادها وتقديمها.",85.00 AED,in stock,new,"المحامص الخضراء","تحميص تركي",Food, Beverages & Tobacco > Beverages > Coffee,https://res.cloudinary.com/dgcexgq5g/image/upload/v1751636279/greenroasteries/products/products/TRKH-DK.webp,https://thegreenroasteries.com/product/turkish-dark,TRKH-DK-G-500G	,TRKH-DK-G-500G	,adult,unisex,"500 g","Arabic Coffee","تحميص تركي","","حبوب مطحونة","UAE"
9c4ca1ac-4c0e-4c85-a386-941c70ab466e,"تحميـــص داكـــن - 500 g - حبوب كاملة","تعتبر القهوة التركية فريدة من نوعها لدرجة أنها أدرجت في قائمة التراث الثقافي غير المادي لمنظمة اليونسكو في عام ،2013
وذلك بسبب الممارسات الفريدة التي تدخل في إعدادها وتقديمها.",85.00 AED,in stock,new,"المحامص الخضراء","تحميص تركي",Food, Beverages & Tobacco > Beverages > Coffee,https://res.cloudinary.com/dgcexgq5g/image/upload/v1751636279/greenroasteries/products/products/TRKH-DK.webp,https://thegreenroasteries.com/product/turkish-dark,TRKH-DK-T-500G,TRKH-DK-T-500G,adult,unisex,"500 g","Arabic Coffee","تحميص تركي","","حبوب كاملة","UAE"
73e28265-9021-4e39-9016-aeaf7370c02d,"خلطـــة الصبـــاح - 500 g - حبوب مطحونة","تعتبر من أشهر مناطق إنتاج القهوة في نيكاراغوا، حيث تتميز بمذاقها السلس والمتوازن باإلضافة إلى نكهة
الشوكوالتة، ويمكن استخدامها لتحضير مجموعة واسعة من أنماط القهوة.",115.00 AED,in stock,new,"المحامص الخضراء","تحميص الإسبريسو",Food, Beverages & Tobacco > Beverages > Coffee,https://res.cloudinary.com/dgcexgq5g/image/upload/v1751636581/greenroasteries/variations/variations/ESS-MOR-BL_var_73e28265-9021-4e39-9016-aeaf7370c02d.webp,https://thegreenroasteries.com/product/morning-blend,ESS-500G-MOR-BL,ESS-500G-MOR-BL,adult,unisex,"500 g","Arabic Coffee","تحميص الإسبريسو","","حبوب مطحونة","UAE"
b49bed4f-44c8-41c3-9a90-e6cb83f508b2,"خلطـــة الصبـــاح - 250 g - حبوب مطحونة","تعتبر من أشهر مناطق إنتاج القهوة في نيكاراغوا، حيث تتميز بمذاقها السلس والمتوازن باإلضافة إلى نكهة
الشوكوالتة، ويمكن استخدامها لتحضير مجموعة واسعة من أنماط القهوة.",64.95 AED,in stock,new,"المحامص الخضراء","تحميص الإسبريسو",Food, Beverages & Tobacco > Beverages > Coffee,https://res.cloudinary.com/dgcexgq5g/image/upload/v1751636643/greenroasteries/variations/variations/ESS-MOR-BL_var_b49bed4f-44c8-41c3-9a90-e6cb83f508b2.webp,https://thegreenroasteries.com/product/morning-blend,ESS-25G-MOR-BL,ESS-25G-MOR-BL,adult,unisex,"250 g","Arabic Coffee","تحميص الإسبريسو","","حبوب مطحونة","UAE"
c42fab50-df44-430a-aadb-cc28d4f81a2b,"خلطـــة الصبـــاح - 250 g - حبوب كاملة","تعتبر من أشهر مناطق إنتاج القهوة في نيكاراغوا، حيث تتميز بمذاقها السلس والمتوازن باإلضافة إلى نكهة
الشوكوالتة، ويمكن استخدامها لتحضير مجموعة واسعة من أنماط القهوة.",64.95 AED,in stock,new,"المحامص الخضراء","تحميص الإسبريسو",Food, Beverages & Tobacco > Beverages > Coffee,https://res.cloudinary.com/dgcexgq5g/image/upload/v1751636637/greenroasteries/variations/variations/ESS-MOR-BL_var_c42fab50-df44-430a-aadb-cc28d4f81a2b.webp,https://thegreenroasteries.com/product/morning-blend,T-ESS-250G-MOR-BL	,T-ESS-250G-MOR-BL	,adult,unisex,"250 g","Arabic Coffee","تحميص الإسبريسو","","حبوب كاملة","UAE"
66fdd6b4-0e4b-446b-a673-5bcf647ea348,"خلطـــة الصبـــاح - 500 g - حبوب كاملة","تعتبر من أشهر مناطق إنتاج القهوة في نيكاراغوا، حيث تتميز بمذاقها السلس والمتوازن باإلضافة إلى نكهة
الشوكوالتة، ويمكن استخدامها لتحضير مجموعة واسعة من أنماط القهوة.",115.00 AED,in stock,new,"المحامص الخضراء","تحميص الإسبريسو",Food, Beverages & Tobacco > Beverages > Coffee,https://res.cloudinary.com/dgcexgq5g/image/upload/v1751636664/greenroasteries/variations/variations/ESS-MOR-BL_var_66fdd6b4-0e4b-446b-a673-5bcf647ea348.webp,https://thegreenroasteries.com/product/morning-blend,T-ESS-500G-MOR-BL,T-ESS-500G-MOR-BL,adult,unisex,"500 g","Arabic Coffee","تحميص الإسبريسو","","حبوب كاملة","UAE"
3eacb312-33c6-44a3-ad0f-bc42b3933103,"خلطـــة الصبـــاح - 1 kg - حبوب كاملة","تعتبر من أشهر مناطق إنتاج القهوة في نيكاراغوا، حيث تتميز بمذاقها السلس والمتوازن باإلضافة إلى نكهة
الشوكوالتة، ويمكن استخدامها لتحضير مجموعة واسعة من أنماط القهوة.",215.00 AED,in stock,new,"المحامص الخضراء","تحميص الإسبريسو",Food, Beverages & Tobacco > Beverages > Coffee,https://res.cloudinary.com/dgcexgq5g/image/upload/v1751636403/greenroasteries/variations/variations/ESS-MOR-BL_var_3eacb312-33c6-44a3-ad0f-bc42b3933103.webp,https://thegreenroasteries.com/product/morning-blend,T-ESS-1KG-MOR-BL,T-ESS-1KG-MOR-BL,adult,unisex,"1 kg","Arabic Coffee","تحميص الإسبريسو","","حبوب كاملة","UAE"
2e5b67f6-d9ce-4330-b2ed-f741e503c153,"خلطـــة الصبـــاح - 1 kg - حبوب مطحونة","تعتبر من أشهر مناطق إنتاج القهوة في نيكاراغوا، حيث تتميز بمذاقها السلس والمتوازن باإلضافة إلى نكهة
الشوكوالتة، ويمكن استخدامها لتحضير مجموعة واسعة من أنماط القهوة.",215.00 AED,in stock,new,"المحامص الخضراء","تحميص الإسبريسو",Food, Beverages & Tobacco > Beverages > Coffee,https://res.cloudinary.com/dgcexgq5g/image/upload/v1751636537/greenroasteries/variations/variations/ESS-MOR-BL_var_2e5b67f6-d9ce-4330-b2ed-f741e503c153.webp,https://thegreenroasteries.com/product/morning-blend,ESS-1KG-MOR-BL,ESS-1KG-MOR-BL,adult,unisex,"1 kg","Arabic Coffee","تحميص الإسبريسو","","حبوب مطحونة","UAE"
60c34974-647c-4384-8834-f8a414893fc7,"قهـــوة تركيـــة داكنـــة - 1 kg - حبوب مطحونة","تعتبر القهوة التركية فريدة من نوعها لدرجة أنها أدرجت في قائمة التراث الثقافي غير المادي لمنظمة اليونسكو في عام ،2013
وذلك بسبب الممارسات الفريدة التي تدخل في إعدادها وتقديمها، مع بهارات خاصة",165.00 AED,in stock,new,"المحامص الخضراء","تحميص تركي",Food, Beverages & Tobacco > Beverages > Coffee,https://res.cloudinary.com/dgcexgq5g/image/upload/v1751636639/greenroasteries/variations/variations/TRKH-SP-DK_var_60c34974-647c-4384-8834-f8a414893fc7.webp,https://thegreenroasteries.com/product/special-turkish-dark,TRKH-SDK-G-1KG,TRKH-SDK-G-1KG,adult,unisex,"1 kg","Arabic Coffee","تحميص تركي","","حبوب مطحونة","UAE"
65f78634-0f79-41e9-9bf3-e4a8939228ac,"قهـــوة تركيـــة داكنـــة - 500 g - حبوب مطحونة","تعتبر القهوة التركية فريدة من نوعها لدرجة أنها أدرجت في قائمة التراث الثقافي غير المادي لمنظمة اليونسكو في عام ،2013
وذلك بسبب الممارسات الفريدة التي تدخل في إعدادها وتقديمها، مع بهارات خاصة",89.95 AED,in stock,new,"المحامص الخضراء","تحميص تركي",Food, Beverages & Tobacco > Beverages > Coffee,https://res.cloudinary.com/dgcexgq5g/image/upload/v1751636642/greenroasteries/variations/variations/TRKH-SP-DK_var_65f78634-0f79-41e9-9bf3-e4a8939228ac.webp,https://thegreenroasteries.com/product/special-turkish-dark,TRKH-SDK-G-500G,TRKH-SDK-G-500G,adult,unisex,"500 g","Arabic Coffee","تحميص تركي","","حبوب مطحونة","UAE"
9450ebd6-2d54-40c7-85e9-05d2a6e03b75,"قهـــوة تركيـــة داكنـــة - 250 g - حبوب مطحونة","تعتبر القهوة التركية فريدة من نوعها لدرجة أنها أدرجت في قائمة التراث الثقافي غير المادي لمنظمة اليونسكو في عام ،2013
وذلك بسبب الممارسات الفريدة التي تدخل في إعدادها وتقديمها، مع بهارات خاصة",49.95 AED,in stock,new,"المحامص الخضراء","تحميص تركي",Food, Beverages & Tobacco > Beverages > Coffee,https://res.cloudinary.com/dgcexgq5g/image/upload/v1751636681/greenroasteries/variations/variations/TRKH-SP-DK_var_9450ebd6-2d54-40c7-85e9-05d2a6e03b75.webp,https://thegreenroasteries.com/product/special-turkish-dark,TRKH-SDK-G-250G,TRKH-SDK-G-250G,adult,unisex,"250 g","Arabic Coffee","تحميص تركي","","حبوب مطحونة","UAE"
658007d4-9955-413d-bde6-638eaf4ee944,"قهـــوة تركيـــة داكنـــة - 250 g - حبوب كاملة","تعتبر القهوة التركية فريدة من نوعها لدرجة أنها أدرجت في قائمة التراث الثقافي غير المادي لمنظمة اليونسكو في عام ،2013
وذلك بسبب الممارسات الفريدة التي تدخل في إعدادها وتقديمها، مع بهارات خاصة",49.95 AED,in stock,new,"المحامص الخضراء","تحميص تركي",Food, Beverages & Tobacco > Beverages > Coffee,https://res.cloudinary.com/dgcexgq5g/image/upload/v1751636684/greenroasteries/variations/variations/TRKH-SP-DK_var_658007d4-9955-413d-bde6-638eaf4ee944.webp,https://thegreenroasteries.com/product/special-turkish-dark,TRKH-SDK-T-250G,TRKH-SDK-T-250G,adult,unisex,"250 g","Arabic Coffee","تحميص تركي","","حبوب كاملة","UAE"
756417df-59f5-421a-b0c8-72c0ad207aa1,"قهـــوة تركيـــة داكنـــة - 500 g - حبوب كاملة","تعتبر القهوة التركية فريدة من نوعها لدرجة أنها أدرجت في قائمة التراث الثقافي غير المادي لمنظمة اليونسكو في عام ،2013
وذلك بسبب الممارسات الفريدة التي تدخل في إعدادها وتقديمها، مع بهارات خاصة",89.95 AED,in stock,new,"المحامص الخضراء","تحميص تركي",Food, Beverages & Tobacco > Beverages > Coffee,https://res.cloudinary.com/dgcexgq5g/image/upload/v1751636644/greenroasteries/variations/variations/TRKH-SP-DK_var_756417df-59f5-421a-b0c8-72c0ad207aa1.webp,https://thegreenroasteries.com/product/special-turkish-dark,TRKH-SDK-T-500G,TRKH-SDK-T-500G,adult,unisex,"500 g","Arabic Coffee","تحميص تركي","","حبوب كاملة","UAE"
5b46e8f1-7081-4905-9085-ba3638ae80ac,"قهـــوة تركيـــة داكنـــة - 1 kg - حبوب كاملة","تعتبر القهوة التركية فريدة من نوعها لدرجة أنها أدرجت في قائمة التراث الثقافي غير المادي لمنظمة اليونسكو في عام ،2013
وذلك بسبب الممارسات الفريدة التي تدخل في إعدادها وتقديمها، مع بهارات خاصة",165.00 AED,in stock,new,"المحامص الخضراء","تحميص تركي",Food, Beverages & Tobacco > Beverages > Coffee,https://res.cloudinary.com/dgcexgq5g/image/upload/v1751636646/greenroasteries/variations/variations/TRKH-SP-DK_var_5b46e8f1-7081-4905-9085-ba3638ae80ac.webp,https://thegreenroasteries.com/product/special-turkish-dark,TRKH-SDK-T-1KG,TRKH-SDK-T-1KG,adult,unisex,"1 kg","Arabic Coffee","تحميص تركي","","حبوب كاملة","UAE"
3dd799b6-bf56-4e8a-8386-de971693e5c0,"نيكاراغـــوا - 1 kg - حبوب كاملة","تعتبر من أشهر مناطق إنتاج القهوة في نيكاراغوا، حيث تتميز بمذاقها السلس والمتوازن باإلضافة إلى نكهة
الشوكوالتة، ويمكن استخدامها لتحضير مجموعة واسعة من أنماط القهوة.",239.95 AED,in stock,new,"المحامص الخضراء","تحميص الإسبريسو",Food, Beverages & Tobacco > Beverages > Coffee,https://res.cloudinary.com/dgcexgq5g/image/upload/v1751636552/greenroasteries/variations/variations/NIC-ESPRS-ROAS_var_3dd799b6-bf56-4e8a-8386-de971693e5c0.webp,https://thegreenroasteries.com/product/nicaragua-1,ESS-1KG-NIC-T,ESS-1KG-NIC-T,adult,unisex,"1 kg","Arabic Coffee","تحميص الإسبريسو","","حبوب كاملة","UAE"
e5be5366-1085-4e2d-91a4-4a20dcd3a9e2,"نيكاراغـــوا - 500 g - حبوب مطحونة","تعتبر من أشهر مناطق إنتاج القهوة في نيكاراغوا، حيث تتميز بمذاقها السلس والمتوازن باإلضافة إلى نكهة
الشوكوالتة، ويمكن استخدامها لتحضير مجموعة واسعة من أنماط القهوة.",129.95 AED,in stock,new,"المحامص الخضراء","تحميص الإسبريسو",Food, Beverages & Tobacco > Beverages > Coffee,https://res.cloudinary.com/dgcexgq5g/image/upload/v1751636598/greenroasteries/variations/variations/NIC-ESPRS-ROAS_var_e5be5366-1085-4e2d-91a4-4a20dcd3a9e2.webp,https://thegreenroasteries.com/product/nicaragua-1,ESS-500G-NIC-G	,ESS-500G-NIC-G	,adult,unisex,"500 g","Arabic Coffee","تحميص الإسبريسو","","حبوب مطحونة","UAE"
95a20398-4975-42fd-a3d7-220f5d4e5975,"نيكاراغـــوا - 250 g - حبوب كاملة","تعتبر من أشهر مناطق إنتاج القهوة في نيكاراغوا، حيث تتميز بمذاقها السلس والمتوازن باإلضافة إلى نكهة
الشوكوالتة، ويمكن استخدامها لتحضير مجموعة واسعة من أنماط القهوة.",72.95 AED,in stock,new,"المحامص الخضراء","تحميص الإسبريسو",Food, Beverages & Tobacco > Beverages > Coffee,https://res.cloudinary.com/dgcexgq5g/image/upload/v1751636603/greenroasteries/variations/variations/NIC-ESPRS-ROAS_var_95a20398-4975-42fd-a3d7-220f5d4e5975.webp,https://thegreenroasteries.com/product/nicaragua-1,ESS-250G-NIC-T,ESS-250G-NIC-T,adult,unisex,"250 g","Arabic Coffee","تحميص الإسبريسو","","حبوب كاملة","UAE"
cd3e32ce-60cf-4250-923c-e1af14af55a2,"نيكاراغـــوا - 500 g - حبوب كاملة","تعتبر من أشهر مناطق إنتاج القهوة في نيكاراغوا، حيث تتميز بمذاقها السلس والمتوازن باإلضافة إلى نكهة
الشوكوالتة، ويمكن استخدامها لتحضير مجموعة واسعة من أنماط القهوة.",129.95 AED,in stock,new,"المحامص الخضراء","تحميص الإسبريسو",Food, Beverages & Tobacco > Beverages > Coffee,https://res.cloudinary.com/dgcexgq5g/image/upload/v1751636604/greenroasteries/variations/variations/NIC-ESPRS-ROAS_var_cd3e32ce-60cf-4250-923c-e1af14af55a2.webp,https://thegreenroasteries.com/product/nicaragua-1,ESS-500G-NIC-T	,ESS-500G-NIC-T	,adult,unisex,"500 g","Arabic Coffee","تحميص الإسبريسو","","حبوب كاملة","UAE"
c935d772-7d74-4479-9ee8-c1869537a86b,"نيكاراغـــوا - 1 kg - حبوب مطحونة","تعتبر من أشهر مناطق إنتاج القهوة في نيكاراغوا، حيث تتميز بمذاقها السلس والمتوازن باإلضافة إلى نكهة
الشوكوالتة، ويمكن استخدامها لتحضير مجموعة واسعة من أنماط القهوة.",239.95 AED,in stock,new,"المحامص الخضراء","تحميص الإسبريسو",Food, Beverages & Tobacco > Beverages > Coffee,https://res.cloudinary.com/dgcexgq5g/image/upload/v1751636541/greenroasteries/variations/variations/NIC-ESPRS-ROAS_var_c935d772-7d74-4479-9ee8-c1869537a86b.webp,https://thegreenroasteries.com/product/nicaragua-1,ESS-1KG-NIC-G,ESS-1KG-NIC-G,adult,unisex,"1 kg","Arabic Coffee","تحميص الإسبريسو","","حبوب مطحونة","UAE"
c91577fd-4f8b-4d52-a128-3730cf26edd2,"نيكاراغـــوا - 250 g - حبوب مطحونة","تعتبر من أشهر مناطق إنتاج القهوة في نيكاراغوا، حيث تتميز بمذاقها السلس والمتوازن باإلضافة إلى نكهة
الشوكوالتة، ويمكن استخدامها لتحضير مجموعة واسعة من أنماط القهوة.",72.95 AED,in stock,new,"المحامص الخضراء","تحميص الإسبريسو",Food, Beverages & Tobacco > Beverages > Coffee,https://res.cloudinary.com/dgcexgq5g/image/upload/v1751636595/greenroasteries/variations/variations/NIC-ESPRS-ROAS_var_c91577fd-4f8b-4d52-a128-3730cf26edd2.webp,https://thegreenroasteries.com/product/nicaragua-1,ESS-250G-NIC-G,ESS-250G-NIC-G,adult,unisex,"250 g","Arabic Coffee","تحميص الإسبريسو","","حبوب مطحونة","UAE"
221ba131-2875-4ab8-b739-77e813dcdedc,"تشكيلة فواكه مجففة بالتجميد الفاخر - 500 g","",67.95 AED,in stock,new,"المحامص الخضراء","مكسرات وفواكه مجففة",Food, Beverages & Tobacco > Beverages > Coffee,https://res.cloudinary.com/dgcexgq5g/image/upload/v1751636284/greenroasteries/products/products/FRT-LX.webp,https://thegreenroasteries.com/product/premium-freeze-dried-fruit-medley,FRT-LX-500G,FRT-LX-500G,adult,unisex,"500 g","Arabic Coffee","مكسرات وفواكه مجففة","","","UAE"
ca53fc77-c488-45d4-8fc9-99c37ee38f92,"تشكيلة فواكه مجففة بالتجميد الفاخر - 1 kg","",237.95 AED,in stock,new,"المحامص الخضراء","مكسرات وفواكه مجففة",Food, Beverages & Tobacco > Beverages > Coffee,https://res.cloudinary.com/dgcexgq5g/image/upload/v1751636284/greenroasteries/products/products/FRT-LX.webp,https://thegreenroasteries.com/product/premium-freeze-dried-fruit-medley,FRT-LX-1KG,FRT-LX-1KG,adult,unisex,"1 kg","Arabic Coffee","مكسرات وفواكه مجففة","","","UAE"
b2d9ffb9-df6f-4ed3-b24a-7f9a26fb6aa9,"تشكيلة فواكه مجففة بالتجميد الفاخر - 250 g","",49.95 AED,in stock,new,"المحامص الخضراء","مكسرات وفواكه مجففة",Food, Beverages & Tobacco > Beverages > Coffee,https://res.cloudinary.com/dgcexgq5g/image/upload/v1751636284/greenroasteries/products/products/FRT-LX.webp,https://thegreenroasteries.com/product/premium-freeze-dried-fruit-medley,FRT-LX-250G,FRT-LX-250G,adult,unisex,"250 g","Arabic Coffee","مكسرات وفواكه مجففة","","","UAE"
35d917da-2579-4915-95aa-12577cf0c2c5,"توليفة الشوكولاتة 34 قطعة - 535 g","تشكيلة غنية من 6 نكهات متناسقة: كريم الفستق، الشوكولاتة الداكنة، عصا الشوكولاتة، كريب لاتيه، تشيز كيك، وشوكولاتة اللوز. مزيج متكامل من النعومة والعمق يُرضي جميع الأذواق، مقدم في 34 قطعة من الفخامة المتوازنة.",159.00 AED,in stock,new,"المحامص الخضراء","الشوكولاته",Food, Beverages & Tobacco > Beverages > Coffee,https://res.cloudinary.com/dgcexgq5g/image/upload/v1751636686/greenroasteries/variations/variations/Choc-md-34_var_35d917da-2579-4915-95aa-12577cf0c2c5.jpg,https://thegreenroasteries.com/product/choco-harmony-34-pieces,Choc-md-34,Choc-md-34,adult,unisex,"535 g","Arabic Coffee","الشوكولاته","","","UAE"
efca85bd-d294-4ed4-9c8d-ff73553ad420,"خلطـــة الصبـــاح - 1 kg - حبوب مطحونة","محصول مميز من المحامص الخضراء يتمتع المحصول بنوتات غنية وجميلة تتناسب مع محبي مشروبات الفلتر الكالسيكي
الخالي من التعقيد وتبرز حالوة المحصول مع مشروبات الحليب بكل أنواعه ويعتبر هذا المحصول مزيج خاص من اختيارنا
الجود المحاصيل.",215.00 AED,in stock,new,"المحامص الخضراء","قهوة مقطرة",Food, Beverages & Tobacco > Beverages > Coffee,https://res.cloudinary.com/dgcexgq5g/image/upload/v1751636409/greenroasteries/variations/variations/MOR-BLE-MED-ROAS_var_efca85bd-d294-4ed4-9c8d-ff73553ad420.webp,https://thegreenroasteries.com/product/morning-blend-1,MB-1KG-GG,MB-1KG-GG,adult,unisex,"1 kg","Arabic Coffee","قهوة مقطرة","","حبوب مطحونة","UAE"
36dd6748-b141-44c4-9a35-5d12fd0a32d5,"خلطـــة الصبـــاح - 500 g - حبوب كاملة","محصول مميز من المحامص الخضراء يتمتع المحصول بنوتات غنية وجميلة تتناسب مع محبي مشروبات الفلتر الكالسيكي
الخالي من التعقيد وتبرز حالوة المحصول مع مشروبات الحليب بكل أنواعه ويعتبر هذا المحصول مزيج خاص من اختيارنا
الجود المحاصيل.",115.00 AED,in stock,new,"المحامص الخضراء","قهوة مقطرة",Food, Beverages & Tobacco > Beverages > Coffee,https://res.cloudinary.com/dgcexgq5g/image/upload/v1751636450/greenroasteries/variations/variations/MOR-BLE-MED-ROAS_var_36dd6748-b141-44c4-9a35-5d12fd0a32d5.webp,https://thegreenroasteries.com/product/morning-blend-1,MB-500G-WB,MB-500G-WB,adult,unisex,"500 g","Arabic Coffee","قهوة مقطرة","","حبوب كاملة","UAE"
2d1172b2-0817-412e-8c80-7525b1717913,"خلطـــة الصبـــاح - 250 g - حبوب مطحونة","محصول مميز من المحامص الخضراء يتمتع المحصول بنوتات غنية وجميلة تتناسب مع محبي مشروبات الفلتر الكالسيكي
الخالي من التعقيد وتبرز حالوة المحصول مع مشروبات الحليب بكل أنواعه ويعتبر هذا المحصول مزيج خاص من اختيارنا
الجود المحاصيل.",64.95 AED,in stock,new,"المحامص الخضراء","قهوة مقطرة",Food, Beverages & Tobacco > Beverages > Coffee,https://res.cloudinary.com/dgcexgq5g/image/upload/v1751636617/greenroasteries/variations/variations/MOR-BLE-MED-ROAS_var_2d1172b2-0817-412e-8c80-7525b1717913.webp,https://thegreenroasteries.com/product/morning-blend-1,MB-250G-GG,MB-250G-GG,adult,unisex,"250 g","Arabic Coffee","قهوة مقطرة","","حبوب مطحونة","UAE"
893a57f2-c7ba-4b89-82d3-a56ca3454873,"خلطـــة الصبـــاح - 500 g - حبوب مطحونة","محصول مميز من المحامص الخضراء يتمتع المحصول بنوتات غنية وجميلة تتناسب مع محبي مشروبات الفلتر الكالسيكي
الخالي من التعقيد وتبرز حالوة المحصول مع مشروبات الحليب بكل أنواعه ويعتبر هذا المحصول مزيج خاص من اختيارنا
الجود المحاصيل.",115.00 AED,in stock,new,"المحامص الخضراء","قهوة مقطرة",Food, Beverages & Tobacco > Beverages > Coffee,https://res.cloudinary.com/dgcexgq5g/image/upload/v1751636653/greenroasteries/variations/variations/MOR-BLE-MED-ROAS_var_893a57f2-c7ba-4b89-82d3-a56ca3454873.webp,https://thegreenroasteries.com/product/morning-blend-1,MB-500G-GG,MB-500G-GG,adult,unisex,"500 g","Arabic Coffee","قهوة مقطرة","","حبوب مطحونة","UAE"
384d355d-00fe-4720-acc1-c7b9e3ec116e,"خلطـــة الصبـــاح - 1 kg - حبوب كاملة","محصول مميز من المحامص الخضراء يتمتع المحصول بنوتات غنية وجميلة تتناسب مع محبي مشروبات الفلتر الكالسيكي
الخالي من التعقيد وتبرز حالوة المحصول مع مشروبات الحليب بكل أنواعه ويعتبر هذا المحصول مزيج خاص من اختيارنا
الجود المحاصيل.",215.00 AED,in stock,new,"المحامص الخضراء","قهوة مقطرة",Food, Beverages & Tobacco > Beverages > Coffee,https://res.cloudinary.com/dgcexgq5g/image/upload/v1751636419/greenroasteries/variations/variations/MOR-BLE-MED-ROAS_var_384d355d-00fe-4720-acc1-c7b9e3ec116e.webp,https://thegreenroasteries.com/product/morning-blend-1,MB-1KG-WB,MB-1KG-WB,adult,unisex,"1 kg","Arabic Coffee","قهوة مقطرة","","حبوب كاملة","UAE"
6d411896-d58f-498d-b6d9-60f03c8275ff,"خلطـــة الصبـــاح - 250 g - حبوب كاملة","محصول مميز من المحامص الخضراء يتمتع المحصول بنوتات غنية وجميلة تتناسب مع محبي مشروبات الفلتر الكالسيكي
الخالي من التعقيد وتبرز حالوة المحصول مع مشروبات الحليب بكل أنواعه ويعتبر هذا المحصول مزيج خاص من اختيارنا
الجود المحاصيل.",64.95 AED,in stock,new,"المحامص الخضراء","قهوة مقطرة",Food, Beverages & Tobacco > Beverages > Coffee,https://res.cloudinary.com/dgcexgq5g/image/upload/v1751636618/greenroasteries/variations/variations/MOR-BLE-MED-ROAS_var_6d411896-d58f-498d-b6d9-60f03c8275ff.webp,https://thegreenroasteries.com/product/morning-blend-1,MB-250G-WB,MB-250G-WB,adult,unisex,"250 g","Arabic Coffee","قهوة مقطرة","","حبوب كاملة","UAE"
c4cc4d2e-9a5e-48ce-87e8-43864999f51c,"خلطـــة الحصـــن - 1 kg - حبوب كاملة","محصول مميز من المحامص الخضراء يتمتع المحصول بنوتات غنية وجميلة تتناسب مع محبي مشروبات الفلتر الكالسيكي
الخالي من التعقيد وتبرز حالوة المحصول مع مشروبات الحليب بكل أنواعه ويعتبر هذا المحصول مزيج خاص من اختيارنا
الجود المحاصيل.",215.00 AED,in stock,new,"المحامص الخضراء","تحميص الإسبريسو",Food, Beverages & Tobacco > Beverages > Coffee,https://res.cloudinary.com/dgcexgq5g/image/upload/v1751636535/greenroasteries/variations/variations/ESS-MOR-ALHS_var_c4cc4d2e-9a5e-48ce-87e8-43864999f51c.webp,https://thegreenroasteries.com/product/al-hosn-blend,ESS-MOR-T-1KG-ALHS,ESS-MOR-T-1KG-ALHS,adult,unisex,"1 kg","Arabic Coffee","تحميص الإسبريسو","","حبوب كاملة","UAE"
6a9e2afa-ad71-4309-8953-9e1d46d3d073,"خلطـــة الحصـــن - 1 kg - حبوب مطحونة","محصول مميز من المحامص الخضراء يتمتع المحصول بنوتات غنية وجميلة تتناسب مع محبي مشروبات الفلتر الكالسيكي
الخالي من التعقيد وتبرز حالوة المحصول مع مشروبات الحليب بكل أنواعه ويعتبر هذا المحصول مزيج خاص من اختيارنا
الجود المحاصيل.",215.00 AED,in stock,new,"المحامص الخضراء","تحميص الإسبريسو",Food, Beverages & Tobacco > Beverages > Coffee,https://res.cloudinary.com/dgcexgq5g/image/upload/v1751636540/greenroasteries/variations/variations/ESS-MOR-ALHS_var_6a9e2afa-ad71-4309-8953-9e1d46d3d073.webp,https://thegreenroasteries.com/product/al-hosn-blend,ESS-MOR-G-1KG-ALHS,ESS-MOR-G-1KG-ALHS,adult,unisex,"1 kg","Arabic Coffee","تحميص الإسبريسو","","حبوب مطحونة","UAE"
22cccac4-0aa1-4d3c-89b6-05e1a5d25f0a,"خلطـــة الحصـــن - 500 g - حبوب مطحونة","محصول مميز من المحامص الخضراء يتمتع المحصول بنوتات غنية وجميلة تتناسب مع محبي مشروبات الفلتر الكالسيكي
الخالي من التعقيد وتبرز حالوة المحصول مع مشروبات الحليب بكل أنواعه ويعتبر هذا المحصول مزيج خاص من اختيارنا
الجود المحاصيل.",115.00 AED,in stock,new,"المحامص الخضراء","تحميص الإسبريسو",Food, Beverages & Tobacco > Beverages > Coffee,https://res.cloudinary.com/dgcexgq5g/image/upload/v1751636569/greenroasteries/variations/variations/ESS-MOR-ALHS_var_22cccac4-0aa1-4d3c-89b6-05e1a5d25f0a.webp,https://thegreenroasteries.com/product/al-hosn-blend,ESS-MOR-G-500G-ALHS,ESS-MOR-G-500G-ALHS,adult,unisex,"500 g","Arabic Coffee","تحميص الإسبريسو","","حبوب مطحونة","UAE"
5cad7116-3f96-4795-a119-138790cd61c7,"خلطـــة الحصـــن - 250 g - حبوب كاملة","محصول مميز من المحامص الخضراء يتمتع المحصول بنوتات غنية وجميلة تتناسب مع محبي مشروبات الفلتر الكالسيكي
الخالي من التعقيد وتبرز حالوة المحصول مع مشروبات الحليب بكل أنواعه ويعتبر هذا المحصول مزيج خاص من اختيارنا
الجود المحاصيل.",64.95 AED,in stock,new,"المحامص الخضراء","تحميص الإسبريسو",Food, Beverages & Tobacco > Beverages > Coffee,https://res.cloudinary.com/dgcexgq5g/image/upload/v1751636601/greenroasteries/variations/variations/ESS-MOR-ALHS_var_5cad7116-3f96-4795-a119-138790cd61c7.webp,https://thegreenroasteries.com/product/al-hosn-blend,ESS-MOR-T-250G-ALHS,ESS-MOR-T-250G-ALHS,adult,unisex,"250 g","Arabic Coffee","تحميص الإسبريسو","","حبوب كاملة","UAE"
4b221f68-d6af-42b4-9b9d-687a52e118c9,"خلطـــة الحصـــن - 500 g - حبوب كاملة","محصول مميز من المحامص الخضراء يتمتع المحصول بنوتات غنية وجميلة تتناسب مع محبي مشروبات الفلتر الكالسيكي
الخالي من التعقيد وتبرز حالوة المحصول مع مشروبات الحليب بكل أنواعه ويعتبر هذا المحصول مزيج خاص من اختيارنا
الجود المحاصيل.",115.00 AED,in stock,new,"المحامص الخضراء","تحميص الإسبريسو",Food, Beverages & Tobacco > Beverages > Coffee,https://res.cloudinary.com/dgcexgq5g/image/upload/v1751636573/greenroasteries/variations/variations/ESS-MOR-ALHS_var_4b221f68-d6af-42b4-9b9d-687a52e118c9.webp,https://thegreenroasteries.com/product/al-hosn-blend,ESS-MOR-T-500G-ALHS,ESS-MOR-T-500G-ALHS,adult,unisex,"500 g","Arabic Coffee","تحميص الإسبريسو","","حبوب كاملة","UAE"
97026a27-05f6-432f-8fb9-bebb7077773b,"خلطـــة الحصـــن - 250 g - حبوب مطحونة","محصول مميز من المحامص الخضراء يتمتع المحصول بنوتات غنية وجميلة تتناسب مع محبي مشروبات الفلتر الكالسيكي
الخالي من التعقيد وتبرز حالوة المحصول مع مشروبات الحليب بكل أنواعه ويعتبر هذا المحصول مزيج خاص من اختيارنا
الجود المحاصيل.",64.95 AED,in stock,new,"المحامص الخضراء","تحميص الإسبريسو",Food, Beverages & Tobacco > Beverages > Coffee,https://res.cloudinary.com/dgcexgq5g/image/upload/v1751636590/greenroasteries/variations/variations/ESS-MOR-ALHS_var_97026a27-05f6-432f-8fb9-bebb7077773b.webp,https://thegreenroasteries.com/product/al-hosn-blend,ESS-MOR-G-250G-ALHS,ESS-MOR-G-250G-ALHS,adult,unisex,"250 g","Arabic Coffee","تحميص الإسبريسو","","حبوب مطحونة","UAE"
f0a88d02-241e-46f0-ad8f-a40e797af880,"تشكيلة الذوق 27 قطعة - 545 g","545 غرام من الشوكولاتة الفاخرة في 27 قطعة تجمع بين النكهات الكلاسيكية والمحببة: روكي رود، بسكويت أوريو، لوكر بالحليب، وكريمة اللوتس. توليفة ناعمة وغنية تلائم جميع الأذواق، مثالية للإهداء أو التذوق الشخصي.",149.00 AED,in stock,new,"المحامص الخضراء","الشوكولاته",Food, Beverages & Tobacco > Beverages > Coffee,https://res.cloudinary.com/dgcexgq5g/image/upload/v1751636678/greenroasteries/variations/variations/Choc-md-27_var_f0a88d02-241e-46f0-ad8f-a40e797af880.jpg,https://thegreenroasteries.com/product/taste-collection-27-pieces,Choc-md-27-545,Choc-md-27-545,adult,unisex,"545 g","Arabic Coffee","الشوكولاته","","","UAE"
e5d449dd-32ba-4663-b057-7cda882e1e94,"خلطـــة الليـــل - 1 kg - حبوب كاملة","محصول مميز من المحامص الخضراء يتمتع المحصول بنوتات غنية وجميلة تتناسب مع محبي مشروبات الفلتر الكالسيكي
الخالي من التعقيد وتبرز حالوة المحصول مع مشروبات الحليب بكل أنواعه ويعتبر هذا المحصول مزيج خاص من اختيارنا
الجود المحاصيل.",215.00 AED,in stock,new,"المحامص الخضراء","تحميص الإسبريسو",Food, Beverages & Tobacco > Beverages > Coffee,https://res.cloudinary.com/dgcexgq5g/image/upload/v1751636533/greenroasteries/variations/variations/ESS-MOR-EV_var_e5d449dd-32ba-4663-b057-7cda882e1e94.webp,https://thegreenroasteries.com/product/evening-blend,ESS-MOR-T-1KG-EV,ESS-MOR-T-1KG-EV,adult,unisex,"1 kg","Arabic Coffee","تحميص الإسبريسو","","حبوب كاملة","UAE"
ce217316-5054-4196-8ede-fe7f9e774a3b,"خلطـــة الليـــل - 1 kg - حبوب مطحونة","محصول مميز من المحامص الخضراء يتمتع المحصول بنوتات غنية وجميلة تتناسب مع محبي مشروبات الفلتر الكالسيكي
الخالي من التعقيد وتبرز حالوة المحصول مع مشروبات الحليب بكل أنواعه ويعتبر هذا المحصول مزيج خاص من اختيارنا
الجود المحاصيل.",215.00 AED,in stock,new,"المحامص الخضراء","تحميص الإسبريسو",Food, Beverages & Tobacco > Beverages > Coffee,https://res.cloudinary.com/dgcexgq5g/image/upload/v1751636550/greenroasteries/variations/variations/ESS-MOR-EV_var_ce217316-5054-4196-8ede-fe7f9e774a3b.webp,https://thegreenroasteries.com/product/evening-blend,ESS-MOR-G-1KG-EV,ESS-MOR-G-1KG-EV,adult,unisex,"1 kg","Arabic Coffee","تحميص الإسبريسو","","حبوب مطحونة","UAE"
5e035583-2474-4cb2-b458-45497f04d9b5,"خلطـــة الليـــل - 500 g - حبوب مطحونة","محصول مميز من المحامص الخضراء يتمتع المحصول بنوتات غنية وجميلة تتناسب مع محبي مشروبات الفلتر الكالسيكي
الخالي من التعقيد وتبرز حالوة المحصول مع مشروبات الحليب بكل أنواعه ويعتبر هذا المحصول مزيج خاص من اختيارنا
الجود المحاصيل.",115.00 AED,in stock,new,"المحامص الخضراء","تحميص الإسبريسو",Food, Beverages & Tobacco > Beverages > Coffee,https://res.cloudinary.com/dgcexgq5g/image/upload/v1751636594/greenroasteries/variations/variations/ESS-MOR-EV_var_5e035583-2474-4cb2-b458-45497f04d9b5.webp,https://thegreenroasteries.com/product/evening-blend,ESS-MOR-G-500G-EV,ESS-MOR-G-500G-EV,adult,unisex,"500 g","Arabic Coffee","تحميص الإسبريسو","","حبوب مطحونة","UAE"
4431968c-81d0-457c-8e24-64d0228d571e,"خلطـــة الليـــل - 250 g - حبوب كاملة","محصول مميز من المحامص الخضراء يتمتع المحصول بنوتات غنية وجميلة تتناسب مع محبي مشروبات الفلتر الكالسيكي
الخالي من التعقيد وتبرز حالوة المحصول مع مشروبات الحليب بكل أنواعه ويعتبر هذا المحصول مزيج خاص من اختيارنا
الجود المحاصيل.",64.95 AED,in stock,new,"المحامص الخضراء","تحميص الإسبريسو",Food, Beverages & Tobacco > Beverages > Coffee,https://res.cloudinary.com/dgcexgq5g/image/upload/v1751636609/greenroasteries/variations/variations/ESS-MOR-EV_var_4431968c-81d0-457c-8e24-64d0228d571e.webp,https://thegreenroasteries.com/product/evening-blend,ESS-MOR-T-250G-EV,ESS-MOR-T-250G-EV,adult,unisex,"250 g","Arabic Coffee","تحميص الإسبريسو","","حبوب كاملة","UAE"
254ac179-42d7-4342-953a-0fb7b72e4aca,"خلطـــة الليـــل - 250 g - حبوب مطحونة","محصول مميز من المحامص الخضراء يتمتع المحصول بنوتات غنية وجميلة تتناسب مع محبي مشروبات الفلتر الكالسيكي
الخالي من التعقيد وتبرز حالوة المحصول مع مشروبات الحليب بكل أنواعه ويعتبر هذا المحصول مزيج خاص من اختيارنا
الجود المحاصيل.",64.95 AED,in stock,new,"المحامص الخضراء","تحميص الإسبريسو",Food, Beverages & Tobacco > Beverages > Coffee,https://res.cloudinary.com/dgcexgq5g/image/upload/v1751636585/greenroasteries/variations/variations/ESS-MOR-EV_var_254ac179-42d7-4342-953a-0fb7b72e4aca.webp,https://thegreenroasteries.com/product/evening-blend,ESS-MOR-G-250G-EV,ESS-MOR-G-250G-EV,adult,unisex,"250 g","Arabic Coffee","تحميص الإسبريسو","","حبوب مطحونة","UAE"
92851e22-b585-4efa-88ab-558fb2492f85,"خلطـــة الليـــل - 500 g - حبوب كاملة","محصول مميز من المحامص الخضراء يتمتع المحصول بنوتات غنية وجميلة تتناسب مع محبي مشروبات الفلتر الكالسيكي
الخالي من التعقيد وتبرز حالوة المحصول مع مشروبات الحليب بكل أنواعه ويعتبر هذا المحصول مزيج خاص من اختيارنا
الجود المحاصيل.",115.00 AED,in stock,new,"المحامص الخضراء","تحميص الإسبريسو",Food, Beverages & Tobacco > Beverages > Coffee,https://res.cloudinary.com/dgcexgq5g/image/upload/v1751636607/greenroasteries/variations/variations/ESS-MOR-EV_var_92851e22-b585-4efa-88ab-558fb2492f85.webp,https://thegreenroasteries.com/product/evening-blend,ESS-MOR-T-500G-EV,ESS-MOR-T-500G-EV,adult,unisex,"500 g","Arabic Coffee","تحميص الإسبريسو","","حبوب كاملة","UAE"
465ee165-c8e5-41c5-8677-e9d104df45f4,"مزيج المكسرات الفاخر المملح - 1 kg","ارتق بمتعتك مع مزيج المكسرات الفاخر المملح—خليط فاخر من الكاجو الفاخر، واللوز المقرمش، والفستق النابض بالنكهة، يتم انتقاؤها بعناية لحجمها المثالي وطعمها الرائع. يُحمص كل نوع جافاً حتى يصبح ذهبياً ومقرمشاً، ثم يُرش بلمسة خفيفة من ملح البحر. يقدم هذا المزيج تناغماً مميزاً بين القوام الكريمي والنكهات الزبدية والحلاوة الخفيفة في كل قضمة. مثالي للضيافة الراقية، أو كوجبة خفيفة منعشة بعد الظهر، أو لإضفاء لمسة فاخرة على لوحات الجبن والمشاركوتيري.",112.51 AED,in stock,new,"المحامص الخضراء","مكسرات وفواكه مجففة",Food, Beverages & Tobacco > Beverages > Coffee,https://res.cloudinary.com/dgcexgq5g/image/upload/v1751636295/greenroasteries/products/products/MX-SLT.jpg,https://thegreenroasteries.com/product/salted-mix,MX-SLT-2501KG,MX-SLT-2501KG,adult,unisex,"1 kg","Arabic Coffee","مكسرات وفواكه مجففة","","","UAE"
0400d9f9-d099-45d8-a3cf-f482a0f6696f,"مزيج المكسرات الفاخر المملح - 500 g","ارتق بمتعتك مع مزيج المكسرات الفاخر المملح—خليط فاخر من الكاجو الفاخر، واللوز المقرمش، والفستق النابض بالنكهة، يتم انتقاؤها بعناية لحجمها المثالي وطعمها الرائع. يُحمص كل نوع جافاً حتى يصبح ذهبياً ومقرمشاً، ثم يُرش بلمسة خفيفة من ملح البحر. يقدم هذا المزيج تناغماً مميزاً بين القوام الكريمي والنكهات الزبدية والحلاوة الخفيفة في كل قضمة. مثالي للضيافة الراقية، أو كوجبة خفيفة منعشة بعد الظهر، أو لإضفاء لمسة فاخرة على لوحات الجبن والمشاركوتيري.",67.59 AED,in stock,new,"المحامص الخضراء","مكسرات وفواكه مجففة",Food, Beverages & Tobacco > Beverages > Coffee,https://res.cloudinary.com/dgcexgq5g/image/upload/v1751636295/greenroasteries/products/products/MX-SLT.jpg,https://thegreenroasteries.com/product/salted-mix,MX-SLT-500G,MX-SLT-500G,adult,unisex,"500 g","Arabic Coffee","مكسرات وفواكه مجففة","","","UAE"
e20f99cf-ebfc-4faf-9cfa-8320aaabdf95,"مزيج المكسرات الفاخر المملح - 250 g","ارتق بمتعتك مع مزيج المكسرات الفاخر المملح—خليط فاخر من الكاجو الفاخر، واللوز المقرمش، والفستق النابض بالنكهة، يتم انتقاؤها بعناية لحجمها المثالي وطعمها الرائع. يُحمص كل نوع جافاً حتى يصبح ذهبياً ومقرمشاً، ثم يُرش بلمسة خفيفة من ملح البحر. يقدم هذا المزيج تناغماً مميزاً بين القوام الكريمي والنكهات الزبدية والحلاوة الخفيفة في كل قضمة. مثالي للضيافة الراقية، أو كوجبة خفيفة منعشة بعد الظهر، أو لإضفاء لمسة فاخرة على لوحات الجبن والمشاركوتيري.",49.95 AED,in stock,new,"المحامص الخضراء","مكسرات وفواكه مجففة",Food, Beverages & Tobacco > Beverages > Coffee,https://res.cloudinary.com/dgcexgq5g/image/upload/v1751636295/greenroasteries/products/products/MX-SLT.jpg,https://thegreenroasteries.com/product/salted-mix,MX-SLT-250G,MX-SLT-250G,adult,unisex,"250 g","Arabic Coffee","مكسرات وفواكه مجففة","","","UAE"
6d07e5de-86fe-40b1-89f5-14542d1f8b44,"زبيب أسود فاخر - 250 g","يُصنع هذا الزبيب الأسود الفاخر من عنبٍ بلا بذورٍ ناضجٍ تحت ضوء الشمس، حيث يجفف بعناية ليتركز نكهته الغنية الطبيعية. يتميز كل حبة بقوام طري ومضغٍ يشتهر بنكهة العنب المكثفة ولمسة من الكراميل البني. مثالي للتناول مباشرةً، أو إضافته إلى الشوفان الساخن، أو خبزه في الخبز والكوكيز، أو تقديمه مع الأجبان القوية للحصول على تباينٍ راقٍ.",13.95 AED,in stock,new,"المحامص الخضراء","مكسرات وفواكه مجففة",Food, Beverages & Tobacco > Beverages > Coffee,https://res.cloudinary.com/dgcexgq5g/image/upload/v1751636298/greenroasteries/products/products/NT-BLK-RS.webp,https://thegreenroasteries.com/product/premium-black-raisins,SNK-RSB-250G,SNK-RSB-250G,adult,unisex,"250 g","Arabic Coffee","مكسرات وفواكه مجففة","","","UAE"
8756f0b8-4b97-425f-9848-6dee204f092b,"زبيب أسود فاخر - 500 g","يُصنع هذا الزبيب الأسود الفاخر من عنبٍ بلا بذورٍ ناضجٍ تحت ضوء الشمس، حيث يجفف بعناية ليتركز نكهته الغنية الطبيعية. يتميز كل حبة بقوام طري ومضغٍ يشتهر بنكهة العنب المكثفة ولمسة من الكراميل البني. مثالي للتناول مباشرةً، أو إضافته إلى الشوفان الساخن، أو خبزه في الخبز والكوكيز، أو تقديمه مع الأجبان القوية للحصول على تباينٍ راقٍ.",25.95 AED,in stock,new,"المحامص الخضراء","مكسرات وفواكه مجففة",Food, Beverages & Tobacco > Beverages > Coffee,https://res.cloudinary.com/dgcexgq5g/image/upload/v1751636298/greenroasteries/products/products/NT-BLK-RS.webp,https://thegreenroasteries.com/product/premium-black-raisins,SNK-RSB-500G,SNK-RSB-500G,adult,unisex,"500 g","Arabic Coffee","مكسرات وفواكه مجففة","","","UAE"
9c33f6ca-02df-409c-baed-459142c7057a,"زبيب أسود فاخر - 1 kg","يُصنع هذا الزبيب الأسود الفاخر من عنبٍ بلا بذورٍ ناضجٍ تحت ضوء الشمس، حيث يجفف بعناية ليتركز نكهته الغنية الطبيعية. يتميز كل حبة بقوام طري ومضغٍ يشتهر بنكهة العنب المكثفة ولمسة من الكراميل البني. مثالي للتناول مباشرةً، أو إضافته إلى الشوفان الساخن، أو خبزه في الخبز والكوكيز، أو تقديمه مع الأجبان القوية للحصول على تباينٍ راقٍ.",44.95 AED,in stock,new,"المحامص الخضراء","مكسرات وفواكه مجففة",Food, Beverages & Tobacco > Beverages > Coffee,https://res.cloudinary.com/dgcexgq5g/image/upload/v1751636298/greenroasteries/products/products/NT-BLK-RS.webp,https://thegreenroasteries.com/product/premium-black-raisins,SNK-RSB-1KG,SNK-RSB-1KG,adult,unisex,"1 kg","Arabic Coffee","مكسرات وفواكه مجففة","","","UAE"
07c2fcc4-11a0-412d-8efa-aa139327a0e9,"حمص محمص بالملح الكلاسيكي - 250 g","اكتشف قرمشة لا تُقاوم مع حمص محمص بملح البحر الكلاسيكي. تُحمص حبات الحمص الفاخرة جافاً حتى تصبح ذهبية ومقرمشة، ثم يُرش عليها بخفة ملح البحر النقي لإبراز نكهتها المكسرية الطبيعية. هذه الوجبة الخفيفة المليئة بالبروتين تمنحك قرمشة مُرضية في كل قضمة—مثالية للتناول أثناء التنقل، أو لإضافتها إلى السلطات، أو لتقديمها مع الصلصات لمذاق صحي ومميز.",10.95 AED,in stock,new,"المحامص الخضراء","مكسرات وفواكه مجففة",Food, Beverages & Tobacco > Beverages > Coffee,https://res.cloudinary.com/dgcexgq5g/image/upload/v1751636293/greenroasteries/products/products/CHKP-CLS.webp,https://thegreenroasteries.com/product/classic-salt-roasted-chickpeas,SNK-CP-250G,SNK-CP-250G,adult,unisex,"250 g","Arabic Coffee","مكسرات وفواكه مجففة","","","UAE"
6ec54d19-8b3c-4c36-9534-dfaeaf2bbaf2,"حمص محمص بالملح الكلاسيكي - 1 kg","اكتشف قرمشة لا تُقاوم مع حمص محمص بملح البحر الكلاسيكي. تُحمص حبات الحمص الفاخرة جافاً حتى تصبح ذهبية ومقرمشة، ثم يُرش عليها بخفة ملح البحر النقي لإبراز نكهتها المكسرية الطبيعية. هذه الوجبة الخفيفة المليئة بالبروتين تمنحك قرمشة مُرضية في كل قضمة—مثالية للتناول أثناء التنقل، أو لإضافتها إلى السلطات، أو لتقديمها مع الصلصات لمذاق صحي ومميز.",34.95 AED,in stock,new,"المحامص الخضراء","مكسرات وفواكه مجففة",Food, Beverages & Tobacco > Beverages > Coffee,https://res.cloudinary.com/dgcexgq5g/image/upload/v1751636293/greenroasteries/products/products/CHKP-CLS.webp,https://thegreenroasteries.com/product/classic-salt-roasted-chickpeas,CLA-NUT-1-7062,CLA-NUT-1-7062,adult,unisex,"1 kg","Arabic Coffee","مكسرات وفواكه مجففة","","","UAE"
9ab568c8-a793-4487-a2fc-647488fd9db0,"حمص محمص بالملح الكلاسيكي - 500 g","اكتشف قرمشة لا تُقاوم مع حمص محمص بملح البحر الكلاسيكي. تُحمص حبات الحمص الفاخرة جافاً حتى تصبح ذهبية ومقرمشة، ثم يُرش عليها بخفة ملح البحر النقي لإبراز نكهتها المكسرية الطبيعية. هذه الوجبة الخفيفة المليئة بالبروتين تمنحك قرمشة مُرضية في كل قضمة—مثالية للتناول أثناء التنقل، أو لإضافتها إلى السلطات، أو لتقديمها مع الصلصات لمذاق صحي ومميز.",19.95 AED,in stock,new,"المحامص الخضراء","مكسرات وفواكه مجففة",Food, Beverages & Tobacco > Beverages > Coffee,https://res.cloudinary.com/dgcexgq5g/image/upload/v1751636293/greenroasteries/products/products/CHKP-CLS.webp,https://thegreenroasteries.com/product/classic-salt-roasted-chickpeas,SNK-CP-500G,SNK-CP-500G,adult,unisex,"500 g","Arabic Coffee","مكسرات وفواكه مجففة","","","UAE"
d8e565e8-01fa-4e9c-aae2-065f87e37b14,"هـــاوس بلينـــد - 1 kg - حبوب كاملة","محصول مميز من المحامص الخضراء يتمتع المحصول بنوتات غنية وجميلة تتناسب مع محبي مشروبات الفلتر الكالسيكي
الخالي من التعقيد وتبرز حالوة المحصول مع مشروبات الحليب بكل أنواعه ويعتبر هذا المحصول مزيج خاص من اختيارنا
الجود المحاصيل.",235.00 AED,in stock,new,"المحامص الخضراء","تحميص الإسبريسو",Food, Beverages & Tobacco > Beverages > Coffee,https://res.cloudinary.com/dgcexgq5g/image/upload/v1751636538/greenroasteries/variations/variations/ESS-HSB_var_d8e565e8-01fa-4e9c-aae2-065f87e37b14.webp,https://thegreenroasteries.com/product/house-blend,T-1KG-ESS-HSB,T-1KG-ESS-HSB,adult,unisex,"1 kg","Arabic Coffee","تحميص الإسبريسو","","حبوب كاملة","UAE"
80b9914e-dd26-44ff-b5ae-24a8755ba131,"هـــاوس بلينـــد - 1 kg - حبوب مطحونة","محصول مميز من المحامص الخضراء يتمتع المحصول بنوتات غنية وجميلة تتناسب مع محبي مشروبات الفلتر الكالسيكي
الخالي من التعقيد وتبرز حالوة المحصول مع مشروبات الحليب بكل أنواعه ويعتبر هذا المحصول مزيج خاص من اختيارنا
الجود المحاصيل.",235.00 AED,in stock,new,"المحامص الخضراء","تحميص الإسبريسو",Food, Beverages & Tobacco > Beverages > Coffee,https://res.cloudinary.com/dgcexgq5g/image/upload/v1751636544/greenroasteries/variations/variations/ESS-HSB_var_80b9914e-dd26-44ff-b5ae-24a8755ba131.webp,https://thegreenroasteries.com/product/house-blend,G-1KG-ESS-HSB,G-1KG-ESS-HSB,adult,unisex,"1 kg","Arabic Coffee","تحميص الإسبريسو","","حبوب مطحونة","UAE"
6688c796-0647-4050-85cd-ff5d7f61583a,"هـــاوس بلينـــد - 250 g - حبوب مطحونة","محصول مميز من المحامص الخضراء يتمتع المحصول بنوتات غنية وجميلة تتناسب مع محبي مشروبات الفلتر الكالسيكي
الخالي من التعقيد وتبرز حالوة المحصول مع مشروبات الحليب بكل أنواعه ويعتبر هذا المحصول مزيج خاص من اختيارنا
الجود المحاصيل.",69.95 AED,in stock,new,"المحامص الخضراء","تحميص الإسبريسو",Food, Beverages & Tobacco > Beverages > Coffee,https://res.cloudinary.com/dgcexgq5g/image/upload/v1751636610/greenroasteries/variations/variations/ESS-HSB_var_6688c796-0647-4050-85cd-ff5d7f61583a.webp,https://thegreenroasteries.com/product/house-blend,G-250G-ESS-HSB,G-250G-ESS-HSB,adult,unisex,"250 g","Arabic Coffee","تحميص الإسبريسو","","حبوب مطحونة","UAE"
76a9bb37-b9a6-4a48-9319-23e4bc60cabd,"هـــاوس بلينـــد - 500 g - حبوب مطحونة","محصول مميز من المحامص الخضراء يتمتع المحصول بنوتات غنية وجميلة تتناسب مع محبي مشروبات الفلتر الكالسيكي
الخالي من التعقيد وتبرز حالوة المحصول مع مشروبات الحليب بكل أنواعه ويعتبر هذا المحصول مزيج خاص من اختيارنا
الجود المحاصيل.",125.00 AED,in stock,new,"المحامص الخضراء","تحميص الإسبريسو",Food, Beverages & Tobacco > Beverages > Coffee,https://res.cloudinary.com/dgcexgq5g/image/upload/v1751636612/greenroasteries/variations/variations/ESS-HSB_var_76a9bb37-b9a6-4a48-9319-23e4bc60cabd.webp,https://thegreenroasteries.com/product/house-blend,G-500G-ESS-HSB,G-500G-ESS-HSB,adult,unisex,"500 g","Arabic Coffee","تحميص الإسبريسو","","حبوب مطحونة","UAE"
389ccba2-2bb5-4744-9293-ca932d4320f9,"هـــاوس بلينـــد - 500 g - حبوب كاملة","محصول مميز من المحامص الخضراء يتمتع المحصول بنوتات غنية وجميلة تتناسب مع محبي مشروبات الفلتر الكالسيكي
الخالي من التعقيد وتبرز حالوة المحصول مع مشروبات الحليب بكل أنواعه ويعتبر هذا المحصول مزيج خاص من اختيارنا
الجود المحاصيل.",125.00 AED,in stock,new,"المحامص الخضراء","تحميص الإسبريسو",Food, Beverages & Tobacco > Beverages > Coffee,https://res.cloudinary.com/dgcexgq5g/image/upload/v1751636636/greenroasteries/variations/variations/ESS-HSB_var_389ccba2-2bb5-4744-9293-ca932d4320f9.webp,https://thegreenroasteries.com/product/house-blend,T-500G-ESS-HSB,T-500G-ESS-HSB,adult,unisex,"500 g","Arabic Coffee","تحميص الإسبريسو","","حبوب كاملة","UAE"
723e3458-43ca-4a06-a162-1f2f296550ff,"هـــاوس بلينـــد - 250 g - حبوب كاملة","محصول مميز من المحامص الخضراء يتمتع المحصول بنوتات غنية وجميلة تتناسب مع محبي مشروبات الفلتر الكالسيكي
الخالي من التعقيد وتبرز حالوة المحصول مع مشروبات الحليب بكل أنواعه ويعتبر هذا المحصول مزيج خاص من اختيارنا
الجود المحاصيل.",69.95 AED,in stock,new,"المحامص الخضراء","تحميص الإسبريسو",Food, Beverages & Tobacco > Beverages > Coffee,https://res.cloudinary.com/dgcexgq5g/image/upload/v1751636661/greenroasteries/variations/variations/ESS-HSB_var_723e3458-43ca-4a06-a162-1f2f296550ff.webp,https://thegreenroasteries.com/product/house-blend,T-250G-ESS-HSB,T-250G-ESS-HSB,adult,unisex,"250 g","Arabic Coffee","تحميص الإسبريسو","","حبوب كاملة","UAE"
d2f10ace-0cf8-4b32-a517-250f880d11f2,"فستق حلبي حار بالتشيلي - 500 g","تم تحميص حبات الفستق الحلبي الفاخرة حتى تكتسب لونًا ذهبيًا مميزًا، ثم تُغطى بمزيج توابل الشيلي الحار مع لمسة من الليمون الحامض. عند تشقّق القشرة الحمراء البرتقالية، تكشف عن لبٍّ أخضر ناعم غنيّ بالزبدة، يتوازن فيه الطعم المدخّن الحار مع نكهة الحمضيات المنعشة ولمسات الأومامي المالحة. مثالية للتناول مباشرة من الوعاء، أو إضافة قرمشة حارة للسلطات، أو الترافق مع مشروبك المفضل باردًا—ستُشعل هذه الفستق الحلبي الحار حاسة التذوق لديك وستجعلك تطلب المزيد.",67.97 AED,in stock,new,"المحامص الخضراء","مكسرات وفواكه مجففة",Food, Beverages & Tobacco > Beverages > Coffee,https://res.cloudinary.com/dgcexgq5g/image/upload/v1751636303/greenroasteries/products/products/NT-PS-CH.webp,https://thegreenroasteries.com/product/fiery-chili-pistachios,NT-PS-CH-500G,NT-PS-CH-500G,adult,unisex,"500 g","Arabic Coffee","مكسرات وفواكه مجففة","","","UAE"
8903f359-6bdf-4867-9315-5406bdd2651b,"فستق حلبي حار بالتشيلي - 1 kg","تم تحميص حبات الفستق الحلبي الفاخرة حتى تكتسب لونًا ذهبيًا مميزًا، ثم تُغطى بمزيج توابل الشيلي الحار مع لمسة من الليمون الحامض. عند تشقّق القشرة الحمراء البرتقالية، تكشف عن لبٍّ أخضر ناعم غنيّ بالزبدة، يتوازن فيه الطعم المدخّن الحار مع نكهة الحمضيات المنعشة ولمسات الأومامي المالحة. مثالية للتناول مباشرة من الوعاء، أو إضافة قرمشة حارة للسلطات، أو الترافق مع مشروبك المفضل باردًا—ستُشعل هذه الفستق الحلبي الحار حاسة التذوق لديك وستجعلك تطلب المزيد.",125.95 AED,in stock,new,"المحامص الخضراء","مكسرات وفواكه مجففة",Food, Beverages & Tobacco > Beverages > Coffee,https://res.cloudinary.com/dgcexgq5g/image/upload/v1751636303/greenroasteries/products/products/NT-PS-CH.webp,https://thegreenroasteries.com/product/fiery-chili-pistachios,NT-PS-CH-1KG,NT-PS-CH-1KG,adult,unisex,"1 kg","Arabic Coffee","مكسرات وفواكه مجففة","","","UAE"
d5362f71-f8b4-4bc9-aa9c-6e4391d07262,"فستق حلبي حار بالتشيلي - 250 g","تم تحميص حبات الفستق الحلبي الفاخرة حتى تكتسب لونًا ذهبيًا مميزًا، ثم تُغطى بمزيج توابل الشيلي الحار مع لمسة من الليمون الحامض. عند تشقّق القشرة الحمراء البرتقالية، تكشف عن لبٍّ أخضر ناعم غنيّ بالزبدة، يتوازن فيه الطعم المدخّن الحار مع نكهة الحمضيات المنعشة ولمسات الأومامي المالحة. مثالية للتناول مباشرة من الوعاء، أو إضافة قرمشة حارة للسلطات، أو الترافق مع مشروبك المفضل باردًا—ستُشعل هذه الفستق الحلبي الحار حاسة التذوق لديك وستجعلك تطلب المزيد.",48.95 AED,in stock,new,"المحامص الخضراء","مكسرات وفواكه مجففة",Food, Beverages & Tobacco > Beverages > Coffee,https://res.cloudinary.com/dgcexgq5g/image/upload/v1751636303/greenroasteries/products/products/NT-PS-CH.webp,https://thegreenroasteries.com/product/fiery-chili-pistachios,NT-PS-CH-250G,NT-PS-CH-250G,adult,unisex,"250 g","Arabic Coffee","مكسرات وفواكه مجففة","","","UAE"
e9317e62-985f-4d6c-9d87-1da6f5704486,"جوز مكاداميا بالقشر - 250 g","استمتع بتجربة تناول جوز المكاداميا بالقشر الفاخرة. كل حبة مختارة بعناية تأتي في قشرتها الصلبة الطبيعية، محفورة بفتحة لتسهيل الكسر، ومحروشة بخفّة لإبراز نكهتها الكريمية الغنية والمميزة. مثالية للاستمتاع بها حبة حبة، أو للمشاركة مع الضيوف، أو لإضفاء لمسة تفاعلية على لوحات الجبن والمقبلات. غنية بالدهون الأحادية غير المشبعة، والألياف، والمعادن الأساسية مثل المغنيسيوم والمنغنيز، مما يعزز صحة القلب ويمنح طاقة دائمة.",39.95 AED,in stock,new,"المحامص الخضراء","مكسرات وفواكه مجففة",Food, Beverages & Tobacco > Beverages > Coffee,https://res.cloudinary.com/dgcexgq5g/image/upload/v1751636305/greenroasteries/products/products/NT-MCD.webp,https://thegreenroasteries.com/product/in-shell-macadamia-nuts,SNK-MCD-250G,SNK-MCD-250G,adult,unisex,"250 g","Arabic Coffee","مكسرات وفواكه مجففة","","","UAE"
477e7e80-19f0-4587-8b4e-e818326c0657,"جوز مكاداميا بالقشر - 500 g","استمتع بتجربة تناول جوز المكاداميا بالقشر الفاخرة. كل حبة مختارة بعناية تأتي في قشرتها الصلبة الطبيعية، محفورة بفتحة لتسهيل الكسر، ومحروشة بخفّة لإبراز نكهتها الكريمية الغنية والمميزة. مثالية للاستمتاع بها حبة حبة، أو للمشاركة مع الضيوف، أو لإضفاء لمسة تفاعلية على لوحات الجبن والمقبلات. غنية بالدهون الأحادية غير المشبعة، والألياف، والمعادن الأساسية مثل المغنيسيوم والمنغنيز، مما يعزز صحة القلب ويمنح طاقة دائمة.",64.95 AED,in stock,new,"المحامص الخضراء","مكسرات وفواكه مجففة",Food, Beverages & Tobacco > Beverages > Coffee,https://res.cloudinary.com/dgcexgq5g/image/upload/v1751636305/greenroasteries/products/products/NT-MCD.webp,https://thegreenroasteries.com/product/in-shell-macadamia-nuts,SNK-MCD-500G,SNK-MCD-500G,adult,unisex,"500 g","Arabic Coffee","مكسرات وفواكه مجففة","","","UAE"
3dfa508d-b847-41d5-97ba-1cc7d95b0c8a,"جوز مكاداميا بالقشر - 1 kg","استمتع بتجربة تناول جوز المكاداميا بالقشر الفاخرة. كل حبة مختارة بعناية تأتي في قشرتها الصلبة الطبيعية، محفورة بفتحة لتسهيل الكسر، ومحروشة بخفّة لإبراز نكهتها الكريمية الغنية والمميزة. مثالية للاستمتاع بها حبة حبة، أو للمشاركة مع الضيوف، أو لإضفاء لمسة تفاعلية على لوحات الجبن والمقبلات. غنية بالدهون الأحادية غير المشبعة، والألياف، والمعادن الأساسية مثل المغنيسيوم والمنغنيز، مما يعزز صحة القلب ويمنح طاقة دائمة.",119.95 AED,in stock,new,"المحامص الخضراء","مكسرات وفواكه مجففة",Food, Beverages & Tobacco > Beverages > Coffee,https://res.cloudinary.com/dgcexgq5g/image/upload/v1751636305/greenroasteries/products/products/NT-MCD.webp,https://thegreenroasteries.com/product/in-shell-macadamia-nuts,SNK-MCD-1KG,SNK-MCD-1KG,adult,unisex,"1 kg","Arabic Coffee","مكسرات وفواكه مجففة","","","UAE"
04cdad1a-28e5-4610-8405-6bf85d3f3d20,"جوز مجروش فاخر - 250 g","استمتع بقرمشة الجوز الغنية والزبدية مع جوز مجروش فاخر. مُنتقى يدويًا ومحمص برفق لإبراز نكهته الطبيعية، تأتي حبات الجوز متوسطة الحجم متجانسة الشكل ومثالية للوجبات الخفيفة، أو الخبز، أو إضافة دفعة غذائية صحية للسلطات والوجبات الصباحية. مليئة بأحماض أوميغا-3 المفيدة للقلب، ومضادات الأكسدة، والفيتامينات الأساسية، لتقدّم ملمسًا شهيًا وفوائد غذائية متكاملة في كل قضمة.

",39.95 AED,in stock,new,"المحامص الخضراء","مكسرات وفواكه مجففة",Food, Beverages & Tobacco > Beverages > Coffee,https://res.cloudinary.com/dgcexgq5g/image/upload/v1751636301/greenroasteries/products/products/NT-WLNT.webp,https://thegreenroasteries.com/product/premium-walnut-halves,NT-WLNT-250G,NT-WLNT-250G,adult,unisex,"250 g","Arabic Coffee","مكسرات وفواكه مجففة","","","UAE"
0205b397-4b56-4cb2-bb94-4000dc1af1a1,"جوز مجروش فاخر - 1 kg","استمتع بقرمشة الجوز الغنية والزبدية مع جوز مجروش فاخر. مُنتقى يدويًا ومحمص برفق لإبراز نكهته الطبيعية، تأتي حبات الجوز متوسطة الحجم متجانسة الشكل ومثالية للوجبات الخفيفة، أو الخبز، أو إضافة دفعة غذائية صحية للسلطات والوجبات الصباحية. مليئة بأحماض أوميغا-3 المفيدة للقلب، ومضادات الأكسدة، والفيتامينات الأساسية، لتقدّم ملمسًا شهيًا وفوائد غذائية متكاملة في كل قضمة.

",118.95 AED,in stock,new,"المحامص الخضراء","مكسرات وفواكه مجففة",Food, Beverages & Tobacco > Beverages > Coffee,https://res.cloudinary.com/dgcexgq5g/image/upload/v1751636301/greenroasteries/products/products/NT-WLNT.webp,https://thegreenroasteries.com/product/premium-walnut-halves,NT-WLNT-1KG,NT-WLNT-1KG,adult,unisex,"1 kg","Arabic Coffee","مكسرات وفواكه مجففة","","","UAE"
3d22e550-49c6-4dfc-93d1-6f9cffc1c7cf,"جوز مجروش فاخر - 500 g","استمتع بقرمشة الجوز الغنية والزبدية مع جوز مجروش فاخر. مُنتقى يدويًا ومحمص برفق لإبراز نكهته الطبيعية، تأتي حبات الجوز متوسطة الحجم متجانسة الشكل ومثالية للوجبات الخفيفة، أو الخبز، أو إضافة دفعة غذائية صحية للسلطات والوجبات الصباحية. مليئة بأحماض أوميغا-3 المفيدة للقلب، ومضادات الأكسدة، والفيتامينات الأساسية، لتقدّم ملمسًا شهيًا وفوائد غذائية متكاملة في كل قضمة.

",64.95 AED,in stock,new,"المحامص الخضراء","مكسرات وفواكه مجففة",Food, Beverages & Tobacco > Beverages > Coffee,https://res.cloudinary.com/dgcexgq5g/image/upload/v1751636301/greenroasteries/products/products/NT-WLNT.webp,https://thegreenroasteries.com/product/premium-walnut-halves,NT-WLNT-500G,NT-WLNT-500G,adult,unisex,"500 g","Arabic Coffee","مكسرات وفواكه مجففة","","","UAE"
56ad4524-523e-406d-af56-556123909a6c,"خلطـــة المســـاء - 1 kg - حبوب مطحونة","محصول مميز من المحامص الخضراء يتمتع المحصول بنوتات غنية وجميلة تتناسب مع محبي مشروبات الفلتر الكالسيكي الخالي من التعقيد وتبرز حالوة المحصول مع مشروبات الحليب بكل أنواعه ويعتبر هذا المحصول مزيج خاص من اختيارنا الجود المحاصيل.",215.00 AED,in stock,new,"المحامص الخضراء","قهوة مقطرة",Food, Beverages & Tobacco > Beverages > Coffee,https://res.cloudinary.com/dgcexgq5g/image/upload/v1751636440/greenroasteries/variations/variations/AFTRN-MED-ROAS_var_56ad4524-523e-406d-af56-556123909a6c.webp,https://thegreenroasteries.com/product/afternoon-blend,AB-1KG-GG,AB-1KG-GG,adult,unisex,"1 kg","Arabic Coffee","قهوة مقطرة","","حبوب مطحونة","UAE"
d4ca0087-6b00-4817-919c-ebfe64af78e6,"خلطـــة المســـاء - 500 g - حبوب مطحونة","محصول مميز من المحامص الخضراء يتمتع المحصول بنوتات غنية وجميلة تتناسب مع محبي مشروبات الفلتر الكالسيكي الخالي من التعقيد وتبرز حالوة المحصول مع مشروبات الحليب بكل أنواعه ويعتبر هذا المحصول مزيج خاص من اختيارنا الجود المحاصيل.",64.95 AED,in stock,new,"المحامص الخضراء","قهوة مقطرة",Food, Beverages & Tobacco > Beverages > Coffee,https://res.cloudinary.com/dgcexgq5g/image/upload/v1751636441/greenroasteries/variations/variations/AFTRN-MED-ROAS_var_d4ca0087-6b00-4817-919c-ebfe64af78e6.webp,https://thegreenroasteries.com/product/afternoon-blend,AB-500G-GG,AB-500G-GG,adult,unisex,"500 g","Arabic Coffee","قهوة مقطرة","","حبوب مطحونة","UAE"
27600c20-2176-4f9f-bfba-9694fa5ce5f8,"خلطـــة المســـاء - 500 g - حبوب كاملة","محصول مميز من المحامص الخضراء يتمتع المحصول بنوتات غنية وجميلة تتناسب مع محبي مشروبات الفلتر الكالسيكي الخالي من التعقيد وتبرز حالوة المحصول مع مشروبات الحليب بكل أنواعه ويعتبر هذا المحصول مزيج خاص من اختيارنا الجود المحاصيل.",64.95 AED,in stock,new,"المحامص الخضراء","قهوة مقطرة",Food, Beverages & Tobacco > Beverages > Coffee,https://res.cloudinary.com/dgcexgq5g/image/upload/v1751636443/greenroasteries/variations/variations/AFTRN-MED-ROAS_var_27600c20-2176-4f9f-bfba-9694fa5ce5f8.webp,https://thegreenroasteries.com/product/afternoon-blend,AB-500G-WB,AB-500G-WB,adult,unisex,"500 g","Arabic Coffee","قهوة مقطرة","","حبوب كاملة","UAE"
185ad6ab-11da-4cef-ad27-3765579735fd,"خلطـــة المســـاء - 1 kg - حبوب كاملة","محصول مميز من المحامص الخضراء يتمتع المحصول بنوتات غنية وجميلة تتناسب مع محبي مشروبات الفلتر الكالسيكي الخالي من التعقيد وتبرز حالوة المحصول مع مشروبات الحليب بكل أنواعه ويعتبر هذا المحصول مزيج خاص من اختيارنا الجود المحاصيل.",215.00 AED,in stock,new,"المحامص الخضراء","قهوة مقطرة",Food, Beverages & Tobacco > Beverages > Coffee,https://res.cloudinary.com/dgcexgq5g/image/upload/v1751636445/greenroasteries/variations/variations/AFTRN-MED-ROAS_var_185ad6ab-11da-4cef-ad27-3765579735fd.webp,https://thegreenroasteries.com/product/afternoon-blend,AB-1KG-WB,AB-1KG-WB,adult,unisex,"1 kg","Arabic Coffee","قهوة مقطرة","","حبوب كاملة","UAE"
b0e4c62a-2318-404b-9e11-a7d790b649dc,"خلطـــة المســـاء - 250 g - حبوب كاملة","محصول مميز من المحامص الخضراء يتمتع المحصول بنوتات غنية وجميلة تتناسب مع محبي مشروبات الفلتر الكالسيكي الخالي من التعقيد وتبرز حالوة المحصول مع مشروبات الحليب بكل أنواعه ويعتبر هذا المحصول مزيج خاص من اختيارنا الجود المحاصيل.",64.95 AED,in stock,new,"المحامص الخضراء","قهوة مقطرة",Food, Beverages & Tobacco > Beverages > Coffee,https://res.cloudinary.com/dgcexgq5g/image/upload/v1751636615/greenroasteries/variations/variations/AFTRN-MED-ROAS_var_b0e4c62a-2318-404b-9e11-a7d790b649dc.webp,https://thegreenroasteries.com/product/afternoon-blend,AB-250G-WB,AB-250G-WB,adult,unisex,"250 g","Arabic Coffee","قهوة مقطرة","","حبوب كاملة","UAE"
924e0d53-cbc3-4837-8b8a-879fae2040bf,"خلطـــة المســـاء - 250 g - حبوب مطحونة","محصول مميز من المحامص الخضراء يتمتع المحصول بنوتات غنية وجميلة تتناسب مع محبي مشروبات الفلتر الكالسيكي الخالي من التعقيد وتبرز حالوة المحصول مع مشروبات الحليب بكل أنواعه ويعتبر هذا المحصول مزيج خاص من اختيارنا الجود المحاصيل.",64.95 AED,in stock,new,"المحامص الخضراء","قهوة مقطرة",Food, Beverages & Tobacco > Beverages > Coffee,https://res.cloudinary.com/dgcexgq5g/image/upload/v1751636663/greenroasteries/variations/variations/AFTRN-MED-ROAS_var_924e0d53-cbc3-4837-8b8a-879fae2040bf.webp,https://thegreenroasteries.com/product/afternoon-blend,AB-250G-GG,AB-250G-GG,adult,unisex,"250 g","Arabic Coffee","قهوة مقطرة","","حبوب مطحونة","UAE"
4451f4fb-42ad-4664-b304-8f71e8a37a0a,"كولومبيـــا - 1 kg - هيل - حبوب مطحونة","نفخر بنكهة القهوة العربية اإلماراتية المحضرة حسب أصولها،
بدءا من انتقاء حبوب البن الخضراء وتحميصها بكل حب حتى ً
إضافة الهيل والزعفران، استمتع بتجربة فريدة للتعرف على تقاليدنا وثقافتنا.",164.00 AED,in stock,new,"المحامص الخضراء","القهوة العربية",Food, Beverages & Tobacco > Beverages > Coffee,https://res.cloudinary.com/dgcexgq5g/image/upload/v1751636387/greenroasteries/variations/variations/ARABICA-colombia_var_4451f4fb-42ad-4664-b304-8f71e8a37a0a.webp,https://thegreenroasteries.com/product/colombia,CO -1KG-G-B,CO -1KG-G-B,adult,unisex,"1 kg","Arabic Coffee","القهوة العربية","هيل","حبوب مطحونة","UAE"
ab058c2f-a3c1-4e55-abe6-45faf85974f0,"كولومبيـــا - 500 g - هيل - حبوب مطحونة","نفخر بنكهة القهوة العربية اإلماراتية المحضرة حسب أصولها،
بدءا من انتقاء حبوب البن الخضراء وتحميصها بكل حب حتى ً
إضافة الهيل والزعفران، استمتع بتجربة فريدة للتعرف على تقاليدنا وثقافتنا.",89.00 AED,in stock,new,"المحامص الخضراء","القهوة العربية",Food, Beverages & Tobacco > Beverages > Coffee,https://res.cloudinary.com/dgcexgq5g/image/upload/v1751636311/greenroasteries/products/products/ARABICA-colombia.webp,https://thegreenroasteries.com/product/colombia,CO -500G-G-B,CO -500G-G-B,adult,unisex,"500 g","Arabic Coffee","القهوة العربية","هيل","حبوب مطحونة","UAE"
5538294c-07e5-47b5-949d-38e9a41d60b3,"كولومبيـــا - 1 kg - زعفران - حبوب مطحونة","نفخر بنكهة القهوة العربية اإلماراتية المحضرة حسب أصولها،
بدءا من انتقاء حبوب البن الخضراء وتحميصها بكل حب حتى ً
إضافة الهيل والزعفران، استمتع بتجربة فريدة للتعرف على تقاليدنا وثقافتنا.",176.00 AED,in stock,new,"المحامص الخضراء","القهوة العربية",Food, Beverages & Tobacco > Beverages > Coffee,https://res.cloudinary.com/dgcexgq5g/image/upload/v1751636433/greenroasteries/variations/variations/ARABICA-colombia_var_5538294c-07e5-47b5-949d-38e9a41d60b3.webp,https://thegreenroasteries.com/product/colombia,SF-1KG-G,SF-1KG-G,adult,unisex,"1 kg","Arabic Coffee","القهوة العربية","زعفران","حبوب مطحونة","UAE"
febc24ba-fd9a-4ed5-9b60-4fc907a93ff5,"كولومبيـــا - 1 kg - هيل و زعفران - حبوب مطحونة","نفخر بنكهة القهوة العربية اإلماراتية المحضرة حسب أصولها،
بدءا من انتقاء حبوب البن الخضراء وتحميصها بكل حب حتى ً
إضافة الهيل والزعفران، استمتع بتجربة فريدة للتعرف على تقاليدنا وثقافتنا.",185.00 AED,in stock,new,"المحامص الخضراء","القهوة العربية",Food, Beverages & Tobacco > Beverages > Coffee,https://res.cloudinary.com/dgcexgq5g/image/upload/v1751636470/greenroasteries/variations/variations/ARABICA-colombia_var_febc24ba-fd9a-4ed5-9b60-4fc907a93ff5.webp,https://thegreenroasteries.com/product/colombia,SF-CO-1KG-G,SF-CO-1KG-G,adult,unisex,"1 kg","Arabic Coffee","القهوة العربية","هيل و زعفران","حبوب مطحونة","UAE"
df8b28a9-3295-4a6b-bc8a-225599566c1a,"كولومبيـــا - 500 g - هيل و زعفران - حبوب مطحونة","نفخر بنكهة القهوة العربية اإلماراتية المحضرة حسب أصولها،
بدءا من انتقاء حبوب البن الخضراء وتحميصها بكل حب حتى ً
إضافة الهيل والزعفران، استمتع بتجربة فريدة للتعرف على تقاليدنا وثقافتنا.",106.00 AED,in stock,new,"المحامص الخضراء","القهوة العربية",Food, Beverages & Tobacco > Beverages > Coffee,https://res.cloudinary.com/dgcexgq5g/image/upload/v1751636486/greenroasteries/variations/variations/ARABICA-colombia_var_df8b28a9-3295-4a6b-bc8a-225599566c1a.webp,https://thegreenroasteries.com/product/colombia,SF-CO-500G-G,SF-CO-500G-G,adult,unisex,"500 g","Arabic Coffee","القهوة العربية","هيل و زعفران","حبوب مطحونة","UAE"
81e176e3-d190-4356-8eca-0b5ea7fd4638,"كولومبيـــا - 250 g - زعفران - حبوب كاملة","نفخر بنكهة القهوة العربية اإلماراتية المحضرة حسب أصولها،
بدءا من انتقاء حبوب البن الخضراء وتحميصها بكل حب حتى ً
إضافة الهيل والزعفران، استمتع بتجربة فريدة للتعرف على تقاليدنا وثقافتنا.",57.95 AED,in stock,new,"المحامص الخضراء","القهوة العربية",Food, Beverages & Tobacco > Beverages > Coffee,https://res.cloudinary.com/dgcexgq5g/image/upload/v1751636491/greenroasteries/variations/variations/ARABICA-colombia_var_81e176e3-d190-4356-8eca-0b5ea7fd4638.webp,https://thegreenroasteries.com/product/colombia,SF-250G-T,SF-250G-T,adult,unisex,"250 g","Arabic Coffee","القهوة العربية","زعفران","حبوب كاملة","UAE"
be323c30-1227-45df-a9ce-009fc6492196,"كولومبيـــا - 250 g - هيل و زعفران - حبوب مطحونة","نفخر بنكهة القهوة العربية اإلماراتية المحضرة حسب أصولها،
بدءا من انتقاء حبوب البن الخضراء وتحميصها بكل حب حتى ً
إضافة الهيل والزعفران، استمتع بتجربة فريدة للتعرف على تقاليدنا وثقافتنا.",62.95 AED,in stock,new,"المحامص الخضراء","القهوة العربية",Food, Beverages & Tobacco > Beverages > Coffee,https://res.cloudinary.com/dgcexgq5g/image/upload/v1751636492/greenroasteries/variations/variations/ARABICA-colombia_var_be323c30-1227-45df-a9ce-009fc6492196.webp,https://thegreenroasteries.com/product/colombia,SF-CO-250G-G,SF-CO-250G-G,adult,unisex,"250 g","Arabic Coffee","القهوة العربية","هيل و زعفران","حبوب مطحونة","UAE"
b958825c-6125-4742-b5f0-13427ceba735,"كولومبيـــا - 500 g - زعفران - حبوب كاملة","نفخر بنكهة القهوة العربية اإلماراتية المحضرة حسب أصولها،
بدءا من انتقاء حبوب البن الخضراء وتحميصها بكل حب حتى ً
إضافة الهيل والزعفران، استمتع بتجربة فريدة للتعرف على تقاليدنا وثقافتنا.",99.95 AED,in stock,new,"المحامص الخضراء","القهوة العربية",Food, Beverages & Tobacco > Beverages > Coffee,https://res.cloudinary.com/dgcexgq5g/image/upload/v1751636495/greenroasteries/variations/variations/ARABICA-colombia_var_b958825c-6125-4742-b5f0-13427ceba735.webp,https://thegreenroasteries.com/product/colombia,SF-500G-T,SF-500G-T,adult,unisex,"500 g","Arabic Coffee","القهوة العربية","زعفران","حبوب كاملة","UAE"
4072b2d5-f51b-4005-b44d-5f85b50c0407,"كولومبيـــا - 500 g - زعفران - حبوب مطحونة","نفخر بنكهة القهوة العربية اإلماراتية المحضرة حسب أصولها،
بدءا من انتقاء حبوب البن الخضراء وتحميصها بكل حب حتى ً
إضافة الهيل والزعفران، استمتع بتجربة فريدة للتعرف على تقاليدنا وثقافتنا.",99.95 AED,in stock,new,"المحامص الخضراء","القهوة العربية",Food, Beverages & Tobacco > Beverages > Coffee,https://res.cloudinary.com/dgcexgq5g/image/upload/v1751636496/greenroasteries/variations/variations/ARABICA-colombia_var_4072b2d5-f51b-4005-b44d-5f85b50c0407.webp,https://thegreenroasteries.com/product/colombia,SF-500G-G,SF-500G-G,adult,unisex,"500 g","Arabic Coffee","القهوة العربية","زعفران","حبوب مطحونة","UAE"
4ff8290c-6261-4cb6-8cd3-8ce60a2ca4a6,"كولومبيـــا - 250 g - هيل و زعفران - حبوب كاملة","نفخر بنكهة القهوة العربية اإلماراتية المحضرة حسب أصولها،
بدءا من انتقاء حبوب البن الخضراء وتحميصها بكل حب حتى ً
إضافة الهيل والزعفران، استمتع بتجربة فريدة للتعرف على تقاليدنا وثقافتنا.",62.95 AED,in stock,new,"المحامص الخضراء","القهوة العربية",Food, Beverages & Tobacco > Beverages > Coffee,https://res.cloudinary.com/dgcexgq5g/image/upload/v1751636564/greenroasteries/variations/variations/ARABICA-colombia_var_4ff8290c-6261-4cb6-8cd3-8ce60a2ca4a6.webp,https://thegreenroasteries.com/product/colombia,SF-CO-250G-T,SF-CO-250G-T,adult,unisex,"250 g","Arabic Coffee","القهوة العربية","هيل و زعفران","حبوب كاملة","UAE"
588dd72b-5f96-4acd-9bb6-6db392df76d8,"كولومبيـــا - 250 g - زعفران - حبوب مطحونة","نفخر بنكهة القهوة العربية اإلماراتية المحضرة حسب أصولها،
بدءا من انتقاء حبوب البن الخضراء وتحميصها بكل حب حتى ً
إضافة الهيل والزعفران، استمتع بتجربة فريدة للتعرف على تقاليدنا وثقافتنا.",57.95 AED,in stock,new,"المحامص الخضراء","القهوة العربية",Food, Beverages & Tobacco > Beverages > Coffee,https://res.cloudinary.com/dgcexgq5g/image/upload/v1751636566/greenroasteries/variations/variations/ARABICA-colombia_var_588dd72b-5f96-4acd-9bb6-6db392df76d8.webp,https://thegreenroasteries.com/product/colombia,SF-250G-G,SF-250G-G,adult,unisex,"250 g","Arabic Coffee","القهوة العربية","زعفران","حبوب مطحونة","UAE"
2ba1a120-f224-4fa4-91ed-9025692e87d3,"كولومبيـــا - 250 g - هيل - حبوب مطحونة","نفخر بنكهة القهوة العربية اإلماراتية المحضرة حسب أصولها،
بدءا من انتقاء حبوب البن الخضراء وتحميصها بكل حب حتى ً
إضافة الهيل والزعفران، استمتع بتجربة فريدة للتعرف على تقاليدنا وثقافتنا.",49.95 AED,in stock,new,"المحامص الخضراء","القهوة العربية",Food, Beverages & Tobacco > Beverages > Coffee,https://res.cloudinary.com/dgcexgq5g/image/upload/v1751636679/greenroasteries/variations/variations/ARABICA-colombia_var_2ba1a120-f224-4fa4-91ed-9025692e87d3.webp,https://thegreenroasteries.com/product/colombia,CO -250G-G-B,CO -250G-G-B,adult,unisex,"250 g","Arabic Coffee","القهوة العربية","هيل","حبوب مطحونة","UAE"
b627324f-4e9e-480f-b6c1-87b297712daa,"كولومبيـــا - 500 g - هيل - حبوب كاملة","نفخر بنكهة القهوة العربية اإلماراتية المحضرة حسب أصولها،
بدءا من انتقاء حبوب البن الخضراء وتحميصها بكل حب حتى ً
إضافة الهيل والزعفران، استمتع بتجربة فريدة للتعرف على تقاليدنا وثقافتنا.",89.00 AED,in stock,new,"المحامص الخضراء","القهوة العربية",Food, Beverages & Tobacco > Beverages > Coffee,https://res.cloudinary.com/dgcexgq5g/image/upload/v1751636311/greenroasteries/products/products/ARABICA-colombia.webp,https://thegreenroasteries.com/product/colombia,CO -500G-T-B,CO -500G-T-B,adult,unisex,"500 g","Arabic Coffee","القهوة العربية","هيل","حبوب كاملة","UAE"
99524439-25b0-4e41-8916-60fb5dc5cde2,"كولومبيـــا - 250 g - هيل - حبوب كاملة","نفخر بنكهة القهوة العربية اإلماراتية المحضرة حسب أصولها،
بدءا من انتقاء حبوب البن الخضراء وتحميصها بكل حب حتى ً
إضافة الهيل والزعفران، استمتع بتجربة فريدة للتعرف على تقاليدنا وثقافتنا.",49.95 AED,in stock,new,"المحامص الخضراء","القهوة العربية",Food, Beverages & Tobacco > Beverages > Coffee,https://res.cloudinary.com/dgcexgq5g/image/upload/v1751636382/greenroasteries/variations/variations/ARABICA-colombia_var_99524439-25b0-4e41-8916-60fb5dc5cde2.webp,https://thegreenroasteries.com/product/colombia,CO -250G-T-B,CO -250G-T-B,adult,unisex,"250 g","Arabic Coffee","القهوة العربية","هيل","حبوب كاملة","UAE"
07df0dbc-cd41-4de0-a8b3-a71bd6e7a621,"كولومبيـــا - 1 kg - هيل - حبوب كاملة","نفخر بنكهة القهوة العربية اإلماراتية المحضرة حسب أصولها،
بدءا من انتقاء حبوب البن الخضراء وتحميصها بكل حب حتى ً
إضافة الهيل والزعفران، استمتع بتجربة فريدة للتعرف على تقاليدنا وثقافتنا.",164.00 AED,in stock,new,"المحامص الخضراء","القهوة العربية",Food, Beverages & Tobacco > Beverages > Coffee,https://res.cloudinary.com/dgcexgq5g/image/upload/v1751636383/greenroasteries/variations/variations/ARABICA-colombia_var_07df0dbc-cd41-4de0-a8b3-a71bd6e7a621.webp,https://thegreenroasteries.com/product/colombia,CO -1KG-T-B,CO -1KG-T-B,adult,unisex,"1 kg","Arabic Coffee","القهوة العربية","هيل","حبوب كاملة","UAE"
186b2c5c-eef6-45b9-9727-929c956a8497,"كولومبيـــا - 1 kg - زعفران - حبوب كاملة","نفخر بنكهة القهوة العربية اإلماراتية المحضرة حسب أصولها،
بدءا من انتقاء حبوب البن الخضراء وتحميصها بكل حب حتى ً
إضافة الهيل والزعفران، استمتع بتجربة فريدة للتعرف على تقاليدنا وثقافتنا.",176.00 AED,in stock,new,"المحامص الخضراء","القهوة العربية",Food, Beverages & Tobacco > Beverages > Coffee,https://res.cloudinary.com/dgcexgq5g/image/upload/v1751636451/greenroasteries/variations/variations/ARABICA-colombia_var_186b2c5c-eef6-45b9-9727-929c956a8497.webp,https://thegreenroasteries.com/product/colombia,SF-1KG-T,SF-1KG-T,adult,unisex,"1 kg","Arabic Coffee","القهوة العربية","زعفران","حبوب كاملة","UAE"
1734b7c5-240f-4841-8389-b56d4fa5bac2,"كولومبيـــا - 500 g - هيل و زعفران - حبوب كاملة","نفخر بنكهة القهوة العربية اإلماراتية المحضرة حسب أصولها،
بدءا من انتقاء حبوب البن الخضراء وتحميصها بكل حب حتى ً
إضافة الهيل والزعفران، استمتع بتجربة فريدة للتعرف على تقاليدنا وثقافتنا.",106.00 AED,in stock,new,"المحامص الخضراء","القهوة العربية",Food, Beverages & Tobacco > Beverages > Coffee,https://res.cloudinary.com/dgcexgq5g/image/upload/v1751636484/greenroasteries/variations/variations/ARABICA-colombia_var_1734b7c5-240f-4841-8389-b56d4fa5bac2.webp,https://thegreenroasteries.com/product/colombia,SF-CO-500G-T,SF-CO-500G-T,adult,unisex,"500 g","Arabic Coffee","القهوة العربية","هيل و زعفران","حبوب كاملة","UAE"
c8c103a9-7d64-43db-9ba0-fdb91a442659,"كولومبيـــا - 1 kg - هيل و زعفران - حبوب كاملة","نفخر بنكهة القهوة العربية اإلماراتية المحضرة حسب أصولها،
بدءا من انتقاء حبوب البن الخضراء وتحميصها بكل حب حتى ً
إضافة الهيل والزعفران، استمتع بتجربة فريدة للتعرف على تقاليدنا وثقافتنا.",185.00 AED,in stock,new,"المحامص الخضراء","القهوة العربية",Food, Beverages & Tobacco > Beverages > Coffee,https://res.cloudinary.com/dgcexgq5g/image/upload/v1751636680/greenroasteries/variations/variations/ARABICA-colombia_var_c8c103a9-7d64-43db-9ba0-fdb91a442659.webp,https://thegreenroasteries.com/product/colombia,SF-CO-1KG-T,SF-CO-1KG-T,adult,unisex,"1 kg","Arabic Coffee","القهوة العربية","هيل و زعفران","حبوب كاملة","UAE"
2545597c-b43f-4820-8de9-f3e28c191f23,"سريلانكـــا - 1 kg - هيل - حبوب كاملة","نفخر بنكهة القهوة العربية الاماراتية المحضرة حسب أصولها،
بدءا من انتقاء حبوب البن الخضراء وتحميصها بكل حب حتى ً
إضافة الهيل والزعفران، استمتع بتجربة فريدة للتعرف على تقاليدنا وثقافتنا.",154.00 AED,in stock,new,"المحامص الخضراء","القهوة العربية",Food, Beverages & Tobacco > Beverages > Coffee,https://res.cloudinary.com/dgcexgq5g/image/upload/v1751636404/greenroasteries/variations/variations/ARABICA-sri%20lanka_var_2545597c-b43f-4820-8de9-f3e28c191f23.webp,https://thegreenroasteries.com/product/sri-lanka,SL -1KG-T-B,SL -1KG-T-B,adult,unisex,"1 kg","Arabic Coffee","القهوة العربية","هيل","حبوب كاملة","UAE"
cf323a20-4b44-4317-9947-495c02a5960e,"سريلانكـــا - 1 kg - زعفران - حبوب مطحونة","نفخر بنكهة القهوة العربية الاماراتية المحضرة حسب أصولها،
بدءا من انتقاء حبوب البن الخضراء وتحميصها بكل حب حتى ً
إضافة الهيل والزعفران، استمتع بتجربة فريدة للتعرف على تقاليدنا وثقافتنا.",165.00 AED,in stock,new,"المحامص الخضراء","القهوة العربية",Food, Beverages & Tobacco > Beverages > Coffee,https://res.cloudinary.com/dgcexgq5g/image/upload/v1751636485/greenroasteries/variations/variations/ARABICA-sri%20lanka_var_cf323a20-4b44-4317-9947-495c02a5960e.webp,https://thegreenroasteries.com/product/sri-lanka,SL-SF-1KG-G-B,SL-SF-1KG-G-B,adult,unisex,"1 kg","Arabic Coffee","القهوة العربية","زعفران","حبوب مطحونة","UAE"
efaa4bc7-60bd-4099-ae3f-9b28dc8f8302,"سريلانكـــا - 1 kg - هيل و زعفران - حبوب مطحونة","نفخر بنكهة القهوة العربية الاماراتية المحضرة حسب أصولها،
بدءا من انتقاء حبوب البن الخضراء وتحميصها بكل حب حتى ً
إضافة الهيل والزعفران، استمتع بتجربة فريدة للتعرف على تقاليدنا وثقافتنا.",175.00 AED,in stock,new,"المحامص الخضراء","القهوة العربية",Food, Beverages & Tobacco > Beverages > Coffee,https://res.cloudinary.com/dgcexgq5g/image/upload/v1751636488/greenroasteries/variations/variations/ARABICA-sri%20lanka_var_efaa4bc7-60bd-4099-ae3f-9b28dc8f8302.webp,https://thegreenroasteries.com/product/sri-lanka,SL-SF-CAR-1KG-G-B,SL-SF-CAR-1KG-G-B,adult,unisex,"1 kg","Arabic Coffee","القهوة العربية","هيل و زعفران","حبوب مطحونة","UAE"
322d2d04-e8bd-4293-be09-9c4292449ea3,"سريلانكـــا - 250 g - هيل و زعفران - حبوب مطحونة","نفخر بنكهة القهوة العربية الاماراتية المحضرة حسب أصولها،
بدءا من انتقاء حبوب البن الخضراء وتحميصها بكل حب حتى ً
إضافة الهيل والزعفران، استمتع بتجربة فريدة للتعرف على تقاليدنا وثقافتنا.",57.95 AED,in stock,new,"المحامص الخضراء","القهوة العربية",Food, Beverages & Tobacco > Beverages > Coffee,https://res.cloudinary.com/dgcexgq5g/image/upload/v1751636501/greenroasteries/variations/variations/ARABICA-sri%20lanka_var_322d2d04-e8bd-4293-be09-9c4292449ea3.webp,https://thegreenroasteries.com/product/sri-lanka,SL-SF-CAR-250G-G-B,SL-SF-CAR-250G-G-B,adult,unisex,"250 g","Arabic Coffee","القهوة العربية","هيل و زعفران","حبوب مطحونة","UAE"
a135bbfb-9665-4502-9782-e34edf17219b,"سريلانكـــا - 1 kg - زعفران - حبوب كاملة","نفخر بنكهة القهوة العربية الاماراتية المحضرة حسب أصولها،
بدءا من انتقاء حبوب البن الخضراء وتحميصها بكل حب حتى ً
إضافة الهيل والزعفران، استمتع بتجربة فريدة للتعرف على تقاليدنا وثقافتنا.",165.00 AED,in stock,new,"المحامص الخضراء","القهوة العربية",Food, Beverages & Tobacco > Beverages > Coffee,https://res.cloudinary.com/dgcexgq5g/image/upload/v1751636512/greenroasteries/variations/variations/ARABICA-sri%20lanka_var_a135bbfb-9665-4502-9782-e34edf17219b.webp,https://thegreenroasteries.com/product/sri-lanka,SL-SF-1KG-T-B,SL-SF-1KG-T-B,adult,unisex,"1 kg","Arabic Coffee","القهوة العربية","زعفران","حبوب كاملة","UAE"
da9e97c8-c548-4028-8ba9-45617adb62e3,"سريلانكـــا - 250 g - زعفران - حبوب كاملة","نفخر بنكهة القهوة العربية الاماراتية المحضرة حسب أصولها،
بدءا من انتقاء حبوب البن الخضراء وتحميصها بكل حب حتى ً
إضافة الهيل والزعفران، استمتع بتجربة فريدة للتعرف على تقاليدنا وثقافتنا.",54.95 AED,in stock,new,"المحامص الخضراء","القهوة العربية",Food, Beverages & Tobacco > Beverages > Coffee,https://res.cloudinary.com/dgcexgq5g/image/upload/v1751636513/greenroasteries/variations/variations/ARABICA-sri%20lanka_var_da9e97c8-c548-4028-8ba9-45617adb62e3.webp,https://thegreenroasteries.com/product/sri-lanka,SL-SF-250G-T-B,SL-SF-250G-T-B,adult,unisex,"250 g","Arabic Coffee","القهوة العربية","زعفران","حبوب كاملة","UAE"
82912fa7-34f0-446d-a76a-468cc74d7da3,"سريلانكـــا - 500 g - زعفران - حبوب مطحونة","نفخر بنكهة القهوة العربية الاماراتية المحضرة حسب أصولها،
بدءا من انتقاء حبوب البن الخضراء وتحميصها بكل حب حتى ً
إضافة الهيل والزعفران، استمتع بتجربة فريدة للتعرف على تقاليدنا وثقافتنا.",95.00 AED,in stock,new,"المحامص الخضراء","القهوة العربية",Food, Beverages & Tobacco > Beverages > Coffee,https://res.cloudinary.com/dgcexgq5g/image/upload/v1751636314/greenroasteries/products/products/ARABICA-sri%20lanka.webp,https://thegreenroasteries.com/product/sri-lanka,	SL-SF-500G-G-B,	SL-SF-500G-G-B,adult,unisex,"500 g","Arabic Coffee","القهوة العربية","زعفران","حبوب مطحونة","UAE"
e0322268-4e88-4580-b548-915c718f9ad6,"سريلانكـــا - 1 kg - هيل و زعفران - حبوب كاملة","نفخر بنكهة القهوة العربية الاماراتية المحضرة حسب أصولها،
بدءا من انتقاء حبوب البن الخضراء وتحميصها بكل حب حتى ً
إضافة الهيل والزعفران، استمتع بتجربة فريدة للتعرف على تقاليدنا وثقافتنا.",175.00 AED,in stock,new,"المحامص الخضراء","القهوة العربية",Food, Beverages & Tobacco > Beverages > Coffee,https://res.cloudinary.com/dgcexgq5g/image/upload/v1751636518/greenroasteries/variations/variations/ARABICA-sri%20lanka_var_e0322268-4e88-4580-b548-915c718f9ad6.webp,https://thegreenroasteries.com/product/sri-lanka,SL-SF-CAR-1KG-T-B,SL-SF-CAR-1KG-T-B,adult,unisex,"1 kg","Arabic Coffee","القهوة العربية","هيل و زعفران","حبوب كاملة","UAE"
72651ecc-7439-42d2-adf0-49c48631797a,"سريلانكـــا - 500 g - هيل - حبوب مطحونة","نفخر بنكهة القهوة العربية الاماراتية المحضرة حسب أصولها،
بدءا من انتقاء حبوب البن الخضراء وتحميصها بكل حب حتى ً
إضافة الهيل والزعفران، استمتع بتجربة فريدة للتعرف على تقاليدنا وثقافتنا.",86.00 AED,in stock,new,"المحامص الخضراء","القهوة العربية",Food, Beverages & Tobacco > Beverages > Coffee,https://res.cloudinary.com/dgcexgq5g/image/upload/v1751636314/greenroasteries/products/products/ARABICA-sri%20lanka.webp,https://thegreenroasteries.com/product/sri-lanka,SL -500G-G-B,SL -500G-G-B,adult,unisex,"500 g","Arabic Coffee","القهوة العربية","هيل","حبوب مطحونة","UAE"
e8839da8-f8eb-4b76-90ef-3103918610f6,"سريلانكـــا - 500 g - هيل و زعفران - حبوب كاملة","نفخر بنكهة القهوة العربية الاماراتية المحضرة حسب أصولها،
بدءا من انتقاء حبوب البن الخضراء وتحميصها بكل حب حتى ً
إضافة الهيل والزعفران، استمتع بتجربة فريدة للتعرف على تقاليدنا وثقافتنا.",99.00 AED,in stock,new,"المحامص الخضراء","القهوة العربية",Food, Beverages & Tobacco > Beverages > Coffee,https://res.cloudinary.com/dgcexgq5g/image/upload/v1751636668/greenroasteries/variations/variations/ARABICA-sri%20lanka_var_e8839da8-f8eb-4b76-90ef-3103918610f6.webp,https://thegreenroasteries.com/product/sri-lanka,SL-SF-CAR-500G-T-B,SL-SF-CAR-500G-T-B,adult,unisex,"500 g","Arabic Coffee","القهوة العربية","هيل و زعفران","حبوب كاملة","UAE"
62020b4e-5bc1-4814-b3ab-e8b2c84ba1cd,"سريلانكـــا - 250 g - زعفران - حبوب مطحونة","نفخر بنكهة القهوة العربية الاماراتية المحضرة حسب أصولها،
بدءا من انتقاء حبوب البن الخضراء وتحميصها بكل حب حتى ً
إضافة الهيل والزعفران، استمتع بتجربة فريدة للتعرف على تقاليدنا وثقافتنا.",54.95 AED,in stock,new,"المحامص الخضراء","القهوة العربية",Food, Beverages & Tobacco > Beverages > Coffee,https://res.cloudinary.com/dgcexgq5g/image/upload/v1751636683/greenroasteries/variations/variations/ARABICA-sri%20lanka_var_62020b4e-5bc1-4814-b3ab-e8b2c84ba1cd.webp,https://thegreenroasteries.com/product/sri-lanka,SL-SF-250G-G-B,SL-SF-250G-G-B,adult,unisex,"250 g","Arabic Coffee","القهوة العربية","زعفران","حبوب مطحونة","UAE"
0f9e03eb-cd9a-497f-936a-e5e3c4d55fe8,"سريلانكـــا - 1 kg - هيل - حبوب مطحونة","نفخر بنكهة القهوة العربية الاماراتية المحضرة حسب أصولها،
بدءا من انتقاء حبوب البن الخضراء وتحميصها بكل حب حتى ً
إضافة الهيل والزعفران، استمتع بتجربة فريدة للتعرف على تقاليدنا وثقافتنا.",154.00 AED,in stock,new,"المحامص الخضراء","القهوة العربية",Food, Beverages & Tobacco > Beverages > Coffee,https://res.cloudinary.com/dgcexgq5g/image/upload/v1751636407/greenroasteries/variations/variations/ARABICA-sri%20lanka_var_0f9e03eb-cd9a-497f-936a-e5e3c4d55fe8.webp,https://thegreenroasteries.com/product/sri-lanka,SL -1KG-G-B,SL -1KG-G-B,adult,unisex,"1 kg","Arabic Coffee","القهوة العربية","هيل","حبوب مطحونة","UAE"
e82c19d1-4f0a-4661-b344-6eae140f7372,"سريلانكـــا - 500 g - هيل و زعفران - حبوب مطحونة","نفخر بنكهة القهوة العربية الاماراتية المحضرة حسب أصولها،
بدءا من انتقاء حبوب البن الخضراء وتحميصها بكل حب حتى ً
إضافة الهيل والزعفران، استمتع بتجربة فريدة للتعرف على تقاليدنا وثقافتنا.",99.00 AED,in stock,new,"المحامص الخضراء","القهوة العربية",Food, Beverages & Tobacco > Beverages > Coffee,https://res.cloudinary.com/dgcexgq5g/image/upload/v1751636490/greenroasteries/variations/variations/ARABICA-sri%20lanka_var_e82c19d1-4f0a-4661-b344-6eae140f7372.webp,https://thegreenroasteries.com/product/sri-lanka,SL-SF-CAR-500G-G-B,SL-SF-CAR-500G-G-B,adult,unisex,"500 g","Arabic Coffee","القهوة العربية","هيل و زعفران","حبوب مطحونة","UAE"
8488baf7-69b5-40b0-906c-c8d174d21600,"سريلانكـــا - 250 g - هيل و زعفران - حبوب كاملة","نفخر بنكهة القهوة العربية الاماراتية المحضرة حسب أصولها،
بدءا من انتقاء حبوب البن الخضراء وتحميصها بكل حب حتى ً
إضافة الهيل والزعفران، استمتع بتجربة فريدة للتعرف على تقاليدنا وثقافتنا.",57.95 AED,in stock,new,"المحامص الخضراء","القهوة العربية",Food, Beverages & Tobacco > Beverages > Coffee,https://res.cloudinary.com/dgcexgq5g/image/upload/v1751636509/greenroasteries/variations/variations/ARABICA-sri%20lanka_var_8488baf7-69b5-40b0-906c-c8d174d21600.webp,https://thegreenroasteries.com/product/sri-lanka,SL-SF-CAR-250G-T-B,SL-SF-CAR-250G-T-B,adult,unisex,"250 g","Arabic Coffee","القهوة العربية","هيل و زعفران","حبوب كاملة","UAE"
25185b4b-591d-4fc0-b5a6-b2cd609fcb49,"سريلانكـــا - 250 g - هيل - حبوب كاملة","نفخر بنكهة القهوة العربية الاماراتية المحضرة حسب أصولها،
بدءا من انتقاء حبوب البن الخضراء وتحميصها بكل حب حتى ً
إضافة الهيل والزعفران، استمتع بتجربة فريدة للتعرف على تقاليدنا وثقافتنا.",47.95 AED,in stock,new,"المحامص الخضراء","القهوة العربية",Food, Beverages & Tobacco > Beverages > Coffee,https://res.cloudinary.com/dgcexgq5g/image/upload/v1751636543/greenroasteries/variations/variations/ARABICA-sri%20lanka_var_25185b4b-591d-4fc0-b5a6-b2cd609fcb49.webp,https://thegreenroasteries.com/product/sri-lanka,SL -250G-T-B,SL -250G-T-B,adult,unisex,"250 g","Arabic Coffee","القهوة العربية","هيل","حبوب كاملة","UAE"
35ed0b97-70f6-4d15-89c4-84c521d3cce0,"سريلانكـــا - 250 g - هيل - حبوب مطحونة","نفخر بنكهة القهوة العربية الاماراتية المحضرة حسب أصولها،
بدءا من انتقاء حبوب البن الخضراء وتحميصها بكل حب حتى ً
إضافة الهيل والزعفران، استمتع بتجربة فريدة للتعرف على تقاليدنا وثقافتنا.",47.95 AED,in stock,new,"المحامص الخضراء","القهوة العربية",Food, Beverages & Tobacco > Beverages > Coffee,https://res.cloudinary.com/dgcexgq5g/image/upload/v1751636548/greenroasteries/variations/variations/ARABICA-sri%20lanka_var_35ed0b97-70f6-4d15-89c4-84c521d3cce0.webp,https://thegreenroasteries.com/product/sri-lanka,SL -250G-G-B,SL -250G-G-B,adult,unisex,"250 g","Arabic Coffee","القهوة العربية","هيل","حبوب مطحونة","UAE"
7132aff3-77b0-4aa6-935d-8602fbaae116,"سريلانكـــا - 500 g - زعفران - حبوب كاملة","نفخر بنكهة القهوة العربية الاماراتية المحضرة حسب أصولها،
بدءا من انتقاء حبوب البن الخضراء وتحميصها بكل حب حتى ً
إضافة الهيل والزعفران، استمتع بتجربة فريدة للتعرف على تقاليدنا وثقافتنا.",95.00 AED,in stock,new,"المحامص الخضراء","القهوة العربية",Food, Beverages & Tobacco > Beverages > Coffee,https://res.cloudinary.com/dgcexgq5g/image/upload/v1751636314/greenroasteries/products/products/ARABICA-sri%20lanka.webp,https://thegreenroasteries.com/product/sri-lanka,	SL-SF-500G-T-B,	SL-SF-500G-T-B,adult,unisex,"500 g","Arabic Coffee","القهوة العربية","زعفران","حبوب كاملة","UAE"
a0b08274-6625-4a15-853d-070c557f7bb0,"سريلانكـــا - 500 g - هيل - حبوب كاملة","نفخر بنكهة القهوة العربية الاماراتية المحضرة حسب أصولها،
بدءا من انتقاء حبوب البن الخضراء وتحميصها بكل حب حتى ً
إضافة الهيل والزعفران، استمتع بتجربة فريدة للتعرف على تقاليدنا وثقافتنا.",86.00 AED,in stock,new,"المحامص الخضراء","القهوة العربية",Food, Beverages & Tobacco > Beverages > Coffee,https://res.cloudinary.com/dgcexgq5g/image/upload/v1751636314/greenroasteries/products/products/ARABICA-sri%20lanka.webp,https://thegreenroasteries.com/product/sri-lanka,SL -500G-T-B,SL -500G-T-B,adult,unisex,"500 g","Arabic Coffee","القهوة العربية","هيل","حبوب كاملة","UAE"
521f77ab-9243-4590-8aae-57d08b9547e7,"فستق حلبي محمص و مملح أكثر  - 250 g","",49.95 AED,in stock,new,"المحامص الخضراء","مكسرات وفواكه مجففة",Food, Beverages & Tobacco > Beverages > Coffee,https://res.cloudinary.com/dgcexgq5g/image/upload/v1751636307/greenroasteries/products/products/NT-PS-T.webp,https://thegreenroasteries.com/product/pistachio-powder-salt,NT-PS-T-250G,NT-PS-T-250G,adult,unisex,"250 g","Arabic Coffee","مكسرات وفواكه مجففة","","","UAE"
58e398b1-1cdb-4ef2-b78c-8725157b539c,"فستق حلبي محمص و مملح أكثر  - 500 g","",66.95 AED,in stock,new,"المحامص الخضراء","مكسرات وفواكه مجففة",Food, Beverages & Tobacco > Beverages > Coffee,https://res.cloudinary.com/dgcexgq5g/image/upload/v1751636307/greenroasteries/products/products/NT-PS-T.webp,https://thegreenroasteries.com/product/pistachio-powder-salt,NT-PS-T-500G,NT-PS-T-500G,adult,unisex,"500 g","Arabic Coffee","مكسرات وفواكه مجففة","","","UAE"
157fee20-c3d5-4c7b-9fba-bd6785e9dc7e,"فستق حلبي محمص و مملح أكثر  - 1 kg","",89.95 AED,in stock,new,"المحامص الخضراء","مكسرات وفواكه مجففة",Food, Beverages & Tobacco > Beverages > Coffee,https://res.cloudinary.com/dgcexgq5g/image/upload/v1751636307/greenroasteries/products/products/NT-PS-T.webp,https://thegreenroasteries.com/product/pistachio-powder-salt,NT-PS-T-1KG,NT-PS-T-1KG,adult,unisex,"1 kg","Arabic Coffee","مكسرات وفواكه مجففة","","","UAE"
9617bbe4-bd84-47d5-9894-470dd1519acf,"نيكاراغـــوا - 250 g - حبوب مطحونة","تعتبر من أشهر مناطق إنتاج القهوة في نيكاراغوا، حيث تتميز بمذاقها السلس والمتوازن باإلضافة إلى نكهة
الشوكوالتة، ويمكن استخدامها لتحضير مجموعة واسعة من أنماط القهوة.",72.95 AED,in stock,new,"المحامص الخضراء","قهوة مقطرة",Food, Beverages & Tobacco > Beverages > Coffee,https://res.cloudinary.com/dgcexgq5g/image/upload/v1751636361/greenroasteries/variations/variations/NIC-MED-ROAS_var_9617bbe4-bd84-47d5-9894-470dd1519acf.webp,https://thegreenroasteries.com/product/nicaragua-2,NI-250G-GG,NI-250G-GG,adult,unisex,"250 g","Arabic Coffee","قهوة مقطرة","","حبوب مطحونة","UAE"
acd99f68-c631-4420-8037-efcc9e254fc4,"نيكاراغـــوا - 250 g - حبوب كاملة","تعتبر من أشهر مناطق إنتاج القهوة في نيكاراغوا، حيث تتميز بمذاقها السلس والمتوازن باإلضافة إلى نكهة
الشوكوالتة، ويمكن استخدامها لتحضير مجموعة واسعة من أنماط القهوة.",72.95 AED,in stock,new,"المحامص الخضراء","قهوة مقطرة",Food, Beverages & Tobacco > Beverages > Coffee,https://res.cloudinary.com/dgcexgq5g/image/upload/v1751636363/greenroasteries/variations/variations/NIC-MED-ROAS_var_acd99f68-c631-4420-8037-efcc9e254fc4.webp,https://thegreenroasteries.com/product/nicaragua-2,NI-250G-WB,NI-250G-WB,adult,unisex,"250 g","Arabic Coffee","قهوة مقطرة","","حبوب كاملة","UAE"
855bb7e9-a4a2-48ac-8bc9-7aee44b4613d,"نيكاراغـــوا - 500 g - حبوب مطحونة","تعتبر من أشهر مناطق إنتاج القهوة في نيكاراغوا، حيث تتميز بمذاقها السلس والمتوازن باإلضافة إلى نكهة
الشوكوالتة، ويمكن استخدامها لتحضير مجموعة واسعة من أنماط القهوة.",129.95 AED,in stock,new,"المحامص الخضراء","قهوة مقطرة",Food, Beverages & Tobacco > Beverages > Coffee,https://res.cloudinary.com/dgcexgq5g/image/upload/v1751636364/greenroasteries/variations/variations/NIC-MED-ROAS_var_855bb7e9-a4a2-48ac-8bc9-7aee44b4613d.webp,https://thegreenroasteries.com/product/nicaragua-2,NI-500G-GG,NI-500G-GG,adult,unisex,"500 g","Arabic Coffee","قهوة مقطرة","","حبوب مطحونة","UAE"
1b22fc3a-d652-4b03-99e0-861d72e5724e,"نيكاراغـــوا - 1 kg - حبوب مطحونة","تعتبر من أشهر مناطق إنتاج القهوة في نيكاراغوا، حيث تتميز بمذاقها السلس والمتوازن باإلضافة إلى نكهة
الشوكوالتة، ويمكن استخدامها لتحضير مجموعة واسعة من أنماط القهوة.",239.95 AED,in stock,new,"المحامص الخضراء","قهوة مقطرة",Food, Beverages & Tobacco > Beverages > Coffee,https://res.cloudinary.com/dgcexgq5g/image/upload/v1751636370/greenroasteries/variations/variations/NIC-MED-ROAS_var_1b22fc3a-d652-4b03-99e0-861d72e5724e.webp,https://thegreenroasteries.com/product/nicaragua-2,NI-1KG-GG,NI-1KG-GG,adult,unisex,"1 kg","Arabic Coffee","قهوة مقطرة","","حبوب مطحونة","UAE"
da9b3018-449d-4f41-8b60-5fe0b245b5ea,"نيكاراغـــوا - 500 g - حبوب كاملة","تعتبر من أشهر مناطق إنتاج القهوة في نيكاراغوا، حيث تتميز بمذاقها السلس والمتوازن باإلضافة إلى نكهة
الشوكوالتة، ويمكن استخدامها لتحضير مجموعة واسعة من أنماط القهوة.",60.00 AED,in stock,new,"المحامص الخضراء","قهوة مقطرة",Food, Beverages & Tobacco > Beverages > Coffee,https://res.cloudinary.com/dgcexgq5g/image/upload/v1751636360/greenroasteries/variations/variations/NIC-MED-ROAS_var_da9b3018-449d-4f41-8b60-5fe0b245b5ea.webp,https://thegreenroasteries.com/product/nicaragua-2,NI-500G-WB,NI-500G-WB,adult,unisex,"500 g","Arabic Coffee","قهوة مقطرة","","حبوب كاملة","UAE"
1fa0a8ca-d7e1-4d4e-88fd-1ef6ec4117a5,"نيكاراغـــوا - 1 kg - حبوب كاملة","تعتبر من أشهر مناطق إنتاج القهوة في نيكاراغوا، حيث تتميز بمذاقها السلس والمتوازن باإلضافة إلى نكهة
الشوكوالتة، ويمكن استخدامها لتحضير مجموعة واسعة من أنماط القهوة.",239.95 AED,in stock,new,"المحامص الخضراء","قهوة مقطرة",Food, Beverages & Tobacco > Beverages > Coffee,https://res.cloudinary.com/dgcexgq5g/image/upload/v1751636567/greenroasteries/variations/variations/NIC-MED-ROAS_var_1fa0a8ca-d7e1-4d4e-88fd-1ef6ec4117a5.webp,https://thegreenroasteries.com/product/nicaragua-2,NI-1KG-WB,NI-1KG-WB,adult,unisex,"1 kg","Arabic Coffee","قهوة مقطرة","","حبوب كاملة","UAE"
ae5a10f8-f210-4c8d-9fa7-eb4c638e3984,"بذور دوار الشمس  محمصة - 250 g","الزريعة السوداء – بذور دوار الشمس المحمصة وغير المقشرة
استمتع بالنكهة الغنية والمقرمشة لبذور دوار الشمس السوداء الفاخرة. تم تحميصها بعناية لتمنحك طعماً شهياً ومغذياً، ومصدرًا طبيعيًا للطاقة والبروتين والدهون الصحية. مثالية كوجبة خفيفة في أي وقت – في المنزل، أو أثناء التنقل، أو مع الأصدقاء.

✓ طبيعية 100٪
✓ بدون مواد حافظة مضافة
✓ غنية بالعناصر الغذائية",9.95 AED,in stock,new,"المحامص الخضراء","مكسرات وفواكه مجففة",Food, Beverages & Tobacco > Beverages > Coffee,https://res.cloudinary.com/dgcexgq5g/image/upload/v1751636319/greenroasteries/products/products/SNK-FLWR.jpg,https://thegreenroasteries.com/product/black-sunflower-seeds,SNK-FLWR-250G,SNK-FLWR-250G,adult,unisex,"250 g","Arabic Coffee","مكسرات وفواكه مجففة","","","UAE"
748cd028-277f-4680-98a0-2325d8e69966,"بذور دوار الشمس  محمصة - 500 g","الزريعة السوداء – بذور دوار الشمس المحمصة وغير المقشرة
استمتع بالنكهة الغنية والمقرمشة لبذور دوار الشمس السوداء الفاخرة. تم تحميصها بعناية لتمنحك طعماً شهياً ومغذياً، ومصدرًا طبيعيًا للطاقة والبروتين والدهون الصحية. مثالية كوجبة خفيفة في أي وقت – في المنزل، أو أثناء التنقل، أو مع الأصدقاء.

✓ طبيعية 100٪
✓ بدون مواد حافظة مضافة
✓ غنية بالعناصر الغذائية",16.95 AED,in stock,new,"المحامص الخضراء","مكسرات وفواكه مجففة",Food, Beverages & Tobacco > Beverages > Coffee,https://res.cloudinary.com/dgcexgq5g/image/upload/v1751636319/greenroasteries/products/products/SNK-FLWR.jpg,https://thegreenroasteries.com/product/black-sunflower-seeds,SNK-FLWR-500G,SNK-FLWR-500G,adult,unisex,"500 g","Arabic Coffee","مكسرات وفواكه مجففة","","","UAE"
0b21865e-d14f-41c0-8224-5a5c9d822592,"بذور دوار الشمس  محمصة - 1 kg","الزريعة السوداء – بذور دوار الشمس المحمصة وغير المقشرة
استمتع بالنكهة الغنية والمقرمشة لبذور دوار الشمس السوداء الفاخرة. تم تحميصها بعناية لتمنحك طعماً شهياً ومغذياً، ومصدرًا طبيعيًا للطاقة والبروتين والدهون الصحية. مثالية كوجبة خفيفة في أي وقت – في المنزل، أو أثناء التنقل، أو مع الأصدقاء.

✓ طبيعية 100٪
✓ بدون مواد حافظة مضافة
✓ غنية بالعناصر الغذائية",29.95 AED,in stock,new,"المحامص الخضراء","مكسرات وفواكه مجففة",Food, Beverages & Tobacco > Beverages > Coffee,https://res.cloudinary.com/dgcexgq5g/image/upload/v1751636319/greenroasteries/products/products/SNK-FLWR.jpg,https://thegreenroasteries.com/product/black-sunflower-seeds,SNK-FLWR-1KG,SNK-FLWR-1KG,adult,unisex,"1 kg","Arabic Coffee","مكسرات وفواكه مجففة","","","UAE"
21a68618-3936-47b7-a68f-7626cfed7ad9,"بازيلاء خضراء مقرمشة بالملح - 250 g","استمتع بقرمشة صحية مع بازيلاء خضراء مقرمشة بالملح. تُحمص حبات البازيلاء الفاخرة بعناية حتى تصل إلى درجة المقرمشة المثالية، ثم تُتبل بخفة بملح البحر النقي لإبراز نكهتها الحلوة والطبيعية. تقدم هذه الوجبة الخفيفة قرمشة مرضية مع نهاية مالحة نظيفة—مثالية للتناول أثناء التنقل، أو لإضافة قوام إلى السلطات، أو للتقديم مع الصلصات المفضّلة لديك.",9.95 AED,in stock,new,"المحامص الخضراء","مكسرات وفواكه مجففة",Food, Beverages & Tobacco > Beverages > Coffee,https://res.cloudinary.com/dgcexgq5g/image/upload/v1751636322/greenroasteries/products/products/GR-PS.webp,https://thegreenroasteries.com/product/crispy-salted-green-peas,GP-SNK-250G,GP-SNK-250G,adult,unisex,"250 g","Arabic Coffee","مكسرات وفواكه مجففة","","","UAE"
1a4d985b-8c54-49db-852a-6c105bb7caf0,"بازيلاء خضراء مقرمشة بالملح - 500 g","استمتع بقرمشة صحية مع بازيلاء خضراء مقرمشة بالملح. تُحمص حبات البازيلاء الفاخرة بعناية حتى تصل إلى درجة المقرمشة المثالية، ثم تُتبل بخفة بملح البحر النقي لإبراز نكهتها الحلوة والطبيعية. تقدم هذه الوجبة الخفيفة قرمشة مرضية مع نهاية مالحة نظيفة—مثالية للتناول أثناء التنقل، أو لإضافة قوام إلى السلطات، أو للتقديم مع الصلصات المفضّلة لديك.",16.95 AED,in stock,new,"المحامص الخضراء","مكسرات وفواكه مجففة",Food, Beverages & Tobacco > Beverages > Coffee,https://res.cloudinary.com/dgcexgq5g/image/upload/v1751636322/greenroasteries/products/products/GR-PS.webp,https://thegreenroasteries.com/product/crispy-salted-green-peas,GP-SNK-500G,GP-SNK-500G,adult,unisex,"500 g","Arabic Coffee","مكسرات وفواكه مجففة","","","UAE"
3363c57d-097b-457c-a6bd-a9a536af96e3,"بازيلاء خضراء مقرمشة بالملح - 1 kg","استمتع بقرمشة صحية مع بازيلاء خضراء مقرمشة بالملح. تُحمص حبات البازيلاء الفاخرة بعناية حتى تصل إلى درجة المقرمشة المثالية، ثم تُتبل بخفة بملح البحر النقي لإبراز نكهتها الحلوة والطبيعية. تقدم هذه الوجبة الخفيفة قرمشة مرضية مع نهاية مالحة نظيفة—مثالية للتناول أثناء التنقل، أو لإضافة قوام إلى السلطات، أو للتقديم مع الصلصات المفضّلة لديك.",29.95 AED,in stock,new,"المحامص الخضراء","مكسرات وفواكه مجففة",Food, Beverages & Tobacco > Beverages > Coffee,https://res.cloudinary.com/dgcexgq5g/image/upload/v1751636322/greenroasteries/products/products/GR-PS.webp,https://thegreenroasteries.com/product/crispy-salted-green-peas,GP-SNK-1KG,GP-SNK-1KG,adult,unisex,"1 kg","Arabic Coffee","مكسرات وفواكه مجففة","","","UAE"
8196ec5d-1a05-4a4f-a776-0be4fd1719ad,"خلطـــة الذيـــد - 1 kg - هيل - حبوب مطحونة","نفخر بنكهة القهوة العربية اإلماراتية المحضرة حسب أصولها،
بدءا من انتقاء حبوب البن الخضراء وتحميصها بكل حب حتى ً
إضافة الهيل والزعفران، استمتع بتجربة فريدة للتعرف على تقاليدنا وثقافتنا.",233.00 AED,in stock,new,"المحامص الخضراء","القهوة العربية",Food, Beverages & Tobacco > Beverages > Coffee,https://res.cloudinary.com/dgcexgq5g/image/upload/v1751636374/greenroasteries/variations/variations/ARABICA-Al%20Dhaid%20Blend_var_8196ec5d-1a05-4a4f-a776-0be4fd1719ad.webp,https://thegreenroasteries.com/product/al-dhaid-blend,AL -1KG-G-B,AL -1KG-G-B,adult,unisex,"1 kg","Arabic Coffee","القهوة العربية","هيل","حبوب مطحونة","UAE"
b4cf67ff-58f3-4f84-a290-6b60e2a934bd,"خلطـــة الذيـــد - 500 g - هيل و زعفران - حبوب مطحونة","نفخر بنكهة القهوة العربية اإلماراتية المحضرة حسب أصولها،
بدءا من انتقاء حبوب البن الخضراء وتحميصها بكل حب حتى ً
إضافة الهيل والزعفران، استمتع بتجربة فريدة للتعرف على تقاليدنا وثقافتنا.",136.00 AED,in stock,new,"المحامص الخضراء","القهوة العربية",Food, Beverages & Tobacco > Beverages > Coffee,https://res.cloudinary.com/dgcexgq5g/image/upload/v1751636376/greenroasteries/variations/variations/ARABICA-Al%20Dhaid%20Blend_var_b4cf67ff-58f3-4f84-a290-6b60e2a934bd.webp,https://thegreenroasteries.com/product/al-dhaid-blend,SF-CA-500G-T-B,SF-CA-500G-T-B,adult,unisex,"500 g","Arabic Coffee","القهوة العربية","هيل و زعفران","حبوب مطحونة","UAE"
1627fd74-82b6-4204-b4de-988f47fda0ff,"خلطـــة الذيـــد - 500 g - هيل - حبوب مطحونة","نفخر بنكهة القهوة العربية اإلماراتية المحضرة حسب أصولها،
بدءا من انتقاء حبوب البن الخضراء وتحميصها بكل حب حتى ً
إضافة الهيل والزعفران، استمتع بتجربة فريدة للتعرف على تقاليدنا وثقافتنا.",121.00 AED,in stock,new,"المحامص الخضراء","القهوة العربية",Food, Beverages & Tobacco > Beverages > Coffee,https://res.cloudinary.com/dgcexgq5g/image/upload/v1751636378/greenroasteries/variations/variations/ARABICA-Al%20Dhaid%20Blend_var_1627fd74-82b6-4204-b4de-988f47fda0ff.webp,https://thegreenroasteries.com/product/al-dhaid-blend,AL -500G-G-B,AL -500G-G-B,adult,unisex,"500 g","Arabic Coffee","القهوة العربية","هيل","حبوب مطحونة","UAE"
14edd3a6-a060-4fbc-b110-140270d655d7,"خلطـــة الذيـــد - 1 kg - هيل و زعفران - حبوب كاملة","نفخر بنكهة القهوة العربية اإلماراتية المحضرة حسب أصولها،
بدءا من انتقاء حبوب البن الخضراء وتحميصها بكل حب حتى ً
إضافة الهيل والزعفران، استمتع بتجربة فريدة للتعرف على تقاليدنا وثقافتنا.",245.00 AED,in stock,new,"المحامص الخضراء","القهوة العربية",Food, Beverages & Tobacco > Beverages > Coffee,https://res.cloudinary.com/dgcexgq5g/image/upload/v1751636379/greenroasteries/variations/variations/ARABICA-Al%20Dhaid%20Blend_var_14edd3a6-a060-4fbc-b110-140270d655d7.webp,https://thegreenroasteries.com/product/al-dhaid-blend,SF-CA-1KG-G-B,SF-CA-1KG-G-B,adult,unisex,"1 kg","Arabic Coffee","القهوة العربية","هيل و زعفران","حبوب كاملة","UAE"
fdcd04f5-e410-44da-b806-4971a37ce213,"خلطـــة الذيـــد - 1 kg - زعفران - حبوب مطحونة","نفخر بنكهة القهوة العربية اإلماراتية المحضرة حسب أصولها،
بدءا من انتقاء حبوب البن الخضراء وتحميصها بكل حب حتى ً
إضافة الهيل والزعفران، استمتع بتجربة فريدة للتعرف على تقاليدنا وثقافتنا.",236.00 AED,in stock,new,"المحامص الخضراء","القهوة العربية",Food, Beverages & Tobacco > Beverages > Coffee,https://res.cloudinary.com/dgcexgq5g/image/upload/v1751636386/greenroasteries/variations/variations/ARABICA-Al%20Dhaid%20Blend_var_fdcd04f5-e410-44da-b806-4971a37ce213.webp,https://thegreenroasteries.com/product/al-dhaid-blend,SF-1KG-G-B,SF-1KG-G-B,adult,unisex,"1 kg","Arabic Coffee","القهوة العربية","زعفران","حبوب مطحونة","UAE"
1fc4bffc-31df-4056-b16d-8923855919c5,"خلطـــة الذيـــد - 500 g - زعفران - حبوب كاملة","نفخر بنكهة القهوة العربية اإلماراتية المحضرة حسب أصولها،
بدءا من انتقاء حبوب البن الخضراء وتحميصها بكل حب حتى ً
إضافة الهيل والزعفران، استمتع بتجربة فريدة للتعرف على تقاليدنا وثقافتنا.",130.00 AED,in stock,new,"المحامص الخضراء","القهوة العربية",Food, Beverages & Tobacco > Beverages > Coffee,https://res.cloudinary.com/dgcexgq5g/image/upload/v1751636396/greenroasteries/variations/variations/ARABICA-Al%20Dhaid%20Blend_var_1fc4bffc-31df-4056-b16d-8923855919c5.webp,https://thegreenroasteries.com/product/al-dhaid-blend,SF-500T-T-B,SF-500T-T-B,adult,unisex,"500 g","Arabic Coffee","القهوة العربية","زعفران","حبوب كاملة","UAE"
4fbc5952-eebc-4f67-be36-67a40c427f7f,"خلطـــة الذيـــد - 500 g - هيل و زعفران - حبوب كاملة","نفخر بنكهة القهوة العربية اإلماراتية المحضرة حسب أصولها،
بدءا من انتقاء حبوب البن الخضراء وتحميصها بكل حب حتى ً
إضافة الهيل والزعفران، استمتع بتجربة فريدة للتعرف على تقاليدنا وثقافتنا.",136.00 AED,in stock,new,"المحامص الخضراء","القهوة العربية",Food, Beverages & Tobacco > Beverages > Coffee,https://res.cloudinary.com/dgcexgq5g/image/upload/v1751636412/greenroasteries/variations/variations/ARABICA-Al%20Dhaid%20Blend_var_4fbc5952-eebc-4f67-be36-67a40c427f7f.webp,https://thegreenroasteries.com/product/al-dhaid-blend,SF-CA-500G-G-B,SF-CA-500G-G-B,adult,unisex,"500 g","Arabic Coffee","القهوة العربية","هيل و زعفران","حبوب كاملة","UAE"
3d3a63d5-b38e-4c13-9593-8b965492a09b,"خلطـــة الذيـــد - 1 kg - زعفران - حبوب كاملة","نفخر بنكهة القهوة العربية اإلماراتية المحضرة حسب أصولها،
بدءا من انتقاء حبوب البن الخضراء وتحميصها بكل حب حتى ً
إضافة الهيل والزعفران، استمتع بتجربة فريدة للتعرف على تقاليدنا وثقافتنا.",236.00 AED,in stock,new,"المحامص الخضراء","القهوة العربية",Food, Beverages & Tobacco > Beverages > Coffee,https://res.cloudinary.com/dgcexgq5g/image/upload/v1751636423/greenroasteries/variations/variations/ARABICA-Al%20Dhaid%20Blend_var_3d3a63d5-b38e-4c13-9593-8b965492a09b.webp,https://thegreenroasteries.com/product/al-dhaid-blend,SF-1KG-T-B,SF-1KG-T-B,adult,unisex,"1 kg","Arabic Coffee","القهوة العربية","زعفران","حبوب كاملة","UAE"
46328681-d4b3-4445-b0eb-b80a85062c9b,"خلطـــة الذيـــد - 500 g - هيل - حبوب كاملة","نفخر بنكهة القهوة العربية اإلماراتية المحضرة حسب أصولها،
بدءا من انتقاء حبوب البن الخضراء وتحميصها بكل حب حتى ً
إضافة الهيل والزعفران، استمتع بتجربة فريدة للتعرف على تقاليدنا وثقافتنا.",121.00 AED,in stock,new,"المحامص الخضراء","القهوة العربية",Food, Beverages & Tobacco > Beverages > Coffee,https://res.cloudinary.com/dgcexgq5g/image/upload/v1751636426/greenroasteries/variations/variations/ARABICA-Al%20Dhaid%20Blend_var_46328681-d4b3-4445-b0eb-b80a85062c9b.webp,https://thegreenroasteries.com/product/al-dhaid-blend,AL -500G-T-B,AL -500G-T-B,adult,unisex,"500 g","Arabic Coffee","القهوة العربية","هيل","حبوب كاملة","UAE"
9970cf6b-d01a-4baf-8677-b2b76dfc7b88,"خلطـــة الذيـــد - 250 g - زعفران - حبوب مطحونة","نفخر بنكهة القهوة العربية اإلماراتية المحضرة حسب أصولها،
بدءا من انتقاء حبوب البن الخضراء وتحميصها بكل حب حتى ً
إضافة الهيل والزعفران، استمتع بتجربة فريدة للتعرف على تقاليدنا وثقافتنا.",74.95 AED,in stock,new,"المحامص الخضراء","القهوة العربية",Food, Beverages & Tobacco > Beverages > Coffee,https://res.cloudinary.com/dgcexgq5g/image/upload/v1751636427/greenroasteries/variations/variations/ARABICA-Al%20Dhaid%20Blend_var_9970cf6b-d01a-4baf-8677-b2b76dfc7b88.webp,https://thegreenroasteries.com/product/al-dhaid-blend,SF-250G-G-B,SF-250G-G-B,adult,unisex,"250 g","Arabic Coffee","القهوة العربية","زعفران","حبوب مطحونة","UAE"
baf05d68-68bc-420a-a6b4-126e2ee3f7e5,"خلطـــة الذيـــد - 500 g - زعفران - حبوب مطحونة","نفخر بنكهة القهوة العربية اإلماراتية المحضرة حسب أصولها،
بدءا من انتقاء حبوب البن الخضراء وتحميصها بكل حب حتى ً
إضافة الهيل والزعفران، استمتع بتجربة فريدة للتعرف على تقاليدنا وثقافتنا.",130.00 AED,in stock,new,"المحامص الخضراء","القهوة العربية",Food, Beverages & Tobacco > Beverages > Coffee,https://res.cloudinary.com/dgcexgq5g/image/upload/v1751636429/greenroasteries/variations/variations/ARABICA-Al%20Dhaid%20Blend_var_baf05d68-68bc-420a-a6b4-126e2ee3f7e5.webp,https://thegreenroasteries.com/product/al-dhaid-blend,SF-500G-G-B,SF-500G-G-B,adult,unisex,"500 g","Arabic Coffee","القهوة العربية","زعفران","حبوب مطحونة","UAE"
0aeaed08-221b-4e33-9384-2c3380eb7b92,"خلطـــة الذيـــد - 250 g - هيل و زعفران - حبوب كاملة","نفخر بنكهة القهوة العربية اإلماراتية المحضرة حسب أصولها،
بدءا من انتقاء حبوب البن الخضراء وتحميصها بكل حب حتى ً
إضافة الهيل والزعفران، استمتع بتجربة فريدة للتعرف على تقاليدنا وثقافتنا.",77.95 AED,in stock,new,"المحامص الخضراء","القهوة العربية",Food, Beverages & Tobacco > Beverages > Coffee,https://res.cloudinary.com/dgcexgq5g/image/upload/v1751636469/greenroasteries/variations/variations/ARABICA-Al%20Dhaid%20Blend_var_0aeaed08-221b-4e33-9384-2c3380eb7b92.webp,https://thegreenroasteries.com/product/al-dhaid-blend,SF-CA-250G-G-B,SF-CA-250G-G-B,adult,unisex,"250 g","Arabic Coffee","القهوة العربية","هيل و زعفران","حبوب كاملة","UAE"
0a8240b2-9e43-499c-b409-f2e0f4e6965c,"خلطـــة الذيـــد - 250 g - هيل - حبوب مطحونة","نفخر بنكهة القهوة العربية اإلماراتية المحضرة حسب أصولها،
بدءا من انتقاء حبوب البن الخضراء وتحميصها بكل حب حتى ً
إضافة الهيل والزعفران، استمتع بتجربة فريدة للتعرف على تقاليدنا وثقافتنا.",67.95 AED,in stock,new,"المحامص الخضراء","القهوة العربية",Food, Beverages & Tobacco > Beverages > Coffee,https://res.cloudinary.com/dgcexgq5g/image/upload/v1751636480/greenroasteries/variations/variations/ARABICA-Al%20Dhaid%20Blend_var_0a8240b2-9e43-499c-b409-f2e0f4e6965c.webp,https://thegreenroasteries.com/product/al-dhaid-blend,AL -250G-G-B,AL -250G-G-B,adult,unisex,"250 g","Arabic Coffee","القهوة العربية","هيل","حبوب مطحونة","UAE"
2fd51453-8165-4d14-87ed-5a5195826f87,"خلطـــة الذيـــد - 1 kg - هيل - حبوب كاملة","نفخر بنكهة القهوة العربية اإلماراتية المحضرة حسب أصولها،
بدءا من انتقاء حبوب البن الخضراء وتحميصها بكل حب حتى ً
إضافة الهيل والزعفران، استمتع بتجربة فريدة للتعرف على تقاليدنا وثقافتنا.",233.00 AED,in stock,new,"المحامص الخضراء","القهوة العربية",Food, Beverages & Tobacco > Beverages > Coffee,https://res.cloudinary.com/dgcexgq5g/image/upload/v1751636482/greenroasteries/variations/variations/ARABICA-Al%20Dhaid%20Blend_var_2fd51453-8165-4d14-87ed-5a5195826f87.webp,https://thegreenroasteries.com/product/al-dhaid-blend,AL -1KG-T-B,AL -1KG-T-B,adult,unisex,"1 kg","Arabic Coffee","القهوة العربية","هيل","حبوب كاملة","UAE"
b0f3219b-be07-4ae5-8d44-c3019f3aa901,"خلطـــة الذيـــد - 250 g - هيل و زعفران - حبوب مطحونة","نفخر بنكهة القهوة العربية اإلماراتية المحضرة حسب أصولها،
بدءا من انتقاء حبوب البن الخضراء وتحميصها بكل حب حتى ً
إضافة الهيل والزعفران، استمتع بتجربة فريدة للتعرف على تقاليدنا وثقافتنا.",77.95 AED,in stock,new,"المحامص الخضراء","القهوة العربية",Food, Beverages & Tobacco > Beverages > Coffee,https://res.cloudinary.com/dgcexgq5g/image/upload/v1751636504/greenroasteries/variations/variations/ARABICA-Al%20Dhaid%20Blend_var_b0f3219b-be07-4ae5-8d44-c3019f3aa901.webp,https://thegreenroasteries.com/product/al-dhaid-blend,AL -SF-250G-T-B,AL -SF-250G-T-B,adult,unisex,"250 g","Arabic Coffee","القهوة العربية","هيل و زعفران","حبوب مطحونة","UAE"
5e5ab1d8-5eb6-4007-b9cf-a785ed50377e,"خلطـــة الذيـــد - 250 g - زعفران - حبوب كاملة","نفخر بنكهة القهوة العربية اإلماراتية المحضرة حسب أصولها،
بدءا من انتقاء حبوب البن الخضراء وتحميصها بكل حب حتى ً
إضافة الهيل والزعفران، استمتع بتجربة فريدة للتعرف على تقاليدنا وثقافتنا.",74.95 AED,in stock,new,"المحامص الخضراء","القهوة العربية",Food, Beverages & Tobacco > Beverages > Coffee,https://res.cloudinary.com/dgcexgq5g/image/upload/v1751636371/greenroasteries/variations/variations/ARABICA-Al%20Dhaid%20Blend_var_5e5ab1d8-5eb6-4007-b9cf-a785ed50377e.webp,https://thegreenroasteries.com/product/al-dhaid-blend,SF-250G-T-B,SF-250G-T-B,adult,unisex,"250 g","Arabic Coffee","القهوة العربية","زعفران","حبوب كاملة","UAE"
c3ccba6c-9da7-40ce-aa5a-7762f9b30030,"خلطـــة الذيـــد - 1 kg - هيل و زعفران - حبوب مطحونة","نفخر بنكهة القهوة العربية اإلماراتية المحضرة حسب أصولها،
بدءا من انتقاء حبوب البن الخضراء وتحميصها بكل حب حتى ً
إضافة الهيل والزعفران، استمتع بتجربة فريدة للتعرف على تقاليدنا وثقافتنا.",245.00 AED,in stock,new,"المحامص الخضراء","القهوة العربية",Food, Beverages & Tobacco > Beverages > Coffee,https://res.cloudinary.com/dgcexgq5g/image/upload/v1751636377/greenroasteries/variations/variations/ARABICA-Al%20Dhaid%20Blend_var_c3ccba6c-9da7-40ce-aa5a-7762f9b30030.webp,https://thegreenroasteries.com/product/al-dhaid-blend,SF-CA-1KG-T-B,SF-CA-1KG-T-B,adult,unisex,"1 kg","Arabic Coffee","القهوة العربية","هيل و زعفران","حبوب مطحونة","UAE"
5d8739c5-2371-46bc-9fab-00ffefe0dd34,"خلطـــة الذيـــد - 250 g - هيل - حبوب كاملة","نفخر بنكهة القهوة العربية اإلماراتية المحضرة حسب أصولها،
بدءا من انتقاء حبوب البن الخضراء وتحميصها بكل حب حتى ً
إضافة الهيل والزعفران، استمتع بتجربة فريدة للتعرف على تقاليدنا وثقافتنا.",67.95 AED,in stock,new,"المحامص الخضراء","القهوة العربية",Food, Beverages & Tobacco > Beverages > Coffee,https://res.cloudinary.com/dgcexgq5g/image/upload/v1751636402/greenroasteries/variations/variations/ARABICA-Al%20Dhaid%20Blend_var_5d8739c5-2371-46bc-9fab-00ffefe0dd34.webp,https://thegreenroasteries.com/product/al-dhaid-blend,AL -250G-T-B,AL -250G-T-B,adult,unisex,"250 g","Arabic Coffee","القهوة العربية","هيل","حبوب كاملة","UAE"
ba289b9a-6339-4e7b-9c06-f9ae7e6c1dae,"برازيـــل - 500 g - هيل - حبوب كاملة","نفخر بنكهة القهوة العربية اإلماراتية المحضرة حسب أصولها،
بدءا من انتقاء حبوب البن الخضراء وتحميصها بكل حب حتى ً
إضافة الهيل والزعفران، استمتع بتجربة فريدة للتعرف على تقاليدنا وثقافتنا.",79.95 AED,in stock,new,"المحامص الخضراء","القهوة العربية",Food, Beverages & Tobacco > Beverages > Coffee,https://res.cloudinary.com/dgcexgq5g/image/upload/v1751636359/greenroasteries/variations/variations/ARABICA-Brazil_var_ba289b9a-6339-4e7b-9c06-f9ae7e6c1dae.webp,https://thegreenroasteries.com/product/brazil,BR -500G-T-B,BR -500G-T-B,adult,unisex,"500 g","Arabic Coffee","القهوة العربية","هيل","حبوب كاملة","UAE"
faebcf18-7cd2-4bf5-8278-c20a7bc16c5a,"برازيـــل - 1 kg - هيل - حبوب مطحونة","نفخر بنكهة القهوة العربية اإلماراتية المحضرة حسب أصولها،
بدءا من انتقاء حبوب البن الخضراء وتحميصها بكل حب حتى ً
إضافة الهيل والزعفران، استمتع بتجربة فريدة للتعرف على تقاليدنا وثقافتنا.",174.00 AED,in stock,new,"المحامص الخضراء","القهوة العربية",Food, Beverages & Tobacco > Beverages > Coffee,https://res.cloudinary.com/dgcexgq5g/image/upload/v1751636373/greenroasteries/variations/variations/ARABICA-Brazil_var_faebcf18-7cd2-4bf5-8278-c20a7bc16c5a.webp,https://thegreenroasteries.com/product/brazil,BR -1KG-G-B,BR -1KG-G-B,adult,unisex,"1 kg","Arabic Coffee","القهوة العربية","هيل","حبوب مطحونة","UAE"
c6c3b5cf-09dd-4940-b658-ac8ac7387ce8,"برازيـــل - 250 g - هيل - حبوب كاملة","نفخر بنكهة القهوة العربية اإلماراتية المحضرة حسب أصولها،
بدءا من انتقاء حبوب البن الخضراء وتحميصها بكل حب حتى ً
إضافة الهيل والزعفران، استمتع بتجربة فريدة للتعرف على تقاليدنا وثقافتنا.",45.95 AED,in stock,new,"المحامص الخضراء","القهوة العربية",Food, Beverages & Tobacco > Beverages > Coffee,https://res.cloudinary.com/dgcexgq5g/image/upload/v1751636416/greenroasteries/variations/variations/ARABICA-Brazil_var_c6c3b5cf-09dd-4940-b658-ac8ac7387ce8.webp,https://thegreenroasteries.com/product/brazil,BR -250G-T-B,BR -250G-T-B,adult,unisex,"250 g","Arabic Coffee","القهوة العربية","هيل","حبوب كاملة","UAE"
120ead2e-03a9-4ec8-8e87-2abccef261c0,"برازيـــل - 250 g - زعفران - حبوب كاملة","نفخر بنكهة القهوة العربية اإلماراتية المحضرة حسب أصولها،
بدءا من انتقاء حبوب البن الخضراء وتحميصها بكل حب حتى ً
إضافة الهيل والزعفران، استمتع بتجربة فريدة للتعرف على تقاليدنا وثقافتنا.",43.95 AED,in stock,new,"المحامص الخضراء","القهوة العربية",Food, Beverages & Tobacco > Beverages > Coffee,https://res.cloudinary.com/dgcexgq5g/image/upload/v1751636519/greenroasteries/variations/variations/ARABICA-Brazil_var_120ead2e-03a9-4ec8-8e87-2abccef261c0.webp,https://thegreenroasteries.com/product/brazil,BR-SF-250G-T-B,BR-SF-250G-T-B,adult,unisex,"250 g","Arabic Coffee","القهوة العربية","زعفران","حبوب كاملة","UAE"
aa382756-5734-48da-98ec-c87524fd6092,"برازيـــل - 500 g - هيل و زعفران - حبوب مطحونة","نفخر بنكهة القهوة العربية اإلماراتية المحضرة حسب أصولها،
بدءا من انتقاء حبوب البن الخضراء وتحميصها بكل حب حتى ً
إضافة الهيل والزعفران، استمتع بتجربة فريدة للتعرف على تقاليدنا وثقافتنا.",96.00 AED,in stock,new,"المحامص الخضراء","القهوة العربية",Food, Beverages & Tobacco > Beverages > Coffee,https://res.cloudinary.com/dgcexgq5g/image/upload/v1751636521/greenroasteries/variations/variations/ARABICA-Brazil_var_aa382756-5734-48da-98ec-c87524fd6092.webp,https://thegreenroasteries.com/product/brazil,BR-SF-CAR-500G-G-B,BR-SF-CAR-500G-G-B,adult,unisex,"500 g","Arabic Coffee","القهوة العربية","هيل و زعفران","حبوب مطحونة","UAE"
cdd74ae7-0d0d-405e-91ba-da9708601d4e,"برازيـــل - 1 kg - زعفران - حبوب كاملة","نفخر بنكهة القهوة العربية اإلماراتية المحضرة حسب أصولها،
بدءا من انتقاء حبوب البن الخضراء وتحميصها بكل حب حتى ً
إضافة الهيل والزعفران، استمتع بتجربة فريدة للتعرف على تقاليدنا وثقافتنا.",156.00 AED,in stock,new,"المحامص الخضراء","القهوة العربية",Food, Beverages & Tobacco > Beverages > Coffee,https://res.cloudinary.com/dgcexgq5g/image/upload/v1751636522/greenroasteries/variations/variations/ARABICA-Brazil_var_cdd74ae7-0d0d-405e-91ba-da9708601d4e.webp,https://thegreenroasteries.com/product/brazil,BR-SF-1KG-T-B,BR-SF-1KG-T-B,adult,unisex,"1 kg","Arabic Coffee","القهوة العربية","زعفران","حبوب كاملة","UAE"
27f6b9fe-4823-4253-9794-a30db9c58415,"برازيـــل - 250 g - هيل و زعفران - حبوب كاملة","نفخر بنكهة القهوة العربية اإلماراتية المحضرة حسب أصولها،
بدءا من انتقاء حبوب البن الخضراء وتحميصها بكل حب حتى ً
إضافة الهيل والزعفران، استمتع بتجربة فريدة للتعرف على تقاليدنا وثقافتنا.",55.95 AED,in stock,new,"المحامص الخضراء","القهوة العربية",Food, Beverages & Tobacco > Beverages > Coffee,https://res.cloudinary.com/dgcexgq5g/image/upload/v1751636524/greenroasteries/variations/variations/ARABICA-Brazil_var_27f6b9fe-4823-4253-9794-a30db9c58415.webp,https://thegreenroasteries.com/product/brazil,BR-SF-CAR-250G-G-B,BR-SF-CAR-250G-G-B,adult,unisex,"250 g","Arabic Coffee","القهوة العربية","هيل و زعفران","حبوب كاملة","UAE"
6520488d-84b1-4ec8-b528-612f8afa7fed,"برازيـــل - 500 g - زعفران - حبوب كاملة","نفخر بنكهة القهوة العربية اإلماراتية المحضرة حسب أصولها،
بدءا من انتقاء حبوب البن الخضراء وتحميصها بكل حب حتى ً
إضافة الهيل والزعفران، استمتع بتجربة فريدة للتعرف على تقاليدنا وثقافتنا.",89.95 AED,in stock,new,"المحامص الخضراء","القهوة العربية",Food, Beverages & Tobacco > Beverages > Coffee,https://res.cloudinary.com/dgcexgq5g/image/upload/v1751636525/greenroasteries/variations/variations/ARABICA-Brazil_var_6520488d-84b1-4ec8-b528-612f8afa7fed.webp,https://thegreenroasteries.com/product/brazil,BR-SF-500G-T-B,BR-SF-500G-T-B,adult,unisex,"500 g","Arabic Coffee","القهوة العربية","زعفران","حبوب كاملة","UAE"
e9ca4489-b990-4ef1-8502-e0e97588acc9,"برازيـــل - 500 g - هيل و زعفران - حبوب كاملة","نفخر بنكهة القهوة العربية اإلماراتية المحضرة حسب أصولها،
بدءا من انتقاء حبوب البن الخضراء وتحميصها بكل حب حتى ً
إضافة الهيل والزعفران، استمتع بتجربة فريدة للتعرف على تقاليدنا وثقافتنا.",96.00 AED,in stock,new,"المحامص الخضراء","القهوة العربية",Food, Beverages & Tobacco > Beverages > Coffee,https://res.cloudinary.com/dgcexgq5g/image/upload/v1751636527/greenroasteries/variations/variations/ARABICA-Brazil_var_e9ca4489-b990-4ef1-8502-e0e97588acc9.webp,https://thegreenroasteries.com/product/brazil,BR-SF-CAR-500G-T-B,BR-SF-CAR-500G-T-B,adult,unisex,"500 g","Arabic Coffee","القهوة العربية","هيل و زعفران","حبوب كاملة","UAE"
b3b55b51-6f3f-4edc-93a8-cb116ea6df6c,"برازيـــل - 1 kg - هيل و زعفران - حبوب كاملة","نفخر بنكهة القهوة العربية اإلماراتية المحضرة حسب أصولها،
بدءا من انتقاء حبوب البن الخضراء وتحميصها بكل حب حتى ً
إضافة الهيل والزعفران، استمتع بتجربة فريدة للتعرف على تقاليدنا وثقافتنا.",165.00 AED,in stock,new,"المحامص الخضراء","القهوة العربية",Food, Beverages & Tobacco > Beverages > Coffee,https://res.cloudinary.com/dgcexgq5g/image/upload/v1751636528/greenroasteries/variations/variations/ARABICA-Brazil_var_b3b55b51-6f3f-4edc-93a8-cb116ea6df6c.webp,https://thegreenroasteries.com/product/brazil,BR-SF-CAR-1KG-T-B,BR-SF-CAR-1KG-T-B,adult,unisex,"1 kg","Arabic Coffee","القهوة العربية","هيل و زعفران","حبوب كاملة","UAE"
a0779d5d-9560-4c75-bed2-4546f5598207,"برازيـــل - 500 g - زعفران - حبوب مطحونة","نفخر بنكهة القهوة العربية اإلماراتية المحضرة حسب أصولها،
بدءا من انتقاء حبوب البن الخضراء وتحميصها بكل حب حتى ً
إضافة الهيل والزعفران، استمتع بتجربة فريدة للتعرف على تقاليدنا وثقافتنا.",89.95 AED,in stock,new,"المحامص الخضراء","القهوة العربية",Food, Beverages & Tobacco > Beverages > Coffee,https://res.cloudinary.com/dgcexgq5g/image/upload/v1751636529/greenroasteries/variations/variations/ARABICA-Brazil_var_a0779d5d-9560-4c75-bed2-4546f5598207.webp,https://thegreenroasteries.com/product/brazil,BR-SF-500G-G-B,BR-SF-500G-G-B,adult,unisex,"500 g","Arabic Coffee","القهوة العربية","زعفران","حبوب مطحونة","UAE"
ab3928d1-3847-48dc-bc24-b8723180de0d,"برازيـــل - 500 g - هيل - حبوب مطحونة","نفخر بنكهة القهوة العربية اإلماراتية المحضرة حسب أصولها،
بدءا من انتقاء حبوب البن الخضراء وتحميصها بكل حب حتى ً
إضافة الهيل والزعفران، استمتع بتجربة فريدة للتعرف على تقاليدنا وثقافتنا.",79.95 AED,in stock,new,"المحامص الخضراء","القهوة العربية",Food, Beverages & Tobacco > Beverages > Coffee,https://res.cloudinary.com/dgcexgq5g/image/upload/v1751636357/greenroasteries/variations/variations/ARABICA-Brazil_var_ab3928d1-3847-48dc-bc24-b8723180de0d.webp,https://thegreenroasteries.com/product/brazil,BR -500G-G-B,BR -500G-G-B,adult,unisex,"500 g","Arabic Coffee","القهوة العربية","هيل","حبوب مطحونة","UAE"
0c803d31-d17e-436d-8c6a-05a25c16cd1f,"برازيـــل - 250 g - هيل - حبوب مطحونة","نفخر بنكهة القهوة العربية اإلماراتية المحضرة حسب أصولها،
بدءا من انتقاء حبوب البن الخضراء وتحميصها بكل حب حتى ً
إضافة الهيل والزعفران، استمتع بتجربة فريدة للتعرف على تقاليدنا وثقافتنا.",45.95 AED,in stock,new,"المحامص الخضراء","القهوة العربية",Food, Beverages & Tobacco > Beverages > Coffee,https://res.cloudinary.com/dgcexgq5g/image/upload/v1751636515/greenroasteries/variations/variations/ARABICA-Brazil_var_0c803d31-d17e-436d-8c6a-05a25c16cd1f.webp,https://thegreenroasteries.com/product/brazil,BR -250G-G-B,BR -250G-G-B,adult,unisex,"250 g","Arabic Coffee","القهوة العربية","هيل","حبوب مطحونة","UAE"
5d3c573d-fbaa-4506-9443-1d25be2ccf74,"برازيـــل - 1 kg - هيل و زعفران - حبوب مطحونة","نفخر بنكهة القهوة العربية اإلماراتية المحضرة حسب أصولها،
بدءا من انتقاء حبوب البن الخضراء وتحميصها بكل حب حتى ً
إضافة الهيل والزعفران، استمتع بتجربة فريدة للتعرف على تقاليدنا وثقافتنا.",165.00 AED,in stock,new,"المحامص الخضراء","القهوة العربية",Food, Beverages & Tobacco > Beverages > Coffee,https://res.cloudinary.com/dgcexgq5g/image/upload/v1751636520/greenroasteries/variations/variations/ARABICA-Brazil_var_5d3c573d-fbaa-4506-9443-1d25be2ccf74.webp,https://thegreenroasteries.com/product/brazil,BR-SF-CAR-1KG-G-B,BR-SF-CAR-1KG-G-B,adult,unisex,"1 kg","Arabic Coffee","القهوة العربية","هيل و زعفران","حبوب مطحونة","UAE"
59e5e0ad-cfc6-46fb-88d4-d8e1e43979d0,"برازيـــل - 250 g - زعفران - حبوب مطحونة","نفخر بنكهة القهوة العربية اإلماراتية المحضرة حسب أصولها،
بدءا من انتقاء حبوب البن الخضراء وتحميصها بكل حب حتى ً
إضافة الهيل والزعفران، استمتع بتجربة فريدة للتعرف على تقاليدنا وثقافتنا.",43.95 AED,in stock,new,"المحامص الخضراء","القهوة العربية",Food, Beverages & Tobacco > Beverages > Coffee,https://res.cloudinary.com/dgcexgq5g/image/upload/v1751636526/greenroasteries/variations/variations/ARABICA-Brazil_var_59e5e0ad-cfc6-46fb-88d4-d8e1e43979d0.webp,https://thegreenroasteries.com/product/brazil,BR-SF-250G-G-B,BR-SF-250G-G-B,adult,unisex,"250 g","Arabic Coffee","القهوة العربية","زعفران","حبوب مطحونة","UAE"
0828fe76-0d79-456a-9b2e-27ddceaa4314,"برازيـــل - 250 g - هيل و زعفران - حبوب مطحونة","نفخر بنكهة القهوة العربية اإلماراتية المحضرة حسب أصولها،
بدءا من انتقاء حبوب البن الخضراء وتحميصها بكل حب حتى ً
إضافة الهيل والزعفران، استمتع بتجربة فريدة للتعرف على تقاليدنا وثقافتنا.",55.95 AED,in stock,new,"المحامص الخضراء","القهوة العربية",Food, Beverages & Tobacco > Beverages > Coffee,https://res.cloudinary.com/dgcexgq5g/image/upload/v1751636532/greenroasteries/variations/variations/ARABICA-Brazil_var_0828fe76-0d79-456a-9b2e-27ddceaa4314.webp,https://thegreenroasteries.com/product/brazil,BR-SF-CAR-250G-T-B,BR-SF-CAR-250G-T-B,adult,unisex,"250 g","Arabic Coffee","القهوة العربية","هيل و زعفران","حبوب مطحونة","UAE"
09b367ed-201d-4a12-a543-b140a82d6a94,"برازيـــل - 1 kg - هيل - حبوب كاملة","نفخر بنكهة القهوة العربية اإلماراتية المحضرة حسب أصولها،
بدءا من انتقاء حبوب البن الخضراء وتحميصها بكل حب حتى ً
إضافة الهيل والزعفران، استمتع بتجربة فريدة للتعرف على تقاليدنا وثقافتنا.",174.00 AED,in stock,new,"المحامص الخضراء","القهوة العربية",Food, Beverages & Tobacco > Beverages > Coffee,https://res.cloudinary.com/dgcexgq5g/image/upload/v1751636667/greenroasteries/variations/variations/ARABICA-Brazil_var_09b367ed-201d-4a12-a543-b140a82d6a94.webp,https://thegreenroasteries.com/product/brazil,BR -1KG-T-B,BR -1KG-T-B,adult,unisex,"1 kg","Arabic Coffee","القهوة العربية","هيل","حبوب كاملة","UAE"
32df07ae-ba76-459c-86ea-b2fe5ea4bbac,"برازيـــل - 1 kg - زعفران - حبوب مطحونة","نفخر بنكهة القهوة العربية اإلماراتية المحضرة حسب أصولها،
بدءا من انتقاء حبوب البن الخضراء وتحميصها بكل حب حتى ً
إضافة الهيل والزعفران، استمتع بتجربة فريدة للتعرف على تقاليدنا وثقافتنا.",156.00 AED,in stock,new,"المحامص الخضراء","القهوة العربية",Food, Beverages & Tobacco > Beverages > Coffee,https://res.cloudinary.com/dgcexgq5g/image/upload/v1751636669/greenroasteries/variations/variations/ARABICA-Brazil_var_32df07ae-ba76-459c-86ea-b2fe5ea4bbac.webp,https://thegreenroasteries.com/product/brazil,BR-SF-1KG-G-B,BR-SF-1KG-G-B,adult,unisex,"1 kg","Arabic Coffee","القهوة العربية","زعفران","حبوب مطحونة","UAE"
976f8cf3-86d4-427c-ac38-db8fc6c9688b,"سحر الشوكولاتة  46 قطعة - 805 g","ثماني نكهات فاخرة تجتمع في تجربة واحدة لا تُنسى: تشيز كيك، كريم الفستق، لوكر الحليب، عصا الشوكولاتة، الشوكولاتة الداكنة، روكي رود، شوكولاتة اللوز، وكريب لاتيه. 46 قطعة من السحر والتميز في كل قضمة.",199.00 AED,in stock,new,"المحامص الخضراء","الشوكولاته",Food, Beverages & Tobacco > Beverages > Coffee,https://res.cloudinary.com/dgcexgq5g/image/upload/v1751636690/greenroasteries/variations/variations/choc-big-46_var_976f8cf3-86d4-427c-ac38-db8fc6c9688b.jpg,https://thegreenroasteries.com/product/choco-magic-46-pieces,choc-big-46,choc-big-46,adult,unisex,"805 g","Arabic Coffee","الشوكولاته","","","UAE"
80004c67-bb34-43c5-a7f0-27ab6a5df1bc,"خلطـــة المســـاء - 1 kg - حبوب كاملة","محصول مميز من المحامص الخضراء يتمتع المحصول بنوتات غنية وجميلة تتناسب مع محبي مشروبات الفلتر الكالسيكي
الخالي من التعقيد وتبرز حالوة المحصول مع مشروبات الحليب بكل أنواعه ويعتبر هذا المحصول مزيج خاص من اختيارنا
الجود المحاصيل.",215.00 AED,in stock,new,"المحامص الخضراء","تحميص الإسبريسو",Food, Beverages & Tobacco > Beverages > Coffee,https://res.cloudinary.com/dgcexgq5g/image/upload/v1751636549/greenroasteries/variations/variations/ESS-MOR-AN_var_80004c67-bb34-43c5-a7f0-27ab6a5df1bc.webp,https://thegreenroasteries.com/product/afternoon-blend-1,ESS-MOR-N-1KG-AN,ESS-MOR-N-1KG-AN,adult,unisex,"1 kg","Arabic Coffee","تحميص الإسبريسو","","حبوب كاملة","UAE"
d8eb8ac2-578b-4180-a554-c0c03ca9cb63,"خلطـــة المســـاء - 500 g - حبوب كاملة","محصول مميز من المحامص الخضراء يتمتع المحصول بنوتات غنية وجميلة تتناسب مع محبي مشروبات الفلتر الكالسيكي
الخالي من التعقيد وتبرز حالوة المحصول مع مشروبات الحليب بكل أنواعه ويعتبر هذا المحصول مزيج خاص من اختيارنا
الجود المحاصيل.",115.00 AED,in stock,new,"المحامص الخضراء","تحميص الإسبريسو",Food, Beverages & Tobacco > Beverages > Coffee,https://res.cloudinary.com/dgcexgq5g/image/upload/v1751636561/greenroasteries/variations/variations/ESS-MOR-AN_var_d8eb8ac2-578b-4180-a554-c0c03ca9cb63.webp,https://thegreenroasteries.com/product/afternoon-blend-1,ESS-MOR-N-500G-AN,ESS-MOR-N-500G-AN,adult,unisex,"500 g","Arabic Coffee","تحميص الإسبريسو","","حبوب كاملة","UAE"
cac6ba2b-0e71-4224-b454-653b6aab05ae,"خلطـــة المســـاء - 500 g - حبوب مطحونة","محصول مميز من المحامص الخضراء يتمتع المحصول بنوتات غنية وجميلة تتناسب مع محبي مشروبات الفلتر الكالسيكي
الخالي من التعقيد وتبرز حالوة المحصول مع مشروبات الحليب بكل أنواعه ويعتبر هذا المحصول مزيج خاص من اختيارنا
الجود المحاصيل.",115.00 AED,in stock,new,"المحامص الخضراء","تحميص الإسبريسو",Food, Beverages & Tobacco > Beverages > Coffee,https://res.cloudinary.com/dgcexgq5g/image/upload/v1751636576/greenroasteries/variations/variations/ESS-MOR-AN_var_cac6ba2b-0e71-4224-b454-653b6aab05ae.webp,https://thegreenroasteries.com/product/afternoon-blend-1,ESS-MOR-G-500G-AN,ESS-MOR-G-500G-AN,adult,unisex,"500 g","Arabic Coffee","تحميص الإسبريسو","","حبوب مطحونة","UAE"
197d1b1f-3187-475a-b377-633c49bc47ac,"خلطـــة المســـاء - 250 g - حبوب مطحونة","محصول مميز من المحامص الخضراء يتمتع المحصول بنوتات غنية وجميلة تتناسب مع محبي مشروبات الفلتر الكالسيكي
الخالي من التعقيد وتبرز حالوة المحصول مع مشروبات الحليب بكل أنواعه ويعتبر هذا المحصول مزيج خاص من اختيارنا
الجود المحاصيل.",64.95 AED,in stock,new,"المحامص الخضراء","تحميص الإسبريسو",Food, Beverages & Tobacco > Beverages > Coffee,https://res.cloudinary.com/dgcexgq5g/image/upload/v1751636640/greenroasteries/variations/variations/ESS-MOR-AN_var_197d1b1f-3187-475a-b377-633c49bc47ac.webp,https://thegreenroasteries.com/product/afternoon-blend-1,ESS-MOR-G-250G-AN,ESS-MOR-G-250G-AN,adult,unisex,"250 g","Arabic Coffee","تحميص الإسبريسو","","حبوب مطحونة","UAE"
d38b3e1a-c919-4bc3-9235-0c7983884727,"خلطـــة المســـاء - 250 g - حبوب كاملة","محصول مميز من المحامص الخضراء يتمتع المحصول بنوتات غنية وجميلة تتناسب مع محبي مشروبات الفلتر الكالسيكي
الخالي من التعقيد وتبرز حالوة المحصول مع مشروبات الحليب بكل أنواعه ويعتبر هذا المحصول مزيج خاص من اختيارنا
الجود المحاصيل.",64.95 AED,in stock,new,"المحامص الخضراء","تحميص الإسبريسو",Food, Beverages & Tobacco > Beverages > Coffee,https://res.cloudinary.com/dgcexgq5g/image/upload/v1751636648/greenroasteries/variations/variations/ESS-MOR-AN_var_d38b3e1a-c919-4bc3-9235-0c7983884727.webp,https://thegreenroasteries.com/product/afternoon-blend-1,ESS-MOR-N-250G-AN,ESS-MOR-N-250G-AN,adult,unisex,"250 g","Arabic Coffee","تحميص الإسبريسو","","حبوب كاملة","UAE"
b85d5c6b-f162-441d-bda9-b474d5f9339c,"خلطـــة المســـاء - 1 kg - حبوب مطحونة","محصول مميز من المحامص الخضراء يتمتع المحصول بنوتات غنية وجميلة تتناسب مع محبي مشروبات الفلتر الكالسيكي
الخالي من التعقيد وتبرز حالوة المحصول مع مشروبات الحليب بكل أنواعه ويعتبر هذا المحصول مزيج خاص من اختيارنا
الجود المحاصيل.",215.00 AED,in stock,new,"المحامص الخضراء","تحميص الإسبريسو",Food, Beverages & Tobacco > Beverages > Coffee,https://res.cloudinary.com/dgcexgq5g/image/upload/v1751636676/greenroasteries/variations/variations/ESS-MOR-AN_var_b85d5c6b-f162-441d-bda9-b474d5f9339c.webp,https://thegreenroasteries.com/product/afternoon-blend-1,ESS-MOR-G-1KG-AN,ESS-MOR-G-1KG-AN,adult,unisex,"1 kg","Arabic Coffee","تحميص الإسبريسو","","حبوب مطحونة","UAE"
fdaced55-150a-4739-b52b-be602ab7e0be,"اثيوبيـــا هامبيـــلا - 1 kg - حبوب كاملة","محصول من أحد أشهر المناطق الرائعة في إثيوبيا منطقة هامبيال، الغنية بالمحاصيل الفاكهية، والتي تشمل عادةً نغمات الزهور
والفواكه وحتى السكر البني. حيث يتم زراعة قهوة هامبيال على ارتفاعات عالية، مما يجعلها تتمتع بنكهة مميزة وغنية،
ومناسبة لمشروبات الحليب والفلتر.",235.00 AED,in stock,new,"المحامص الخضراء","تحميص الإسبريسو",Food, Beverages & Tobacco > Beverages > Coffee,https://res.cloudinary.com/dgcexgq5g/image/upload/v1751636546/greenroasteries/variations/variations/ETH-HAM-ESPRSS-ROAS_var_fdaced55-150a-4739-b52b-be602ab7e0be.webp,https://thegreenroasteries.com/product/ethiopia-hambila-1,ESS-1KG-ETHHAM-T,ESS-1KG-ETHHAM-T,adult,unisex,"1 kg","Arabic Coffee","تحميص الإسبريسو","","حبوب كاملة","UAE"
2636eaba-cb5f-4e29-a2be-e4abfa6944c6,"اثيوبيـــا هامبيـــلا - 500 g - حبوب كاملة","محصول من أحد أشهر المناطق الرائعة في إثيوبيا منطقة هامبيال، الغنية بالمحاصيل الفاكهية، والتي تشمل عادةً نغمات الزهور
والفواكه وحتى السكر البني. حيث يتم زراعة قهوة هامبيال على ارتفاعات عالية، مما يجعلها تتمتع بنكهة مميزة وغنية،
ومناسبة لمشروبات الحليب والفلتر.",125.00 AED,in stock,new,"المحامص الخضراء","تحميص الإسبريسو",Food, Beverages & Tobacco > Beverages > Coffee,https://res.cloudinary.com/dgcexgq5g/image/upload/v1751636565/greenroasteries/variations/variations/ETH-HAM-ESPRSS-ROAS_var_2636eaba-cb5f-4e29-a2be-e4abfa6944c6.webp,https://thegreenroasteries.com/product/ethiopia-hambila-1,ESS-500G-ETHHAM-T,ESS-500G-ETHHAM-T,adult,unisex,"500 g","Arabic Coffee","تحميص الإسبريسو","","حبوب كاملة","UAE"
e6ec50a2-111a-453b-a952-ff24237054d6,"اثيوبيـــا هامبيـــلا - 500 g - حبوب مطحونة","محصول من أحد أشهر المناطق الرائعة في إثيوبيا منطقة هامبيال، الغنية بالمحاصيل الفاكهية، والتي تشمل عادةً نغمات الزهور
والفواكه وحتى السكر البني. حيث يتم زراعة قهوة هامبيال على ارتفاعات عالية، مما يجعلها تتمتع بنكهة مميزة وغنية،
ومناسبة لمشروبات الحليب والفلتر.",125.00 AED,in stock,new,"المحامص الخضراء","تحميص الإسبريسو",Food, Beverages & Tobacco > Beverages > Coffee,https://res.cloudinary.com/dgcexgq5g/image/upload/v1751636574/greenroasteries/variations/variations/ETH-HAM-ESPRSS-ROAS_var_e6ec50a2-111a-453b-a952-ff24237054d6.webp,https://thegreenroasteries.com/product/ethiopia-hambila-1,ESS-500G-ETHHAM-G,ESS-500G-ETHHAM-G,adult,unisex,"500 g","Arabic Coffee","تحميص الإسبريسو","","حبوب مطحونة","UAE"
4b6af000-bfd6-4ef8-8034-a80e357be79d,"اثيوبيـــا هامبيـــلا - 250 g - حبوب مطحونة","محصول من أحد أشهر المناطق الرائعة في إثيوبيا منطقة هامبيال، الغنية بالمحاصيل الفاكهية، والتي تشمل عادةً نغمات الزهور
والفواكه وحتى السكر البني. حيث يتم زراعة قهوة هامبيال على ارتفاعات عالية، مما يجعلها تتمتع بنكهة مميزة وغنية،
ومناسبة لمشروبات الحليب والفلتر.",69.95 AED,in stock,new,"المحامص الخضراء","تحميص الإسبريسو",Food, Beverages & Tobacco > Beverages > Coffee,https://res.cloudinary.com/dgcexgq5g/image/upload/v1751636605/greenroasteries/variations/variations/ETH-HAM-ESPRSS-ROAS_var_4b6af000-bfd6-4ef8-8034-a80e357be79d.webp,https://thegreenroasteries.com/product/ethiopia-hambila-1,ESS-250G-ETHHAM-G,ESS-250G-ETHHAM-G,adult,unisex,"250 g","Arabic Coffee","تحميص الإسبريسو","","حبوب مطحونة","UAE"
90a232d0-e0d5-4014-b941-c6b015c6c3a6,"اثيوبيـــا هامبيـــلا - 1 kg - حبوب مطحونة","محصول من أحد أشهر المناطق الرائعة في إثيوبيا منطقة هامبيال، الغنية بالمحاصيل الفاكهية، والتي تشمل عادةً نغمات الزهور
والفواكه وحتى السكر البني. حيث يتم زراعة قهوة هامبيال على ارتفاعات عالية، مما يجعلها تتمتع بنكهة مميزة وغنية،
ومناسبة لمشروبات الحليب والفلتر.",235.00 AED,in stock,new,"المحامص الخضراء","تحميص الإسبريسو",Food, Beverages & Tobacco > Beverages > Coffee,https://res.cloudinary.com/dgcexgq5g/image/upload/v1751636685/greenroasteries/variations/variations/ETH-HAM-ESPRSS-ROAS_var_90a232d0-e0d5-4014-b941-c6b015c6c3a6.webp,https://thegreenroasteries.com/product/ethiopia-hambila-1,ESS-1KG-ETHHAM-G,ESS-1KG-ETHHAM-G,adult,unisex,"1 kg","Arabic Coffee","تحميص الإسبريسو","","حبوب مطحونة","UAE"
d6ba0386-9a65-4e0e-a54f-5486535e159e,"اثيوبيـــا هامبيـــلا - 250 g - حبوب كاملة","محصول من أحد أشهر المناطق الرائعة في إثيوبيا منطقة هامبيال، الغنية بالمحاصيل الفاكهية، والتي تشمل عادةً نغمات الزهور
والفواكه وحتى السكر البني. حيث يتم زراعة قهوة هامبيال على ارتفاعات عالية، مما يجعلها تتمتع بنكهة مميزة وغنية،
ومناسبة لمشروبات الحليب والفلتر.",69.95 AED,in stock,new,"المحامص الخضراء","تحميص الإسبريسو",Food, Beverages & Tobacco > Beverages > Coffee,https://res.cloudinary.com/dgcexgq5g/image/upload/v1751636599/greenroasteries/variations/variations/ETH-HAM-ESPRSS-ROAS_var_d6ba0386-9a65-4e0e-a54f-5486535e159e.webp,https://thegreenroasteries.com/product/ethiopia-hambila-1,ESS-250G-ETHHAM-T,ESS-250G-ETHHAM-T,adult,unisex,"250 g","Arabic Coffee","تحميص الإسبريسو","","حبوب كاملة","UAE"
ed80c031-d80f-40c4-a7b0-a58664798427,"فخامة الشوكولاتة 50 قطعة - 815 g","تجربة مترفة من 8 نكهات محببة: بسكويت أوريو، كريمة اللوتس، روكي رود، عصا الشوكولاتة، الشوكولاتة الداكنة، تشيز كيك، شوكولاتة اللوز، ولوكر الحليب. 50 قطعة مصممة لتأسر الحواس وتقدم لحظات من الذوق الرفيع.",205.00 AED,in stock,new,"المحامص الخضراء","الشوكولاته",Food, Beverages & Tobacco > Beverages > Coffee,https://res.cloudinary.com/dgcexgq5g/image/upload/v1751636328/greenroasteries/products/products/Choc-big-50.jpg,https://thegreenroasteries.com/product/choco-prestige-50-pieces,Choc-big-50,Choc-big-50,adult,unisex,"815 g","Arabic Coffee","الشوكولاته","","","UAE"
a7935ef3-959f-4962-95bc-62dd08894efd,"كاجو محمص بالملح - 500 g","
استمتع ببساطة الكمال مع كاجو محمص بالملح . نختار أفخر حبات الكاجو ونحمصها جافاً حتى تحصل على لون ذهبي دافئ، ثم نرشها ببرشة خفيفة من ملح البحر النقي. النتيجة وجبة خفيفة مقرمشة ومملحة بشكل متوازن تبرز النكهة الزبدية الطبيعية لحبات الكاجو الفاخرة. مثالي للتناول اليومي، أو إضافته إلى السلطات، أو تقديمه مع الجبن والشاركوتيري كمقبلات كلاسيكية.",67.95 AED,in stock,new,"المحامص الخضراء","مكسرات وفواكه مجففة",Food, Beverages & Tobacco > Beverages > Coffee,https://res.cloudinary.com/dgcexgq5g/image/upload/v1751636338/greenroasteries/products/products/NT-CSH-SLT.webp,https://thegreenroasteries.com/product/salt-roasted-cashews,NT-CSH-SLT-500G,NT-CSH-SLT-500G,adult,unisex,"500 g","Arabic Coffee","مكسرات وفواكه مجففة","","","UAE"
28de9beb-5229-437f-91d6-89fd2dcb67c2,"كاجو محمص بالملح - 1 kg","
استمتع ببساطة الكمال مع كاجو محمص بالملح . نختار أفخر حبات الكاجو ونحمصها جافاً حتى تحصل على لون ذهبي دافئ، ثم نرشها ببرشة خفيفة من ملح البحر النقي. النتيجة وجبة خفيفة مقرمشة ومملحة بشكل متوازن تبرز النكهة الزبدية الطبيعية لحبات الكاجو الفاخرة. مثالي للتناول اليومي، أو إضافته إلى السلطات، أو تقديمه مع الجبن والشاركوتيري كمقبلات كلاسيكية.",116.95 AED,in stock,new,"المحامص الخضراء","مكسرات وفواكه مجففة",Food, Beverages & Tobacco > Beverages > Coffee,https://res.cloudinary.com/dgcexgq5g/image/upload/v1751636338/greenroasteries/products/products/NT-CSH-SLT.webp,https://thegreenroasteries.com/product/salt-roasted-cashews,NT-CSH-SLT-1KG,NT-CSH-SLT-1KG,adult,unisex,"1 kg","Arabic Coffee","مكسرات وفواكه مجففة","","","UAE"
531f5e7d-9698-4ae4-844b-38c269d4b085,"كاجو محمص بالملح - 250 g","
استمتع ببساطة الكمال مع كاجو محمص بالملح . نختار أفخر حبات الكاجو ونحمصها جافاً حتى تحصل على لون ذهبي دافئ، ثم نرشها ببرشة خفيفة من ملح البحر النقي. النتيجة وجبة خفيفة مقرمشة ومملحة بشكل متوازن تبرز النكهة الزبدية الطبيعية لحبات الكاجو الفاخرة. مثالي للتناول اليومي، أو إضافته إلى السلطات، أو تقديمه مع الجبن والشاركوتيري كمقبلات كلاسيكية.",49.95 AED,in stock,new,"المحامص الخضراء","مكسرات وفواكه مجففة",Food, Beverages & Tobacco > Beverages > Coffee,https://res.cloudinary.com/dgcexgq5g/image/upload/v1751636338/greenroasteries/products/products/NT-CSH-SLT.webp,https://thegreenroasteries.com/product/salt-roasted-cashews,NT-CSH-SLT-250G,NT-CSH-SLT-250G,adult,unisex,"250 g","Arabic Coffee","مكسرات وفواكه مجففة","","","UAE"
b4ede6ef-98a9-461e-99aa-48524348b4cd," فستق مملح - 250 g","استمتع بقرمشة فستقنا المملح بملح البحر الفاخر, محمص بعناية ليظهر طعمه الزبدي الطبيعي ثم مغمور برشة خفيفة من ملح البحر لتوازن مثالي بين الملوحة والطعم. غني بالبروتين والألياف والدهون الصحية للقلب، مثالي كوجبة خفيفة أثناء التنقل، أو لإضافة قرمشة مميزة للسلطات وخليط المكسرات.",39.95 AED,in stock,new,"المحامص الخضراء","مكسرات وفواكه مجففة",Food, Beverages & Tobacco > Beverages > Coffee,https://res.cloudinary.com/dgcexgq5g/image/upload/v1751636339/greenroasteries/products/products/NT-PS-SLT.webp,https://thegreenroasteries.com/product/salted-pistachios,NT-PS-SLT-250G,NT-PS-SLT-250G,adult,unisex,"250 g","Arabic Coffee","مكسرات وفواكه مجففة","","","UAE"
efbe96d2-a930-4e24-89fc-8926f116e391," فستق مملح - 500 g","استمتع بقرمشة فستقنا المملح بملح البحر الفاخر, محمص بعناية ليظهر طعمه الزبدي الطبيعي ثم مغمور برشة خفيفة من ملح البحر لتوازن مثالي بين الملوحة والطعم. غني بالبروتين والألياف والدهون الصحية للقلب، مثالي كوجبة خفيفة أثناء التنقل، أو لإضافة قرمشة مميزة للسلطات وخليط المكسرات.",68.95 AED,in stock,new,"المحامص الخضراء","مكسرات وفواكه مجففة",Food, Beverages & Tobacco > Beverages > Coffee,https://res.cloudinary.com/dgcexgq5g/image/upload/v1751636339/greenroasteries/products/products/NT-PS-SLT.webp,https://thegreenroasteries.com/product/salted-pistachios,NT-PS-SLT-500G,NT-PS-SLT-500G,adult,unisex,"500 g","Arabic Coffee","مكسرات وفواكه مجففة","","","UAE"
bebebac8-356a-4563-afdd-08da5e0b8db3," فستق مملح - 1 kg","استمتع بقرمشة فستقنا المملح بملح البحر الفاخر, محمص بعناية ليظهر طعمه الزبدي الطبيعي ثم مغمور برشة خفيفة من ملح البحر لتوازن مثالي بين الملوحة والطعم. غني بالبروتين والألياف والدهون الصحية للقلب، مثالي كوجبة خفيفة أثناء التنقل، أو لإضافة قرمشة مميزة للسلطات وخليط المكسرات.",124.95 AED,in stock,new,"المحامص الخضراء","مكسرات وفواكه مجففة",Food, Beverages & Tobacco > Beverages > Coffee,https://res.cloudinary.com/dgcexgq5g/image/upload/v1751636339/greenroasteries/products/products/NT-PS-SLT.webp,https://thegreenroasteries.com/product/salted-pistachios,NT-PS-SLT-1KG,NT-PS-SLT-1KG,adult,unisex,"1 kg","Arabic Coffee","مكسرات وفواكه مجففة","","","UAE"
b48c5a79-0fab-4d6e-b410-6d96bde5c65c,"توازن الشوكولاتة 54 قطعة - 830 g","خمس نكهات تنسجم بتناغم مثالي: الشوكولاتة الداكنة، تشيز كيك، عصا اللوز، روكي رود، وكريمة الفستق. 54 قطعة تدمج بين النعومة والقرمشة والطعم العميق في كل قضمة.",210.00 AED,in stock,new,"المحامص الخضراء","الشوكولاته",Food, Beverages & Tobacco > Beverages > Coffee,https://res.cloudinary.com/dgcexgq5g/image/upload/v1751636688/greenroasteries/variations/variations/choc-big-54_var_b48c5a79-0fab-4d6e-b410-6d96bde5c65c.jpg,https://thegreenroasteries.com/product/choco-balance-54-pieces,choc-big-54,choc-big-54,adult,unisex,"830 g","Arabic Coffee","الشوكولاته","","","UAE"
defe3caa-795c-46a9-bb46-d1b49df70034,"فراولة مقرمشة - 500 g","دلل نفسك بقرمشته فراولة المتميزة قطع صغيرة من الشوفان والمكسرات مع فراولة مجففة حقيقية، محلاة بلطف بالعسل ولمسة من الفانيليا. تمنحك كل قطعة قرمشة نكهة فاكهية منعشة وقواماً مُرضياً، مثالية كإضافة لوجبة الإفطار، أو وجبة خفيفة أثناء التنقل، أو إضافة لذيذة للزبادي أو العصائر.",186.95 AED,in stock,new,"المحامص الخضراء","مكسرات وفواكه مجففة",Food, Beverages & Tobacco > Beverages > Coffee,https://res.cloudinary.com/dgcexgq5g/image/upload/v1751636344/greenroasteries/products/products/SNK-STRBR.jpg,https://thegreenroasteries.com/product/strawberry-crunch,SNK-STRBR-500G,SNK-STRBR-500G,adult,unisex,"500 g","Arabic Coffee","مكسرات وفواكه مجففة","","","UAE"
8c2a4664-2255-4f42-9e4b-5f3f1e72b8f9,"فراولة مقرمشة - 1 kg","دلل نفسك بقرمشته فراولة المتميزة قطع صغيرة من الشوفان والمكسرات مع فراولة مجففة حقيقية، محلاة بلطف بالعسل ولمسة من الفانيليا. تمنحك كل قطعة قرمشة نكهة فاكهية منعشة وقواماً مُرضياً، مثالية كإضافة لوجبة الإفطار، أو وجبة خفيفة أثناء التنقل، أو إضافة لذيذة للزبادي أو العصائر.",343.95 AED,in stock,new,"المحامص الخضراء","مكسرات وفواكه مجففة",Food, Beverages & Tobacco > Beverages > Coffee,https://res.cloudinary.com/dgcexgq5g/image/upload/v1751636344/greenroasteries/products/products/SNK-STRBR.jpg,https://thegreenroasteries.com/product/strawberry-crunch,SNK-STRBR-1KG,SNK-STRBR-1KG,adult,unisex,"1 kg","Arabic Coffee","مكسرات وفواكه مجففة","","","UAE"
64a0dfe4-f5fc-4e4d-b4e7-0887e9a26aa5,"فراولة مقرمشة - 250 g","دلل نفسك بقرمشته فراولة المتميزة قطع صغيرة من الشوفان والمكسرات مع فراولة مجففة حقيقية، محلاة بلطف بالعسل ولمسة من الفانيليا. تمنحك كل قطعة قرمشة نكهة فاكهية منعشة وقواماً مُرضياً، مثالية كإضافة لوجبة الإفطار، أو وجبة خفيفة أثناء التنقل، أو إضافة لذيذة للزبادي أو العصائر.",109.95 AED,in stock,new,"المحامص الخضراء","مكسرات وفواكه مجففة",Food, Beverages & Tobacco > Beverages > Coffee,https://res.cloudinary.com/dgcexgq5g/image/upload/v1751636344/greenroasteries/products/products/SNK-STRBR.jpg,https://thegreenroasteries.com/product/strawberry-crunch,SNK-STRBR-250G,SNK-STRBR-250G,adult,unisex,"250 g","Arabic Coffee","مكسرات وفواكه مجففة","","","UAE"
7691ad89-9370-41e0-a7ce-a3951a78187f,"بذور اليقطين الصفراء - 250 g","استمتع ببذور اليقطين المحمصة المقرمشة، المحمصة بعناية حتى تصبح ذهبية ومقرمشة، مع رشة خفيفة من ملح البحر. غنية بالبروتين النباتي والدهون الصحية والمعادن الأساسية، وتعد وجبة خفيفة مثالية بمفردها أو إضافة مغذية للسلطات والزبادي و الأطباق المختلفة.",13.95 AED,in stock,new,"المحامص الخضراء","مكسرات وفواكه مجففة",Food, Beverages & Tobacco > Beverages > Coffee,/uploads/products/fdbe1ed6-2867-4232-be62-74bd6ab2b4a7.webp,https://thegreenroasteries.com/product/yellow-checkpeas,SNK-PPKN-250g,SNK-PPKN-250g,adult,unisex,"250 g","Arabic Coffee","مكسرات وفواكه مجففة","","","UAE"
9a564e4d-41e3-41ff-8bbf-02284836a71a,"بذور اليقطين الصفراء - 500 g","استمتع ببذور اليقطين المحمصة المقرمشة، المحمصة بعناية حتى تصبح ذهبية ومقرمشة، مع رشة خفيفة من ملح البحر. غنية بالبروتين النباتي والدهون الصحية والمعادن الأساسية، وتعد وجبة خفيفة مثالية بمفردها أو إضافة مغذية للسلطات والزبادي و الأطباق المختلفة.",21.95 AED,in stock,new,"المحامص الخضراء","مكسرات وفواكه مجففة",Food, Beverages & Tobacco > Beverages > Coffee,/uploads/products/fdbe1ed6-2867-4232-be62-74bd6ab2b4a7.webp,https://thegreenroasteries.com/product/yellow-checkpeas,SNK-PPKN-500g,SNK-PPKN-500g,adult,unisex,"500 g","Arabic Coffee","مكسرات وفواكه مجففة","","","UAE"
2de51549-1f37-47b3-9cd8-1bc0c286c319,"بذور اليقطين الصفراء - 1 kg","استمتع ببذور اليقطين المحمصة المقرمشة، المحمصة بعناية حتى تصبح ذهبية ومقرمشة، مع رشة خفيفة من ملح البحر. غنية بالبروتين النباتي والدهون الصحية والمعادن الأساسية، وتعد وجبة خفيفة مثالية بمفردها أو إضافة مغذية للسلطات والزبادي و الأطباق المختلفة.",39.95 AED,in stock,new,"المحامص الخضراء","مكسرات وفواكه مجففة",Food, Beverages & Tobacco > Beverages > Coffee,/uploads/products/fdbe1ed6-2867-4232-be62-74bd6ab2b4a7.webp,https://thegreenroasteries.com/product/yellow-checkpeas,SNK-PPKN-1kg	,SNK-PPKN-1kg	,adult,unisex,"1 kg","Arabic Coffee","مكسرات وفواكه مجففة","","","UAE"
eb02b1cb-ff74-449c-9fa8-41aa64622628,"كاجو محمص بزعتر - 1 kg","
ارتق بمتعتك الخفيفة مع كاجو محمص بتتبيلة الفلفل الأسود. تُحمص حبات الكاجو الفاخرة جافاً حتى تصبح ذهبية ومقرمشة، ثم تُغلف برشة من الفلفل الأسود المطحون حديثاً ولمسة من ملح البحر. تناغم نكهة الفلفل القوية والعطرية مع كريمة الكاجو الطبيعية يخلق وجبة خفيفة مميزة وفاخرة. تناوله مباشرة، أو أضفه إلى السلطات لإضفاء نكهة إضافية، أو قدمه مع الجبن والشاركوتيري كمقبلات أنيقة.",116.95 AED,in stock,new,"المحامص الخضراء","مكسرات وفواكه مجففة",Food, Beverages & Tobacco > Beverages > Coffee,https://res.cloudinary.com/dgcexgq5g/image/upload/v1751636342/greenroasteries/products/products/NT-CSH-PPR.jpg,https://thegreenroasteries.com/product/zaatar-roasted-cashews,NT-CSH-PPR-1KG,NT-CSH-PPR-1KG,adult,unisex,"1 kg","Arabic Coffee","مكسرات وفواكه مجففة","","","UAE"
7f777479-36ae-4c59-baa9-3a36fab56fa6,"كاجو محمص بزعتر - 500 g","
ارتق بمتعتك الخفيفة مع كاجو محمص بتتبيلة الفلفل الأسود. تُحمص حبات الكاجو الفاخرة جافاً حتى تصبح ذهبية ومقرمشة، ثم تُغلف برشة من الفلفل الأسود المطحون حديثاً ولمسة من ملح البحر. تناغم نكهة الفلفل القوية والعطرية مع كريمة الكاجو الطبيعية يخلق وجبة خفيفة مميزة وفاخرة. تناوله مباشرة، أو أضفه إلى السلطات لإضفاء نكهة إضافية، أو قدمه مع الجبن والشاركوتيري كمقبلات أنيقة.",67.95 AED,in stock,new,"المحامص الخضراء","مكسرات وفواكه مجففة",Food, Beverages & Tobacco > Beverages > Coffee,https://res.cloudinary.com/dgcexgq5g/image/upload/v1751636342/greenroasteries/products/products/NT-CSH-PPR.jpg,https://thegreenroasteries.com/product/zaatar-roasted-cashews,NT-CSH-PPR-500G,NT-CSH-PPR-500G,adult,unisex,"500 g","Arabic Coffee","مكسرات وفواكه مجففة","","","UAE"
21e17c18-64e8-47b9-9a57-37e7fa17de42,"كاجو محمص بزعتر - 250 g","
ارتق بمتعتك الخفيفة مع كاجو محمص بتتبيلة الفلفل الأسود. تُحمص حبات الكاجو الفاخرة جافاً حتى تصبح ذهبية ومقرمشة، ثم تُغلف برشة من الفلفل الأسود المطحون حديثاً ولمسة من ملح البحر. تناغم نكهة الفلفل القوية والعطرية مع كريمة الكاجو الطبيعية يخلق وجبة خفيفة مميزة وفاخرة. تناوله مباشرة، أو أضفه إلى السلطات لإضفاء نكهة إضافية، أو قدمه مع الجبن والشاركوتيري كمقبلات أنيقة.",49.95 AED,in stock,new,"المحامص الخضراء","مكسرات وفواكه مجففة",Food, Beverages & Tobacco > Beverages > Coffee,https://res.cloudinary.com/dgcexgq5g/image/upload/v1751636342/greenroasteries/products/products/NT-CSH-PPR.jpg,https://thegreenroasteries.com/product/zaatar-roasted-cashews,NT-CSH-PPR-250G,NT-CSH-PPR-250G,adult,unisex,"250 g","Arabic Coffee","مكسرات وفواكه مجففة","","","UAE"
1680e655-6581-4789-bba3-7e7cb6659c6c,"فستق حلبي بالليمون - 500 g","تم تحميص حبات الفستق الحلبي عالية الجودة جافًا برفق لإبراز نكهتها الزبدية الطبيعية، ثم تُمَلَّح برفق بملح البحر. عند تشقّق القشرة البيضاء الكريمية، تظهر اللبّ الأخضر الياقوتي الناعم، متوازنًا تمامًا بين المذاق اللذيذ والفوائد المغذية. يمكن تناولها مباشرة من الوعاء، أو رشّها على الزبادي والسلطات لإضفاء قرمشة مرضية، أو تقديمها مع الجبنة والفواكه لتحضير وجبة خفيفة فاخرة بسهولة.",67.95 AED,in stock,new,"المحامص الخضراء","مكسرات وفواكه مجففة",Food, Beverages & Tobacco > Beverages > Coffee,https://res.cloudinary.com/dgcexgq5g/image/upload/v1751636345/greenroasteries/products/products/NT-PS-NR.webp,https://thegreenroasteries.com/product/lemon-pistachios,NT-PS-NR-500G	,NT-PS-NR-500G	,adult,unisex,"500 g","Arabic Coffee","مكسرات وفواكه مجففة","","","UAE"
8fa00485-8568-4aeb-ab98-ba9a155278fb,"فستق حلبي بالليمون - 1 kg","تم تحميص حبات الفستق الحلبي عالية الجودة جافًا برفق لإبراز نكهتها الزبدية الطبيعية، ثم تُمَلَّح برفق بملح البحر. عند تشقّق القشرة البيضاء الكريمية، تظهر اللبّ الأخضر الياقوتي الناعم، متوازنًا تمامًا بين المذاق اللذيذ والفوائد المغذية. يمكن تناولها مباشرة من الوعاء، أو رشّها على الزبادي والسلطات لإضفاء قرمشة مرضية، أو تقديمها مع الجبنة والفواكه لتحضير وجبة خفيفة فاخرة بسهولة.",125.95 AED,in stock,new,"المحامص الخضراء","مكسرات وفواكه مجففة",Food, Beverages & Tobacco > Beverages > Coffee,https://res.cloudinary.com/dgcexgq5g/image/upload/v1751636345/greenroasteries/products/products/NT-PS-NR.webp,https://thegreenroasteries.com/product/lemon-pistachios,NT-PS-NR-250G	,NT-PS-NR-250G	,adult,unisex,"1 kg","Arabic Coffee","مكسرات وفواكه مجففة","","","UAE"
2570bcaf-1246-4a39-a51e-532c45c7ed1a,"فستق حلبي بالليمون - 250 g","تم تحميص حبات الفستق الحلبي عالية الجودة جافًا برفق لإبراز نكهتها الزبدية الطبيعية، ثم تُمَلَّح برفق بملح البحر. عند تشقّق القشرة البيضاء الكريمية، تظهر اللبّ الأخضر الياقوتي الناعم، متوازنًا تمامًا بين المذاق اللذيذ والفوائد المغذية. يمكن تناولها مباشرة من الوعاء، أو رشّها على الزبادي والسلطات لإضفاء قرمشة مرضية، أو تقديمها مع الجبنة والفواكه لتحضير وجبة خفيفة فاخرة بسهولة.",49.95 AED,in stock,new,"المحامص الخضراء","مكسرات وفواكه مجففة",Food, Beverages & Tobacco > Beverages > Coffee,https://res.cloudinary.com/dgcexgq5g/image/upload/v1751636345/greenroasteries/products/products/NT-PS-NR.webp,https://thegreenroasteries.com/product/lemon-pistachios,NT-PS-NR-250G,NT-PS-NR-250G,adult,unisex,"250 g","Arabic Coffee","مكسرات وفواكه مجففة","","","UAE"
da1aace6-64a9-4b67-9d9e-76b8b62c8c94,"جوز البقان المحمص - 250 g","استمتع بجوز البقان المحمص الكلاسيكي، محمص بعناية على طريقة التحميص الجاف ليبرز طعمه الزبدي الطبيعي وقوامه المقـرمش. بدون زيوت أو سكريات مضافة أو توابل ثقيلة، لتقدم لك تجربة خالصة وصحية—مثالي كوجبة خفيفة مباشرة من الوعاء، أو للإضافة في المخبوزات، أو لرشّه على السلطات والحلويات.",57.95 AED,in stock,new,"المحامص الخضراء","مكسرات وفواكه مجففة",Food, Beverages & Tobacco > Beverages > Coffee,https://res.cloudinary.com/dgcexgq5g/image/upload/v1751636350/greenroasteries/products/products/NT-PCN-250G.jpg,https://thegreenroasteries.com/product/roasted-pecans,NT-PCN-250G,NT-PCN-250G,adult,unisex,"250 g","Arabic Coffee","مكسرات وفواكه مجففة","","","UAE"
8620b3b0-8716-4db4-89a2-ab65631357f1,"جوز البقان المحمص - 500 g","استمتع بجوز البقان المحمص الكلاسيكي، محمص بعناية على طريقة التحميص الجاف ليبرز طعمه الزبدي الطبيعي وقوامه المقـرمش. بدون زيوت أو سكريات مضافة أو توابل ثقيلة، لتقدم لك تجربة خالصة وصحية—مثالي كوجبة خفيفة مباشرة من الوعاء، أو للإضافة في المخبوزات، أو لرشّه على السلطات والحلويات.",92.95 AED,in stock,new,"المحامص الخضراء","مكسرات وفواكه مجففة",Food, Beverages & Tobacco > Beverages > Coffee,https://res.cloudinary.com/dgcexgq5g/image/upload/v1751636350/greenroasteries/products/products/NT-PCN-250G.jpg,https://thegreenroasteries.com/product/roasted-pecans,NT-PCN-500G,NT-PCN-500G,adult,unisex,"500 g","Arabic Coffee","مكسرات وفواكه مجففة","","","UAE"
e02c579c-c5c4-4948-850b-fad6fd02506f,"جوز البقان المحمص - 1 kg","استمتع بجوز البقان المحمص الكلاسيكي، محمص بعناية على طريقة التحميص الجاف ليبرز طعمه الزبدي الطبيعي وقوامه المقـرمش. بدون زيوت أو سكريات مضافة أو توابل ثقيلة، لتقدم لك تجربة خالصة وصحية—مثالي كوجبة خفيفة مباشرة من الوعاء، أو للإضافة في المخبوزات، أو لرشّه على السلطات والحلويات.",171.95 AED,in stock,new,"المحامص الخضراء","مكسرات وفواكه مجففة",Food, Beverages & Tobacco > Beverages > Coffee,https://res.cloudinary.com/dgcexgq5g/image/upload/v1751636350/greenroasteries/products/products/NT-PCN-250G.jpg,https://thegreenroasteries.com/product/roasted-pecans,NT-PCN-1KG,NT-PCN-1KG,adult,unisex,"1 kg","Arabic Coffee","مكسرات وفواكه مجففة","","","UAE"
adb38d8e-0dd8-444c-b950-f4998a26ea6f,"رقة الشوكولاتة 16 قطعة - 325 g","تشكيلة فاخرة من خمس نكهات مميزة: تشيز كيك، كريم الفستق، روكي رود، كريمة اللوتس، ولوكر الحليب. كل قطعة تمزج بين النعومة الغنية والمذاق الرفيع لتمنحك لحظات من الاستمتاع الهادئ. هدية مثالية أو لمسة راقية لنفسك.",99.95 AED,in stock,new,"المحامص الخضراء","الشوكولاته",Food, Beverages & Tobacco > Beverages > Coffee,https://res.cloudinary.com/dgcexgq5g/image/upload/v1751636694/greenroasteries/variations/variations/Choc-sm-16_var_adb38d8e-0dd8-444c-b950-f4998a26ea6f.jpg,https://thegreenroasteries.com/product/choco-elegance-16-pieces,Choc-sm-16,Choc-sm-16,adult,unisex,"325 g","Arabic Coffee","الشوكولاته","","","UAE"
3d2b7b12-c368-49fb-9d22-b9bbde4b732c,"لمسة شوكولاتة 18 قطعة - 305 g","تجربة غنية تجمع بين أربع نكهات ساحرة في كل قطعة. استمتع بلمسة التشيز كيك الكريمية، وانغمس في نعومة كريمة اللوتس، وعمق الشوكولاتة الداكنة، مع قرمشة بسكويت الأوريو الفريدة. 18 قطعة من الفخامة صممت لتمنحك لحظات من المتعة في كل قضمة.

",95.00 AED,in stock,new,"المحامص الخضراء","الشوكولاته",Food, Beverages & Tobacco > Beverages > Coffee,https://res.cloudinary.com/dgcexgq5g/image/upload/v1751636696/greenroasteries/variations/variations/Choc-sm-18_var_3d2b7b12-c368-49fb-9d22-b9bbde4b732c.jpg,https://thegreenroasteries.com/product/choco-touch-18-pieces,Choc-sm-18,Choc-sm-18,adult,unisex,"305 g","Arabic Coffee","الشوكولاته","","","UAE"
26663735-25f6-48f7-9afe-dd0934e6dd22,"كينيـــا اسبريسو - 1 kg - حبوب مطحونة","محصول مميز من المحامص الخضراء يتمتع المحصول بنوتات غنية وجميلة تتناسب مع محبي مشروبات الفلتر الكالسيكي
الخالي من التعقيد وتبرز حالوة المحصول مع مشروبات الحليب بكل أنواعه ويعتبر هذا المحصول مزيج خاص من اختيارنا
الجود المحاصيل.",195.00 AED,in stock,new,"المحامص الخضراء","تحميص الإسبريسو",Food, Beverages & Tobacco > Beverages > Coffee,https://res.cloudinary.com/dgcexgq5g/image/upload/v1751636508/greenroasteries/variations/variations/KEN-ESPRSS-ROAS_var_26663735-25f6-48f7-9afe-dd0934e6dd22.webp,https://thegreenroasteries.com/product/kenya-espresso,ESS-1KG-KEN-G,ESS-1KG-KEN-G,adult,unisex,"1 kg","Arabic Coffee","تحميص الإسبريسو","","حبوب مطحونة","UAE"
f773ebf8-578c-4696-b65d-f1c36e1405d1,"كينيـــا اسبريسو - 1 kg - حبوب كاملة","محصول مميز من المحامص الخضراء يتمتع المحصول بنوتات غنية وجميلة تتناسب مع محبي مشروبات الفلتر الكالسيكي
الخالي من التعقيد وتبرز حالوة المحصول مع مشروبات الحليب بكل أنواعه ويعتبر هذا المحصول مزيج خاص من اختيارنا
الجود المحاصيل.",195.00 AED,in stock,new,"المحامص الخضراء","تحميص الإسبريسو",Food, Beverages & Tobacco > Beverages > Coffee,https://res.cloudinary.com/dgcexgq5g/image/upload/v1751636530/greenroasteries/variations/variations/KEN-ESPRSS-ROAS_var_f773ebf8-578c-4696-b65d-f1c36e1405d1.webp,https://thegreenroasteries.com/product/kenya-espresso,ESS-1KG-KEN-T,ESS-1KG-KEN-T,adult,unisex,"1 kg","Arabic Coffee","تحميص الإسبريسو","","حبوب كاملة","UAE"
51b76cd9-e194-483a-aeb8-94daddaf00d6,"كينيـــا اسبريسو - 500 g - حبوب كاملة","محصول مميز من المحامص الخضراء يتمتع المحصول بنوتات غنية وجميلة تتناسب مع محبي مشروبات الفلتر الكالسيكي
الخالي من التعقيد وتبرز حالوة المحصول مع مشروبات الحليب بكل أنواعه ويعتبر هذا المحصول مزيج خاص من اختيارنا
الجود المحاصيل.",105.00 AED,in stock,new,"المحامص الخضراء","تحميص الإسبريسو",Food, Beverages & Tobacco > Beverages > Coffee,https://res.cloudinary.com/dgcexgq5g/image/upload/v1751636582/greenroasteries/variations/variations/KEN-ESPRSS-ROAS_var_51b76cd9-e194-483a-aeb8-94daddaf00d6.webp,https://thegreenroasteries.com/product/kenya-espresso,ESS-500G-KEN-T,ESS-500G-KEN-T,adult,unisex,"500 g","Arabic Coffee","تحميص الإسبريسو","","حبوب كاملة","UAE"
7151d05e-984b-4a16-907c-36250c51e001,"كينيـــا اسبريسو - 250 g - حبوب مطحونة","محصول مميز من المحامص الخضراء يتمتع المحصول بنوتات غنية وجميلة تتناسب مع محبي مشروبات الفلتر الكالسيكي
الخالي من التعقيد وتبرز حالوة المحصول مع مشروبات الحليب بكل أنواعه ويعتبر هذا المحصول مزيج خاص من اختيارنا
الجود المحاصيل.",59.95 AED,in stock,new,"المحامص الخضراء","تحميص الإسبريسو",Food, Beverages & Tobacco > Beverages > Coffee,https://res.cloudinary.com/dgcexgq5g/image/upload/v1751636588/greenroasteries/variations/variations/KEN-ESPRSS-ROAS_var_7151d05e-984b-4a16-907c-36250c51e001.webp,https://thegreenroasteries.com/product/kenya-espresso,ESS-250G-KEN-G,ESS-250G-KEN-G,adult,unisex,"250 g","Arabic Coffee","تحميص الإسبريسو","","حبوب مطحونة","UAE"
43b45e7c-c2c3-4b2f-b322-d0139a8f55be,"كينيـــا اسبريسو - 250 g - حبوب كاملة","محصول مميز من المحامص الخضراء يتمتع المحصول بنوتات غنية وجميلة تتناسب مع محبي مشروبات الفلتر الكالسيكي
الخالي من التعقيد وتبرز حالوة المحصول مع مشروبات الحليب بكل أنواعه ويعتبر هذا المحصول مزيج خاص من اختيارنا
الجود المحاصيل.",59.95 AED,in stock,new,"المحامص الخضراء","تحميص الإسبريسو",Food, Beverages & Tobacco > Beverages > Coffee,https://res.cloudinary.com/dgcexgq5g/image/upload/v1751636591/greenroasteries/variations/variations/KEN-ESPRSS-ROAS_var_43b45e7c-c2c3-4b2f-b322-d0139a8f55be.webp,https://thegreenroasteries.com/product/kenya-espresso,ESS-250G-KEN-T	,ESS-250G-KEN-T	,adult,unisex,"250 g","Arabic Coffee","تحميص الإسبريسو","","حبوب كاملة","UAE"
f34af28b-8e53-42e1-bbe4-f5155ae7badc,"كينيـــا اسبريسو - 500 g - حبوب مطحونة","محصول مميز من المحامص الخضراء يتمتع المحصول بنوتات غنية وجميلة تتناسب مع محبي مشروبات الفلتر الكالسيكي
الخالي من التعقيد وتبرز حالوة المحصول مع مشروبات الحليب بكل أنواعه ويعتبر هذا المحصول مزيج خاص من اختيارنا
الجود المحاصيل.",105.00 AED,in stock,new,"المحامص الخضراء","تحميص الإسبريسو",Food, Beverages & Tobacco > Beverages > Coffee,https://res.cloudinary.com/dgcexgq5g/image/upload/v1751636578/greenroasteries/variations/variations/KEN-ESPRSS-ROAS_var_f34af28b-8e53-42e1-bbe4-f5155ae7badc.webp,https://thegreenroasteries.com/product/kenya-espresso,ESS-500G-KEN-G,ESS-500G-KEN-G,adult,unisex,"500 g","Arabic Coffee","تحميص الإسبريسو","","حبوب مطحونة","UAE"
ddf11358-7cd3-44ab-9f94-80a30bdc91bb,"برازيـــل - 1 kg - حبوب كاملة","ستمتع بمذاق القهوة االصلي من خالل محصول برازيلي مميز ومنتقي بعناية، يتيح مذاق متوازن وبإيحاءات كالسيكية
واضحة كالبندق ، الشوكوالتة يتناسب مع مشروبات الحليب والقهوة السوداء.",165.00 AED,in stock,new,"المحامص الخضراء","تحميص الإسبريسو",Food, Beverages & Tobacco > Beverages > Coffee,https://res.cloudinary.com/dgcexgq5g/image/upload/v1751636505/greenroasteries/variations/variations/ESS-BR_var_ddf11358-7cd3-44ab-9f94-80a30bdc91bb.webp,https://thegreenroasteries.com/product/brazil-1,ESS-1KG-BR-T,ESS-1KG-BR-T,adult,unisex,"1 kg","Arabic Coffee","تحميص الإسبريسو","","حبوب كاملة","UAE"
2c860f90-3459-44d8-ab56-441bbb9c9f32,"برازيـــل - 1 kg - حبوب مطحونة","ستمتع بمذاق القهوة االصلي من خالل محصول برازيلي مميز ومنتقي بعناية، يتيح مذاق متوازن وبإيحاءات كالسيكية
واضحة كالبندق ، الشوكوالتة يتناسب مع مشروبات الحليب والقهوة السوداء.",165.00 AED,in stock,new,"المحامص الخضراء","تحميص الإسبريسو",Food, Beverages & Tobacco > Beverages > Coffee,https://res.cloudinary.com/dgcexgq5g/image/upload/v1751636507/greenroasteries/variations/variations/ESS-BR_var_2c860f90-3459-44d8-ab56-441bbb9c9f32.webp,https://thegreenroasteries.com/product/brazil-1,ESS-1KG-BR-G,ESS-1KG-BR-G,adult,unisex,"1 kg","Arabic Coffee","تحميص الإسبريسو","","حبوب مطحونة","UAE"
7e77ce0b-9b86-4ecd-9cb2-801fdf067ecf,"برازيـــل - 500 g - حبوب كاملة","ستمتع بمذاق القهوة االصلي من خالل محصول برازيلي مميز ومنتقي بعناية، يتيح مذاق متوازن وبإيحاءات كالسيكية
واضحة كالبندق ، الشوكوالتة يتناسب مع مشروبات الحليب والقهوة السوداء.",89.95 AED,in stock,new,"المحامص الخضراء","تحميص الإسبريسو",Food, Beverages & Tobacco > Beverages > Coffee,https://res.cloudinary.com/dgcexgq5g/image/upload/v1751636572/greenroasteries/variations/variations/ESS-BR_var_7e77ce0b-9b86-4ecd-9cb2-801fdf067ecf.webp,https://thegreenroasteries.com/product/brazil-1,ESS-500G-BR-T,ESS-500G-BR-T,adult,unisex,"500 g","Arabic Coffee","تحميص الإسبريسو","","حبوب كاملة","UAE"
e2fa9cb0-9f9a-4c81-9e59-0c1b9a30bbdc,"برازيـــل - 500 g - حبوب مطحونة","ستمتع بمذاق القهوة االصلي من خالل محصول برازيلي مميز ومنتقي بعناية، يتيح مذاق متوازن وبإيحاءات كالسيكية
واضحة كالبندق ، الشوكوالتة يتناسب مع مشروبات الحليب والقهوة السوداء.",89.95 AED,in stock,new,"المحامص الخضراء","تحميص الإسبريسو",Food, Beverages & Tobacco > Beverages > Coffee,https://res.cloudinary.com/dgcexgq5g/image/upload/v1751636580/greenroasteries/variations/variations/ESS-BR_var_e2fa9cb0-9f9a-4c81-9e59-0c1b9a30bbdc.webp,https://thegreenroasteries.com/product/brazil-1,ESS-500G-BR-G,ESS-500G-BR-G,adult,unisex,"500 g","Arabic Coffee","تحميص الإسبريسو","","حبوب مطحونة","UAE"
e2fda84f-4cfd-48a9-aafb-2690cabddba4,"برازيـــل - 250 g - حبوب كاملة","ستمتع بمذاق القهوة االصلي من خالل محصول برازيلي مميز ومنتقي بعناية، يتيح مذاق متوازن وبإيحاءات كالسيكية
واضحة كالبندق ، الشوكوالتة يتناسب مع مشروبات الحليب والقهوة السوداء.",49.95 AED,in stock,new,"المحامص الخضراء","تحميص الإسبريسو",Food, Beverages & Tobacco > Beverages > Coffee,https://res.cloudinary.com/dgcexgq5g/image/upload/v1751636586/greenroasteries/variations/variations/ESS-BR_var_e2fda84f-4cfd-48a9-aafb-2690cabddba4.webp,https://thegreenroasteries.com/product/brazil-1,ESS-250G-BR-GESS-250G-BR-T,ESS-250G-BR-GESS-250G-BR-T,adult,unisex,"250 g","Arabic Coffee","تحميص الإسبريسو","","حبوب كاملة","UAE"
16043397-35ab-4726-a3a6-d9a33e369f23,"برازيـــل - 250 g - حبوب مطحونة","ستمتع بمذاق القهوة االصلي من خالل محصول برازيلي مميز ومنتقي بعناية، يتيح مذاق متوازن وبإيحاءات كالسيكية
واضحة كالبندق ، الشوكوالتة يتناسب مع مشروبات الحليب والقهوة السوداء.",49.95 AED,in stock,new,"المحامص الخضراء","تحميص الإسبريسو",Food, Beverages & Tobacco > Beverages > Coffee,https://res.cloudinary.com/dgcexgq5g/image/upload/v1751636602/greenroasteries/variations/variations/ESS-BR_var_16043397-35ab-4726-a3a6-d9a33e369f23.webp,https://thegreenroasteries.com/product/brazil-1,ESS-250G-BR-G	,ESS-250G-BR-G	,adult,unisex,"250 g","Arabic Coffee","تحميص الإسبريسو","","حبوب مطحونة","UAE"
221c77a3-6c3a-42db-a2de-5e1bacc1db65,"كينيـــا - 500 g - هيل - حبوب مطحونة","نفخر بنكهة القهوة العربية اإلماراتية المحضرة حسب أصولها،
بدءا من انتقاء حبوب البن الخضراء وتحميصها بكل حب حتى ً
إضافة الهيل والزعفران، استمتع بتجربة فريدة للتعرف على تقاليدنا وثقافتنا.",89.00 AED,in stock,new,"المحامص الخضراء","القهوة العربية",Food, Beverages & Tobacco > Beverages > Coffee,https://res.cloudinary.com/dgcexgq5g/image/upload/v1751636398/greenroasteries/variations/variations/ARABICA-kenya_var_221c77a3-6c3a-42db-a2de-5e1bacc1db65.webp,https://thegreenroasteries.com/product/kenya-1,KE -500G-G-B,KE -500G-G-B,adult,unisex,"500 g","Arabic Coffee","القهوة العربية","هيل","حبوب مطحونة","UAE"
de428955-d631-485f-8dc5-abcfa169a430,"كينيـــا - 250 g - هيل - حبوب كاملة","نفخر بنكهة القهوة العربية اإلماراتية المحضرة حسب أصولها،
بدءا من انتقاء حبوب البن الخضراء وتحميصها بكل حب حتى ً
إضافة الهيل والزعفران، استمتع بتجربة فريدة للتعرف على تقاليدنا وثقافتنا.",49.95 AED,in stock,new,"المحامص الخضراء","القهوة العربية",Food, Beverages & Tobacco > Beverages > Coffee,https://res.cloudinary.com/dgcexgq5g/image/upload/v1751636422/greenroasteries/variations/variations/ARABICA-kenya_var_de428955-d631-485f-8dc5-abcfa169a430.webp,https://thegreenroasteries.com/product/kenya-1,KE -250G-T-B,KE -250G-T-B,adult,unisex,"250 g","Arabic Coffee","القهوة العربية","هيل","حبوب كاملة","UAE"
b4ffebcb-58e1-48a6-8288-8a2f59acccfd,"كينيـــا - 500 g - هيل - حبوب كاملة","نفخر بنكهة القهوة العربية اإلماراتية المحضرة حسب أصولها،
بدءا من انتقاء حبوب البن الخضراء وتحميصها بكل حب حتى ً
إضافة الهيل والزعفران، استمتع بتجربة فريدة للتعرف على تقاليدنا وثقافتنا.",89.00 AED,in stock,new,"المحامص الخضراء","القهوة العربية",Food, Beverages & Tobacco > Beverages > Coffee,https://res.cloudinary.com/dgcexgq5g/image/upload/v1751636425/greenroasteries/variations/variations/ARABICA-kenya_var_b4ffebcb-58e1-48a6-8288-8a2f59acccfd.webp,https://thegreenroasteries.com/product/kenya-1,KE -500G-T-B,KE -500G-T-B,adult,unisex,"500 g","Arabic Coffee","القهوة العربية","هيل","حبوب كاملة","UAE"
c4d974dc-d159-4e21-b304-8cf88c5184c6,"كينيـــا - 250 g - زعفران - حبوب كاملة","نفخر بنكهة القهوة العربية اإلماراتية المحضرة حسب أصولها،
بدءا من انتقاء حبوب البن الخضراء وتحميصها بكل حب حتى ً
إضافة الهيل والزعفران، استمتع بتجربة فريدة للتعرف على تقاليدنا وثقافتنا.",57.95 AED,in stock,new,"المحامص الخضراء","القهوة العربية",Food, Beverages & Tobacco > Beverages > Coffee,https://res.cloudinary.com/dgcexgq5g/image/upload/v1751636435/greenroasteries/variations/variations/ARABICA-kenya_var_c4d974dc-d159-4e21-b304-8cf88c5184c6.webp,https://thegreenroasteries.com/product/kenya-1,KE-SF-250G-T-B,KE-SF-250G-T-B,adult,unisex,"250 g","Arabic Coffee","القهوة العربية","زعفران","حبوب كاملة","UAE"
bea5bcf4-1e27-4dbc-b3b4-a390454d5a23,"كينيـــا - 250 g - هيل - حبوب مطحونة","نفخر بنكهة القهوة العربية اإلماراتية المحضرة حسب أصولها،
بدءا من انتقاء حبوب البن الخضراء وتحميصها بكل حب حتى ً
إضافة الهيل والزعفران، استمتع بتجربة فريدة للتعرف على تقاليدنا وثقافتنا.",49.95 AED,in stock,new,"المحامص الخضراء","القهوة العربية",Food, Beverages & Tobacco > Beverages > Coffee,https://res.cloudinary.com/dgcexgq5g/image/upload/v1751636438/greenroasteries/variations/variations/ARABICA-kenya_var_bea5bcf4-1e27-4dbc-b3b4-a390454d5a23.webp,https://thegreenroasteries.com/product/kenya-1,KE -250G-G-B,KE -250G-G-B,adult,unisex,"250 g","Arabic Coffee","القهوة العربية","هيل","حبوب مطحونة","UAE"
972ad734-5b77-4f0d-acf5-e935e02d62c6,"كينيـــا - 500 g - زعفران - حبوب كاملة","نفخر بنكهة القهوة العربية اإلماراتية المحضرة حسب أصولها،
بدءا من انتقاء حبوب البن الخضراء وتحميصها بكل حب حتى ً
إضافة الهيل والزعفران، استمتع بتجربة فريدة للتعرف على تقاليدنا وثقافتنا.",99.95 AED,in stock,new,"المحامص الخضراء","القهوة العربية",Food, Beverages & Tobacco > Beverages > Coffee,https://res.cloudinary.com/dgcexgq5g/image/upload/v1751636448/greenroasteries/variations/variations/ARABICA-kenya_var_972ad734-5b77-4f0d-acf5-e935e02d62c6.webp,https://thegreenroasteries.com/product/kenya-1,KE-SF-500G-T-B,KE-SF-500G-T-B,adult,unisex,"500 g","Arabic Coffee","القهوة العربية","زعفران","حبوب كاملة","UAE"
9b546dc1-1207-4c62-baf3-0da65c931593,"كينيـــا - 500 g - هيل و زعفران - حبوب مطحونة","نفخر بنكهة القهوة العربية اإلماراتية المحضرة حسب أصولها،
بدءا من انتقاء حبوب البن الخضراء وتحميصها بكل حب حتى ً
إضافة الهيل والزعفران، استمتع بتجربة فريدة للتعرف على تقاليدنا وثقافتنا.",106.00 AED,in stock,new,"المحامص الخضراء","القهوة العربية",Food, Beverages & Tobacco > Beverages > Coffee,https://res.cloudinary.com/dgcexgq5g/image/upload/v1751636452/greenroasteries/variations/variations/ARABICA-kenya_var_9b546dc1-1207-4c62-baf3-0da65c931593.webp,https://thegreenroasteries.com/product/kenya-1,KE-SF-CAR-500G-G-B,KE-SF-CAR-500G-G-B,adult,unisex,"500 g","Arabic Coffee","القهوة العربية","هيل و زعفران","حبوب مطحونة","UAE"
34b915cd-90fa-48ba-b808-bdda93afc1bc,"كينيـــا - 250 g - زعفران - حبوب مطحونة","نفخر بنكهة القهوة العربية اإلماراتية المحضرة حسب أصولها،
بدءا من انتقاء حبوب البن الخضراء وتحميصها بكل حب حتى ً
إضافة الهيل والزعفران، استمتع بتجربة فريدة للتعرف على تقاليدنا وثقافتنا.",57.95 AED,in stock,new,"المحامص الخضراء","القهوة العربية",Food, Beverages & Tobacco > Beverages > Coffee,https://res.cloudinary.com/dgcexgq5g/image/upload/v1751636453/greenroasteries/variations/variations/ARABICA-kenya_var_34b915cd-90fa-48ba-b808-bdda93afc1bc.webp,https://thegreenroasteries.com/product/kenya-1,KE-SF-250G-G-B,KE-SF-250G-G-B,adult,unisex,"250 g","Arabic Coffee","القهوة العربية","زعفران","حبوب مطحونة","UAE"
f9aa5dde-ff42-481c-bd97-cbf5c6e2869a,"كينيـــا - 1 kg - هيل و زعفران - حبوب مطحونة","نفخر بنكهة القهوة العربية اإلماراتية المحضرة حسب أصولها،
بدءا من انتقاء حبوب البن الخضراء وتحميصها بكل حب حتى ً
إضافة الهيل والزعفران، استمتع بتجربة فريدة للتعرف على تقاليدنا وثقافتنا.",185.00 AED,in stock,new,"المحامص الخضراء","القهوة العربية",Food, Beverages & Tobacco > Beverages > Coffee,https://res.cloudinary.com/dgcexgq5g/image/upload/v1751636455/greenroasteries/variations/variations/ARABICA-kenya_var_f9aa5dde-ff42-481c-bd97-cbf5c6e2869a.webp,https://thegreenroasteries.com/product/kenya-1,KE-SF-CAR-1KG-G-B,KE-SF-CAR-1KG-G-B,adult,unisex,"1 kg","Arabic Coffee","القهوة العربية","هيل و زعفران","حبوب مطحونة","UAE"
caee7be6-5fd2-4054-8ebd-21481b52c30a,"كينيـــا - 500 g - زعفران - حبوب مطحونة","نفخر بنكهة القهوة العربية اإلماراتية المحضرة حسب أصولها،
بدءا من انتقاء حبوب البن الخضراء وتحميصها بكل حب حتى ً
إضافة الهيل والزعفران، استمتع بتجربة فريدة للتعرف على تقاليدنا وثقافتنا.",99.95 AED,in stock,new,"المحامص الخضراء","القهوة العربية",Food, Beverages & Tobacco > Beverages > Coffee,https://res.cloudinary.com/dgcexgq5g/image/upload/v1751636475/greenroasteries/variations/variations/ARABICA-kenya_var_caee7be6-5fd2-4054-8ebd-21481b52c30a.webp,https://thegreenroasteries.com/product/kenya-1,KE-SF-500G-G-B,KE-SF-500G-G-B,adult,unisex,"500 g","Arabic Coffee","القهوة العربية","زعفران","حبوب مطحونة","UAE"
a2837aa5-73e6-483b-b654-ac74ab579f52,"كينيـــا - 250 g - هيل و زعفران - حبوب كاملة","نفخر بنكهة القهوة العربية اإلماراتية المحضرة حسب أصولها،
بدءا من انتقاء حبوب البن الخضراء وتحميصها بكل حب حتى ً
إضافة الهيل والزعفران، استمتع بتجربة فريدة للتعرف على تقاليدنا وثقافتنا.",59.95 AED,in stock,new,"المحامص الخضراء","القهوة العربية",Food, Beverages & Tobacco > Beverages > Coffee,https://res.cloudinary.com/dgcexgq5g/image/upload/v1751636479/greenroasteries/variations/variations/ARABICA-kenya_var_a2837aa5-73e6-483b-b654-ac74ab579f52.webp,https://thegreenroasteries.com/product/kenya-1,KE-SF-CAR-250G-T-B,KE-SF-CAR-250G-T-B,adult,unisex,"250 g","Arabic Coffee","القهوة العربية","هيل و زعفران","حبوب كاملة","UAE"
25ff6429-1ac6-406c-840d-af62d5a0478a,"كينيـــا - 1 kg - زعفران - حبوب مطحونة","نفخر بنكهة القهوة العربية اإلماراتية المحضرة حسب أصولها،
بدءا من انتقاء حبوب البن الخضراء وتحميصها بكل حب حتى ً
إضافة الهيل والزعفران، استمتع بتجربة فريدة للتعرف على تقاليدنا وثقافتنا.",176.00 AED,in stock,new,"المحامص الخضراء","القهوة العربية",Food, Beverages & Tobacco > Beverages > Coffee,https://res.cloudinary.com/dgcexgq5g/image/upload/v1751636671/greenroasteries/variations/variations/ARABICA-kenya_var_25ff6429-1ac6-406c-840d-af62d5a0478a.webp,https://thegreenroasteries.com/product/kenya-1,KE-SF-1KG-G-B,KE-SF-1KG-G-B,adult,unisex,"1 kg","Arabic Coffee","القهوة العربية","زعفران","حبوب مطحونة","UAE"
3cbd1184-3769-448e-ad83-2ef0e4780adb,"كينيـــا - 1 kg - هيل - حبوب مطحونة","نفخر بنكهة القهوة العربية اإلماراتية المحضرة حسب أصولها،
بدءا من انتقاء حبوب البن الخضراء وتحميصها بكل حب حتى ً
إضافة الهيل والزعفران، استمتع بتجربة فريدة للتعرف على تقاليدنا وثقافتنا.",164.00 AED,in stock,new,"المحامص الخضراء","القهوة العربية",Food, Beverages & Tobacco > Beverages > Coffee,https://res.cloudinary.com/dgcexgq5g/image/upload/v1751636408/greenroasteries/variations/variations/ARABICA-kenya_var_3cbd1184-3769-448e-ad83-2ef0e4780adb.webp,https://thegreenroasteries.com/product/kenya-1,KE -1KG-G-B,KE -1KG-G-B,adult,unisex,"1 kg","Arabic Coffee","القهوة العربية","هيل","حبوب مطحونة","UAE"
9ebc302d-9388-4a30-99be-f52cb3471977,"كينيـــا - 1 kg - هيل - حبوب كاملة","نفخر بنكهة القهوة العربية اإلماراتية المحضرة حسب أصولها،
بدءا من انتقاء حبوب البن الخضراء وتحميصها بكل حب حتى ً
إضافة الهيل والزعفران، استمتع بتجربة فريدة للتعرف على تقاليدنا وثقافتنا.",164.00 AED,in stock,new,"المحامص الخضراء","القهوة العربية",Food, Beverages & Tobacco > Beverages > Coffee,https://res.cloudinary.com/dgcexgq5g/image/upload/v1751636424/greenroasteries/variations/variations/ARABICA-kenya_var_9ebc302d-9388-4a30-99be-f52cb3471977.webp,https://thegreenroasteries.com/product/kenya-1,KE -1KG-T-B,KE -1KG-T-B,adult,unisex,"1 kg","Arabic Coffee","القهوة العربية","هيل","حبوب كاملة","UAE"
eb0f486d-dffd-4f42-8586-0a3bee165d94,"كينيـــا - 500 g - هيل و زعفران - حبوب كاملة","نفخر بنكهة القهوة العربية اإلماراتية المحضرة حسب أصولها،
بدءا من انتقاء حبوب البن الخضراء وتحميصها بكل حب حتى ً
إضافة الهيل والزعفران، استمتع بتجربة فريدة للتعرف على تقاليدنا وثقافتنا.",106.00 AED,in stock,new,"المحامص الخضراء","القهوة العربية",Food, Beverages & Tobacco > Beverages > Coffee,https://res.cloudinary.com/dgcexgq5g/image/upload/v1751636439/greenroasteries/variations/variations/ARABICA-kenya_var_eb0f486d-dffd-4f42-8586-0a3bee165d94.webp,https://thegreenroasteries.com/product/kenya-1,KE-SF-CAR-500G-T-B,KE-SF-CAR-500G-T-B,adult,unisex,"500 g","Arabic Coffee","القهوة العربية","هيل و زعفران","حبوب كاملة","UAE"
a634b39b-c075-417e-a4a2-9e7f4a4764a3,"كينيـــا - 1 kg - هيل و زعفران - حبوب كاملة","نفخر بنكهة القهوة العربية اإلماراتية المحضرة حسب أصولها،
بدءا من انتقاء حبوب البن الخضراء وتحميصها بكل حب حتى ً
إضافة الهيل والزعفران، استمتع بتجربة فريدة للتعرف على تقاليدنا وثقافتنا.",185.00 AED,in stock,new,"المحامص الخضراء","القهوة العربية",Food, Beverages & Tobacco > Beverages > Coffee,https://res.cloudinary.com/dgcexgq5g/image/upload/v1751636462/greenroasteries/variations/variations/ARABICA-kenya_var_a634b39b-c075-417e-a4a2-9e7f4a4764a3.webp,https://thegreenroasteries.com/product/kenya-1,KE-SF-CAR-1KG-T-B,KE-SF-CAR-1KG-T-B,adult,unisex,"1 kg","Arabic Coffee","القهوة العربية","هيل و زعفران","حبوب كاملة","UAE"
41bfe51a-91df-4580-85ef-86717602970d,"كينيـــا - 250 g - هيل و زعفران - حبوب مطحونة","نفخر بنكهة القهوة العربية اإلماراتية المحضرة حسب أصولها،
بدءا من انتقاء حبوب البن الخضراء وتحميصها بكل حب حتى ً
إضافة الهيل والزعفران، استمتع بتجربة فريدة للتعرف على تقاليدنا وثقافتنا.",59.95 AED,in stock,new,"المحامص الخضراء","القهوة العربية",Food, Beverages & Tobacco > Beverages > Coffee,https://res.cloudinary.com/dgcexgq5g/image/upload/v1751636478/greenroasteries/variations/variations/ARABICA-kenya_var_41bfe51a-91df-4580-85ef-86717602970d.webp,https://thegreenroasteries.com/product/kenya-1,KE-SF-CAR-250G-G-B,KE-SF-CAR-250G-G-B,adult,unisex,"250 g","Arabic Coffee","القهوة العربية","هيل و زعفران","حبوب مطحونة","UAE"
784ba873-4ff3-467e-a52e-151d337d526a,"كينيـــا - 1 kg - زعفران - حبوب كاملة","نفخر بنكهة القهوة العربية اإلماراتية المحضرة حسب أصولها،
بدءا من انتقاء حبوب البن الخضراء وتحميصها بكل حب حتى ً
إضافة الهيل والزعفران، استمتع بتجربة فريدة للتعرف على تقاليدنا وثقافتنا.",176.00 AED,in stock,new,"المحامص الخضراء","القهوة العربية",Food, Beverages & Tobacco > Beverages > Coffee,https://res.cloudinary.com/dgcexgq5g/image/upload/v1751636674/greenroasteries/variations/variations/ARABICA-kenya_var_784ba873-4ff3-467e-a52e-151d337d526a.webp,https://thegreenroasteries.com/product/kenya-1,KE-SF-1KG-T-B,KE-SF-1KG-T-B,adult,unisex,"1 kg","Arabic Coffee","القهوة العربية","زعفران","حبوب كاملة","UAE"
09645d82-c425-4bcc-925b-85fe59487edc,"ذرة محمصة بالملح - 500 g","اشبع رغبتك في الوجبات الخفيفة مع ذرة محمصة بالملح. تُحمص حبات الذرة كاملة جافاً حتى تصبح مقرمشة بشكل لا يُقاوم، ثم تُتبل بخفة بملح البحر النقي لإبراز حلاوتها الطبيعية ورائحتها المكسرية. كل قضمة تمنحك قرمشة مقرمشة ونهاية مالحة نظيفة—مثالية للتناول بدون ذنب، أو رشة إضافية فوق السلطات لمزيد من القوام، أو للاستمتاع بها مع الصلصات المفضّلة لديك.",22.95 AED,in stock,new,"المحامص الخضراء","مكسرات وفواكه مجففة",Food, Beverages & Tobacco > Beverages > Coffee,https://res.cloudinary.com/dgcexgq5g/image/upload/v1751636280/greenroasteries/products/products/CORN-NR.jpg,https://thegreenroasteries.com/product/salt-roasted-corn-kernels,SNK-CR-500G,SNK-CR-500G,adult,unisex,"500 g","Arabic Coffee","مكسرات وفواكه مجففة","","","UAE"
3730e4fb-4a82-46e9-b1f9-a3e7c3324b69,"ذرة محمصة بالملح - 250 g","اشبع رغبتك في الوجبات الخفيفة مع ذرة محمصة بالملح. تُحمص حبات الذرة كاملة جافاً حتى تصبح مقرمشة بشكل لا يُقاوم، ثم تُتبل بخفة بملح البحر النقي لإبراز حلاوتها الطبيعية ورائحتها المكسرية. كل قضمة تمنحك قرمشة مقرمشة ونهاية مالحة نظيفة—مثالية للتناول بدون ذنب، أو رشة إضافية فوق السلطات لمزيد من القوام، أو للاستمتاع بها مع الصلصات المفضّلة لديك.",12.95 AED,in stock,new,"المحامص الخضراء","مكسرات وفواكه مجففة",Food, Beverages & Tobacco > Beverages > Coffee,https://res.cloudinary.com/dgcexgq5g/image/upload/v1751636280/greenroasteries/products/products/CORN-NR.jpg,https://thegreenroasteries.com/product/salt-roasted-corn-kernels,SNK-CR-250G,SNK-CR-250G,adult,unisex,"250 g","Arabic Coffee","مكسرات وفواكه مجففة","","","UAE"
8299af05-d1e7-4096-9548-65f046c58cd3,"ذرة محمصة بالملح - 1 kg","اشبع رغبتك في الوجبات الخفيفة مع ذرة محمصة بالملح. تُحمص حبات الذرة كاملة جافاً حتى تصبح مقرمشة بشكل لا يُقاوم، ثم تُتبل بخفة بملح البحر النقي لإبراز حلاوتها الطبيعية ورائحتها المكسرية. كل قضمة تمنحك قرمشة مقرمشة ونهاية مالحة نظيفة—مثالية للتناول بدون ذنب، أو رشة إضافية فوق السلطات لمزيد من القوام، أو للاستمتاع بها مع الصلصات المفضّلة لديك.",39.95 AED,in stock,new,"المحامص الخضراء","مكسرات وفواكه مجففة",Food, Beverages & Tobacco > Beverages > Coffee,https://res.cloudinary.com/dgcexgq5g/image/upload/v1751636280/greenroasteries/products/products/CORN-NR.jpg,https://thegreenroasteries.com/product/salt-roasted-corn-kernels,SNK-CR-1KG,SNK-CR-1KG,adult,unisex,"1 kg","Arabic Coffee","مكسرات وفواكه مجففة","","","UAE"
86c89944-5346-46ae-87ee-10e5583d14c5,"لحظات الشوكولاتة 26 قطعة - 375 g","لحظات من المتعة الخالصة مع شوكولاتة اللوز الغنية وعصا الشوكولاتة الفاخرة. توليفة بسيطة لكنها أنيقة لعشاق الطعم الأصيل والقوام المميز. كل قطعة تُصنع لتُستمتع بها.",99.00 AED,in stock,new,"المحامص الخضراء","الشوكولاته",Food, Beverages & Tobacco > Beverages > Coffee,https://res.cloudinary.com/dgcexgq5g/image/upload/v1751636665/greenroasteries/variations/variations/Choc-sm-26_var_86c89944-5346-46ae-87ee-10e5583d14c5.jpg,https://thegreenroasteries.com/product/choco-moments-26-pieces,Choc-sm-26,Choc-sm-26,adult,unisex,"375 g","Arabic Coffee","الشوكولاته","","","UAE"
6ed0a70f-87ea-42f1-9684-68aebf098811,"لوز طبيعي نيء - 500 g","استمتع بقرمشة صحية مع لوز طبيعي نيء. يتم اختيار هذه الحبات بعناية وتقشيرها خفيفاً للحفاظ على نكهتها المكسرية الأصلية وغناها بالعناصر الغذائية. لوز نيء مقرمش يحتفظ بجميع الفيتامينات والمعادن والدهون الصحية للقلب. مثالي كوجبة خفيفة بسيطة، أو إضافته إلى الزبادي أو الشوفان، أو استخدامه في إعداد زبدة اللوز منزلي الصنع أو حليب اللوز الخالي من الألبان.",46.95 AED,in stock,new,"المحامص الخضراء","مكسرات وفواكه مجففة",Food, Beverages & Tobacco > Beverages > Coffee,https://res.cloudinary.com/dgcexgq5g/image/upload/v1751636291/greenroasteries/products/products/ALMD-RW.jpg,https://thegreenroasteries.com/product/natural-raw-almonds,ALMD-RW-500G,ALMD-RW-500G,adult,unisex,"500 g","Arabic Coffee","مكسرات وفواكه مجففة","","","UAE"
2a44e0bb-ba97-47ac-8ea3-53d1ec9b175f,"لوز طبيعي نيء - 1 kg","استمتع بقرمشة صحية مع لوز طبيعي نيء. يتم اختيار هذه الحبات بعناية وتقشيرها خفيفاً للحفاظ على نكهتها المكسرية الأصلية وغناها بالعناصر الغذائية. لوز نيء مقرمش يحتفظ بجميع الفيتامينات والمعادن والدهون الصحية للقلب. مثالي كوجبة خفيفة بسيطة، أو إضافته إلى الزبادي أو الشوفان، أو استخدامه في إعداد زبدة اللوز منزلي الصنع أو حليب اللوز الخالي من الألبان.",84.95 AED,in stock,new,"المحامص الخضراء","مكسرات وفواكه مجففة",Food, Beverages & Tobacco > Beverages > Coffee,https://res.cloudinary.com/dgcexgq5g/image/upload/v1751636291/greenroasteries/products/products/ALMD-RW.jpg,https://thegreenroasteries.com/product/natural-raw-almonds,ALMD-RW-1KG,ALMD-RW-1KG,adult,unisex,"1 kg","Arabic Coffee","مكسرات وفواكه مجففة","","","UAE"
ced133b5-4c83-4ec2-8f9b-e6c68edcf527,"لوز طبيعي نيء - 250 g","استمتع بقرمشة صحية مع لوز طبيعي نيء. يتم اختيار هذه الحبات بعناية وتقشيرها خفيفاً للحفاظ على نكهتها المكسرية الأصلية وغناها بالعناصر الغذائية. لوز نيء مقرمش يحتفظ بجميع الفيتامينات والمعادن والدهون الصحية للقلب. مثالي كوجبة خفيفة بسيطة، أو إضافته إلى الزبادي أو الشوفان، أو استخدامه في إعداد زبدة اللوز منزلي الصنع أو حليب اللوز الخالي من الألبان.",27.95 AED,in stock,new,"المحامص الخضراء","مكسرات وفواكه مجففة",Food, Beverages & Tobacco > Beverages > Coffee,https://res.cloudinary.com/dgcexgq5g/image/upload/v1751636291/greenroasteries/products/products/ALMD-RW.jpg,https://thegreenroasteries.com/product/natural-raw-almonds,ALMD-RW-250G,ALMD-RW-250G,adult,unisex,"250 g","Arabic Coffee","مكسرات وفواكه مجففة","","","UAE"
8ab843f7-093a-4ba5-bfbb-5587599cbcf6,"مزيج المكسرات الفاخر - 250 g","دلّل حواسك بمزيج المكسرات الفاخر—خليط منتقى بعناية من الكاجو، اللوز، الفستق، جوز الماكاكاديميا، والجوز الأمريكي (البيكان). كل حبة مكسرات تُحمص بخفة وتتبل بلمسة من ملح البحر لإبراز نكهتها الطبيعية وقوامها المقرمش. يقدم هذا المزيج الفاخر تباينًا رائعًا في القوام والطعوم، بدءًا من نعومة الماكاكاديميا الزبدية إلى نكهات البيكان الغنية. مثالي لاستضافة الضيوف بأناقة، أو لوجبة خفيفة تعزز طاقتك خلال اليوم، أو لإضافة قرمشة مميزة إلى وصفاتك المفضّلة.",49.95 AED,in stock,new,"المحامص الخضراء","مكسرات وفواكه مجففة",Food, Beverages & Tobacco > Beverages > Coffee,https://res.cloudinary.com/dgcexgq5g/image/upload/v1751636299/greenroasteries/products/products/MX-DLX.webp,https://thegreenroasteries.com/product/premuim-mixed-nuts,MX-DLX-250G,MX-DLX-250G,adult,unisex,"250 g","Arabic Coffee","مكسرات وفواكه مجففة","","","UAE"
44831be8-93b7-495a-a538-2bc21e25d179,"مزيج المكسرات الفاخر - 500 g","دلّل حواسك بمزيج المكسرات الفاخر—خليط منتقى بعناية من الكاجو، اللوز، الفستق، جوز الماكاكاديميا، والجوز الأمريكي (البيكان). كل حبة مكسرات تُحمص بخفة وتتبل بلمسة من ملح البحر لإبراز نكهتها الطبيعية وقوامها المقرمش. يقدم هذا المزيج الفاخر تباينًا رائعًا في القوام والطعوم، بدءًا من نعومة الماكاكاديميا الزبدية إلى نكهات البيكان الغنية. مثالي لاستضافة الضيوف بأناقة، أو لوجبة خفيفة تعزز طاقتك خلال اليوم، أو لإضافة قرمشة مميزة إلى وصفاتك المفضّلة.",67.95 AED,in stock,new,"المحامص الخضراء","مكسرات وفواكه مجففة",Food, Beverages & Tobacco > Beverages > Coffee,https://res.cloudinary.com/dgcexgq5g/image/upload/v1751636299/greenroasteries/products/products/MX-DLX.webp,https://thegreenroasteries.com/product/premuim-mixed-nuts,MX-DLX-500G,MX-DLX-500G,adult,unisex,"500 g","Arabic Coffee","مكسرات وفواكه مجففة","","","UAE"
60b0dc5e-f392-4c1f-8362-c3250f7da2d4,"مزيج المكسرات الفاخر - 1 kg","دلّل حواسك بمزيج المكسرات الفاخر—خليط منتقى بعناية من الكاجو، اللوز، الفستق، جوز الماكاكاديميا، والجوز الأمريكي (البيكان). كل حبة مكسرات تُحمص بخفة وتتبل بلمسة من ملح البحر لإبراز نكهتها الطبيعية وقوامها المقرمش. يقدم هذا المزيج الفاخر تباينًا رائعًا في القوام والطعوم، بدءًا من نعومة الماكاكاديميا الزبدية إلى نكهات البيكان الغنية. مثالي لاستضافة الضيوف بأناقة، أو لوجبة خفيفة تعزز طاقتك خلال اليوم، أو لإضافة قرمشة مميزة إلى وصفاتك المفضّلة.",129.95 AED,in stock,new,"المحامص الخضراء","مكسرات وفواكه مجففة",Food, Beverages & Tobacco > Beverages > Coffee,https://res.cloudinary.com/dgcexgq5g/image/upload/v1751636299/greenroasteries/products/products/MX-DLX.webp,https://thegreenroasteries.com/product/premuim-mixed-nuts,MX-DLX-1KG,MX-DLX-1KG,adult,unisex,"1 kg","Arabic Coffee","مكسرات وفواكه مجففة","","","UAE"
5fedafd8-4a53-4442-9979-c709df476805," المكاديميا المملحة","
استمتع بالنكهة الغنية والقوام الزبدي لمكسرات المكاديميا الفاخرة، المحمّصة بعناية والمملحة بخفة لإبراز طعمها الطبيعي. وجبة خفيفة فاخرة ولذيذة ترضي ذوقك، سواء كنت تتناولها بمفردك أو مع الآخرين.",90.00 AED,in stock,new,"المحامص الخضراء","مكسرات وفواكه مجففة",Food, Beverages & Tobacco > Beverages > Coffee,https://res.cloudinary.com/dgcexgq5g/image/upload/v1751636306/greenroasteries/products/products/NT-GLD.webp,https://thegreenroasteries.com/product/salted-macadamia-nuts,NT-GLD,NT-GLD,adult,unisex,"","Arabic Coffee","مكسرات وفواكه مجففة","","","UAE"
dec81dff-c76f-4e03-b0d0-1c7ab5bb93d3,"برازيـــل - 1 kg - حبوب مطحونة","ستمتع بمذاق القهوة االصلي من خالل محصول برازيلي مميز ومنتقي بعناية، يتيح مذاق متوازن وبإيحاءات كالسيكية
واضحة كالبندق ، الشوكوالتة يتناسب مع مشروبات الحليب والقهوة السوداء.",165.00 AED,in stock,new,"المحامص الخضراء","قهوة مقطرة",Food, Beverages & Tobacco > Beverages > Coffee,https://res.cloudinary.com/dgcexgq5g/image/upload/v1751636415/greenroasteries/variations/variations/BRE-MED-ROAS_var_dec81dff-c76f-4e03-b0d0-1c7ab5bb93d3.webp,https://thegreenroasteries.com/product/brazil-2,BR-1KG-GG,BR-1KG-GG,adult,unisex,"1 kg","Arabic Coffee","قهوة مقطرة","","حبوب مطحونة","UAE"
2483c890-33b0-4908-a7fe-5f0fd77fb5d5,"برازيـــل - 250 g - حبوب مطحونة","ستمتع بمذاق القهوة االصلي من خالل محصول برازيلي مميز ومنتقي بعناية، يتيح مذاق متوازن وبإيحاءات كالسيكية
واضحة كالبندق ، الشوكوالتة يتناسب مع مشروبات الحليب والقهوة السوداء.",49.95 AED,in stock,new,"المحامص الخضراء","قهوة مقطرة",Food, Beverages & Tobacco > Beverages > Coffee,https://res.cloudinary.com/dgcexgq5g/image/upload/v1751636418/greenroasteries/variations/variations/BRE-MED-ROAS_var_2483c890-33b0-4908-a7fe-5f0fd77fb5d5.webp,https://thegreenroasteries.com/product/brazil-2,BR-250G-GG,BR-250G-GG,adult,unisex,"250 g","Arabic Coffee","قهوة مقطرة","","حبوب مطحونة","UAE"
f8cbe933-0237-4631-ad77-bda7ef4fc70b,"برازيـــل - 500 g - حبوب كاملة","ستمتع بمذاق القهوة االصلي من خالل محصول برازيلي مميز ومنتقي بعناية، يتيح مذاق متوازن وبإيحاءات كالسيكية
واضحة كالبندق ، الشوكوالتة يتناسب مع مشروبات الحليب والقهوة السوداء.",89.95 AED,in stock,new,"المحامص الخضراء","قهوة مقطرة",Food, Beverages & Tobacco > Beverages > Coffee,https://res.cloudinary.com/dgcexgq5g/image/upload/v1751636420/greenroasteries/variations/variations/BRE-MED-ROAS_var_f8cbe933-0237-4631-ad77-bda7ef4fc70b.webp,https://thegreenroasteries.com/product/brazil-2,BR-500G-WB,BR-500G-WB,adult,unisex,"500 g","Arabic Coffee","قهوة مقطرة","","حبوب كاملة","UAE"
62f5d62b-8068-4fdc-a65b-a30a4b336eeb,"برازيـــل - 250 g - حبوب كاملة","ستمتع بمذاق القهوة االصلي من خالل محصول برازيلي مميز ومنتقي بعناية، يتيح مذاق متوازن وبإيحاءات كالسيكية
واضحة كالبندق ، الشوكوالتة يتناسب مع مشروبات الحليب والقهوة السوداء.",49.95 AED,in stock,new,"المحامص الخضراء","قهوة مقطرة",Food, Beverages & Tobacco > Beverages > Coffee,https://res.cloudinary.com/dgcexgq5g/image/upload/v1751636635/greenroasteries/variations/variations/BRE-MED-ROAS_var_62f5d62b-8068-4fdc-a65b-a30a4b336eeb.webp,https://thegreenroasteries.com/product/brazil-2,BR-250G-WB,BR-250G-WB,adult,unisex,"250 g","Arabic Coffee","قهوة مقطرة","","حبوب كاملة","UAE"
13119e39-6c3d-4681-8a41-b4ac032186f9,"برازيـــل - 1 kg - حبوب كاملة","ستمتع بمذاق القهوة االصلي من خالل محصول برازيلي مميز ومنتقي بعناية، يتيح مذاق متوازن وبإيحاءات كالسيكية
واضحة كالبندق ، الشوكوالتة يتناسب مع مشروبات الحليب والقهوة السوداء.",165.00 AED,in stock,new,"المحامص الخضراء","قهوة مقطرة",Food, Beverages & Tobacco > Beverages > Coffee,https://res.cloudinary.com/dgcexgq5g/image/upload/v1751636414/greenroasteries/variations/variations/BRE-MED-ROAS_var_13119e39-6c3d-4681-8a41-b4ac032186f9.webp,https://thegreenroasteries.com/product/brazil-2,BR-1KG-WB,BR-1KG-WB,adult,unisex,"1 kg","Arabic Coffee","قهوة مقطرة","","حبوب كاملة","UAE"
79386f5d-d6c4-456c-b2a8-474a4b04104f,"برازيـــل - 500 g - حبوب مطحونة","ستمتع بمذاق القهوة االصلي من خالل محصول برازيلي مميز ومنتقي بعناية، يتيح مذاق متوازن وبإيحاءات كالسيكية
واضحة كالبندق ، الشوكوالتة يتناسب مع مشروبات الحليب والقهوة السوداء.",89.77 AED,in stock,new,"المحامص الخضراء","قهوة مقطرة",Food, Beverages & Tobacco > Beverages > Coffee,https://res.cloudinary.com/dgcexgq5g/image/upload/v1751636432/greenroasteries/variations/variations/BRE-MED-ROAS_var_79386f5d-d6c4-456c-b2a8-474a4b04104f.webp,https://thegreenroasteries.com/product/brazil-2,BR-500G-GG,BR-500G-GG,adult,unisex,"500 g","Arabic Coffee","قهوة مقطرة","","حبوب مطحونة","UAE"
7a1e43e9-ab8e-4460-8db4-1346b56c18cf,"زبيب ذهبي فاخر - 1 kg","يُحضَّر هذا الزبيب الذهبي الفاخر من عنبٍ بلا بذورٍ ناضجٍ تحت الشمس، ويُجفف بلطفٍ للحفاظ على نكهته الفاكهية الزاهية. تتميز كل حبة بمضغٍ طريٍ وعصاري، بطعمٍ حلوٍ يشبه العسل ولمسةٍ خفيفةٍ من الحموضة. مثالي للتناول مباشرةً، أو خلطه مع الزبادي أو الجرانولا في الصباح، أو خبزه في السينابون والمافن، أو إضافته للسلطات والأطباق الجانبية لإضفاء لونٍ طبيعيٍّ ونكهةٍ حلوة.",39.95 AED,in stock,new,"المحامص الخضراء","مكسرات وفواكه مجففة",Food, Beverages & Tobacco > Beverages > Coffee,https://res.cloudinary.com/dgcexgq5g/image/upload/v1751636320/greenroasteries/products/products/NT-RS.webp,https://thegreenroasteries.com/product/premium-golden-raisins,PGR-SNK-1KG,PGR-SNK-1KG,adult,unisex,"1 kg","Arabic Coffee","مكسرات وفواكه مجففة","","","UAE"
2067b3fb-58a9-4b83-b9dd-725c0541ccf5,"زبيب ذهبي فاخر - 250 g","يُحضَّر هذا الزبيب الذهبي الفاخر من عنبٍ بلا بذورٍ ناضجٍ تحت الشمس، ويُجفف بلطفٍ للحفاظ على نكهته الفاكهية الزاهية. تتميز كل حبة بمضغٍ طريٍ وعصاري، بطعمٍ حلوٍ يشبه العسل ولمسةٍ خفيفةٍ من الحموضة. مثالي للتناول مباشرةً، أو خلطه مع الزبادي أو الجرانولا في الصباح، أو خبزه في السينابون والمافن، أو إضافته للسلطات والأطباق الجانبية لإضفاء لونٍ طبيعيٍّ ونكهةٍ حلوة.",13.95 AED,in stock,new,"المحامص الخضراء","مكسرات وفواكه مجففة",Food, Beverages & Tobacco > Beverages > Coffee,https://res.cloudinary.com/dgcexgq5g/image/upload/v1751636320/greenroasteries/products/products/NT-RS.webp,https://thegreenroasteries.com/product/premium-golden-raisins,PGR-SNK-250G,PGR-SNK-250G,adult,unisex,"250 g","Arabic Coffee","مكسرات وفواكه مجففة","","","UAE"
5f1a0c54-0e65-4a5b-9df5-4b5f41931179,"زبيب ذهبي فاخر - 500 g","يُحضَّر هذا الزبيب الذهبي الفاخر من عنبٍ بلا بذورٍ ناضجٍ تحت الشمس، ويُجفف بلطفٍ للحفاظ على نكهته الفاكهية الزاهية. تتميز كل حبة بمضغٍ طريٍ وعصاري، بطعمٍ حلوٍ يشبه العسل ولمسةٍ خفيفةٍ من الحموضة. مثالي للتناول مباشرةً، أو خلطه مع الزبادي أو الجرانولا في الصباح، أو خبزه في السينابون والمافن، أو إضافته للسلطات والأطباق الجانبية لإضفاء لونٍ طبيعيٍّ ونكهةٍ حلوة.",24.95 AED,in stock,new,"المحامص الخضراء","مكسرات وفواكه مجففة",Food, Beverages & Tobacco > Beverages > Coffee,https://res.cloudinary.com/dgcexgq5g/image/upload/v1751636320/greenroasteries/products/products/NT-RS.webp,https://thegreenroasteries.com/product/premium-golden-raisins,PGR-SNK-500G,PGR-SNK-500G,adult,unisex,"500 g","Arabic Coffee","مكسرات وفواكه مجففة","","","UAE"
0ce9f339-8f58-4ced-bb05-c235baba7b45,"روعة الشوكولاتة  36 قطعة - 585 g","ست نكهات غنية تتناغم في تجربة فاخرة: روكي رود، تشيز كيك، بسكويت أوريو، لوكر الحليب، الشوكولاتة الداكنة، وكريمة اللوتس. 36 قطعة تمنحك توازنًا مثاليًا بين القرمشة، النعومة، والطعم العميق.",145.00 AED,in stock,new,"المحامص الخضراء","الشوكولاته",Food, Beverages & Tobacco > Beverages > Coffee,https://res.cloudinary.com/dgcexgq5g/image/upload/v1751636691/greenroasteries/variations/variations/Choc-md-36_var_0ce9f339-8f58-4ced-bb05-c235baba7b45.jpg,https://thegreenroasteries.com/product/choco-delight-36-pieces,Choc-md-36,Choc-md-36,adult,unisex,"585 g","Arabic Coffee","الشوكولاته","","","UAE"
97d57c4f-0d33-41e0-a392-dbacddf170f9,"بذور القرع - 250 g","الزريعة البيضاء – بذور القرع البيضاء المحمصة وغير المقشرة
مقرمشة ولذيذة ومليئة بالفوائد الغذائية – بذور القرع البيضاء الفاخرة محمصة بعناية لتمنحك طعماً رائعاً ومغذياً. تحتوي على البروتين، الألياف، والمعادن الأساسية مثل المغنيسيوم والزنك. مثالية كوجبة خفيفة صحية في أي وقت.

✓ غنية بالمغنيسيوم والزنك
✓ مصدر للبروتين والدهون الصحية
✓ محمصة طبيعيًا – بدون مواد حافظة",15.95 AED,in stock,new,"المحامص الخضراء","مكسرات وفواكه مجففة",Food, Beverages & Tobacco > Beverages > Coffee,https://res.cloudinary.com/dgcexgq5g/image/upload/v1751636331/greenroasteries/products/products/SNK-FLWR-PPK.webp,https://thegreenroasteries.com/product/pumpkin-seeds,SNK-FLWR-PPK-250G,SNK-FLWR-PPK-250G,adult,unisex,"250 g","Arabic Coffee","مكسرات وفواكه مجففة","","","UAE"
16794749-1ee6-46db-96c5-1d8730451951,"بذور القرع - 500 g","الزريعة البيضاء – بذور القرع البيضاء المحمصة وغير المقشرة
مقرمشة ولذيذة ومليئة بالفوائد الغذائية – بذور القرع البيضاء الفاخرة محمصة بعناية لتمنحك طعماً رائعاً ومغذياً. تحتوي على البروتين، الألياف، والمعادن الأساسية مثل المغنيسيوم والزنك. مثالية كوجبة خفيفة صحية في أي وقت.

✓ غنية بالمغنيسيوم والزنك
✓ مصدر للبروتين والدهون الصحية
✓ محمصة طبيعيًا – بدون مواد حافظة",28.95 AED,in stock,new,"المحامص الخضراء","مكسرات وفواكه مجففة",Food, Beverages & Tobacco > Beverages > Coffee,https://res.cloudinary.com/dgcexgq5g/image/upload/v1751636331/greenroasteries/products/products/SNK-FLWR-PPK.webp,https://thegreenroasteries.com/product/pumpkin-seeds,SNK-FLWR-PPK-500G,SNK-FLWR-PPK-500G,adult,unisex,"500 g","Arabic Coffee","مكسرات وفواكه مجففة","","","UAE"
60346f07-991d-4232-81b0-de8fe44636d0,"بذور القرع - 1 kg","الزريعة البيضاء – بذور القرع البيضاء المحمصة وغير المقشرة
مقرمشة ولذيذة ومليئة بالفوائد الغذائية – بذور القرع البيضاء الفاخرة محمصة بعناية لتمنحك طعماً رائعاً ومغذياً. تحتوي على البروتين، الألياف، والمعادن الأساسية مثل المغنيسيوم والزنك. مثالية كوجبة خفيفة صحية في أي وقت.

✓ غنية بالمغنيسيوم والزنك
✓ مصدر للبروتين والدهون الصحية
✓ محمصة طبيعيًا – بدون مواد حافظة",49.95 AED,in stock,new,"المحامص الخضراء","مكسرات وفواكه مجففة",Food, Beverages & Tobacco > Beverages > Coffee,https://res.cloudinary.com/dgcexgq5g/image/upload/v1751636331/greenroasteries/products/products/SNK-FLWR-PPK.webp,https://thegreenroasteries.com/product/pumpkin-seeds,SNK-FLWR-PPK-1KG,SNK-FLWR-PPK-1KG,adult,unisex,"1 kg","Arabic Coffee","مكسرات وفواكه مجففة","","","UAE"
49bb1c33-91cc-40f1-adfb-6f4380bff14d,"كاجو محمص  بيتزا - 250 g","أضف لمسة حارة إلى يومك مع كاجو محمص بتتبيلة الفلفل الحار! نختار حبات الكاجو الفاخرة ونحمصها جافاً حتى تكتسب قواماً مقرمشاً ذهبياً، ثم نغلفها بخليط ناري من مسحوق الفلفل الحار، البابريكا المدخنة، ولمسة من الثوم. النتيجة وجبة خفيفة متوازنة تمنحك قرمشة مرضية ونكهة حارة غنية في كل قضمة. مثالي لمحبي النكهات الجريئة—تناولها مباشرة، أو أضفها على التاكو والسلطات، أو قدمها مع مشروبك البارد كوجبة خفيفة مليئة بالتحدي الحار.",49.95 AED,in stock,new,"المحامص الخضراء","مكسرات وفواكه مجففة",Food, Beverages & Tobacco > Beverages > Coffee,https://res.cloudinary.com/dgcexgq5g/image/upload/v1751636341/greenroasteries/products/products/NT-CSH-CH.jpg,https://thegreenroasteries.com/product/pizza-roasted-cashews,NT-CSH-CH-250G,NT-CSH-CH-250G,adult,unisex,"250 g","Arabic Coffee","مكسرات وفواكه مجففة","","","UAE"
a20993e6-45f9-4265-ba43-602977e7348d,"كاجو محمص  بيتزا - 500 g","أضف لمسة حارة إلى يومك مع كاجو محمص بتتبيلة الفلفل الحار! نختار حبات الكاجو الفاخرة ونحمصها جافاً حتى تكتسب قواماً مقرمشاً ذهبياً، ثم نغلفها بخليط ناري من مسحوق الفلفل الحار، البابريكا المدخنة، ولمسة من الثوم. النتيجة وجبة خفيفة متوازنة تمنحك قرمشة مرضية ونكهة حارة غنية في كل قضمة. مثالي لمحبي النكهات الجريئة—تناولها مباشرة، أو أضفها على التاكو والسلطات، أو قدمها مع مشروبك البارد كوجبة خفيفة مليئة بالتحدي الحار.",67.95 AED,in stock,new,"المحامص الخضراء","مكسرات وفواكه مجففة",Food, Beverages & Tobacco > Beverages > Coffee,https://res.cloudinary.com/dgcexgq5g/image/upload/v1751636341/greenroasteries/products/products/NT-CSH-CH.jpg,https://thegreenroasteries.com/product/pizza-roasted-cashews,NT-CSH-CH-500G,NT-CSH-CH-500G,adult,unisex,"500 g","Arabic Coffee","مكسرات وفواكه مجففة","","","UAE"
8753cc9d-c005-46fb-a6ac-d0e58db7ec7b,"كاجو محمص  بيتزا - 1 kg","أضف لمسة حارة إلى يومك مع كاجو محمص بتتبيلة الفلفل الحار! نختار حبات الكاجو الفاخرة ونحمصها جافاً حتى تكتسب قواماً مقرمشاً ذهبياً، ثم نغلفها بخليط ناري من مسحوق الفلفل الحار، البابريكا المدخنة، ولمسة من الثوم. النتيجة وجبة خفيفة متوازنة تمنحك قرمشة مرضية ونكهة حارة غنية في كل قضمة. مثالي لمحبي النكهات الجريئة—تناولها مباشرة، أو أضفها على التاكو والسلطات، أو قدمها مع مشروبك البارد كوجبة خفيفة مليئة بالتحدي الحار.",115.95 AED,in stock,new,"المحامص الخضراء","مكسرات وفواكه مجففة",Food, Beverages & Tobacco > Beverages > Coffee,https://res.cloudinary.com/dgcexgq5g/image/upload/v1751636341/greenroasteries/products/products/NT-CSH-CH.jpg,https://thegreenroasteries.com/product/pizza-roasted-cashews,NT-CSH-CH-1KG,NT-CSH-CH-1KG,adult,unisex,"1 kg","Arabic Coffee","مكسرات وفواكه مجففة","","","UAE"
776ce87a-4e6b-480e-8688-6a4de3a6e762,"قهوة وقرمشة - 1 kg","انطلق في رحلة نكهة مع نكهات من العالم!
استمتع بنكهات قهوة نيكاراغوا العربية الغنية والناعمة، مع تشكيلة مكسرات مالحة فاخرة. ولنكمل التجربة، أضفنا هدية من السناكات المتنوعة – وكل ذلك بسعر مميز يجمع بين الجودة والقيمة.

مثالية للمشاركة، الإهداء، أو لحظات الاسترخاء الخاصة بك.",304.39 AED,in stock,new,"المحامص الخضراء","Green Roaster’s Picks",Food, Beverages & Tobacco > Beverages > Coffee,https://res.cloudinary.com/dgcexgq5g/image/upload/v1751636693/greenroasteries/variations/variations/off-slt-nac-1k_var_776ce87a-4e6b-480e-8688-6a4de3a6e762.webp,https://thegreenroasteries.com/product/coffee-crunch-treat,off-slt-nac-1k,off-slt-nac-1k,adult,unisex,"1 kg","Arabic Coffee","Green Roaster’s Picks","","","UAE"
336bf8d8-9c0d-4d88-a5d4-bfc75340a116,"كاجو مشوي طبيعي بقشرته - 250 g","كاجو محمص طبيعي بقشرته يتم اختيار حباته بعناية وتحميصها تجفيفياً على نار هادئة حتى تكتسب نكهتها المميزة الغنية والزبدية مع الحفاظ على قيمتها الغذائية. تحتفظ القشرة الرقيقة بلونها البني لتضيف قرمشة خفيفة وألياف غذائية إضافية، مما يجعلها الوجبة الخفيفة المثالية. يمكنك تناولها مباشرة، أو إضافتها إلى السلطات، أو دمجها في خليط المكسرات للتمتع بوجبة عالية البروتين.",49.95 AED,in stock,new,"المحامص الخضراء","مكسرات وفواكه مجففة",Food, Beverages & Tobacco > Beverages > Coffee,https://res.cloudinary.com/dgcexgq5g/image/upload/v1751636556/greenroasteries/variations/variations/NT-CSH_var_336bf8d8-9c0d-4d88-a5d4-bfc75340a116.jpg,https://thegreenroasteries.com/product/natural-grill-roasted-cashews,NT-CSH-250,NT-CSH-250,adult,unisex,"250 g","Arabic Coffee","مكسرات وفواكه مجففة","","","UAE"
1151443a-e519-4c28-b189-d8f7524936f2,"كاجو مشوي طبيعي بقشرته - 500 g","كاجو محمص طبيعي بقشرته يتم اختيار حباته بعناية وتحميصها تجفيفياً على نار هادئة حتى تكتسب نكهتها المميزة الغنية والزبدية مع الحفاظ على قيمتها الغذائية. تحتفظ القشرة الرقيقة بلونها البني لتضيف قرمشة خفيفة وألياف غذائية إضافية، مما يجعلها الوجبة الخفيفة المثالية. يمكنك تناولها مباشرة، أو إضافتها إلى السلطات، أو دمجها في خليط المكسرات للتمتع بوجبة عالية البروتين.",67.95 AED,in stock,new,"المحامص الخضراء","مكسرات وفواكه مجففة",Food, Beverages & Tobacco > Beverages > Coffee,https://res.cloudinary.com/dgcexgq5g/image/upload/v1751636558/greenroasteries/variations/variations/NT-CSH_var_1151443a-e519-4c28-b189-d8f7524936f2.jpg,https://thegreenroasteries.com/product/natural-grill-roasted-cashews,	NT-CSH-500,	NT-CSH-500,adult,unisex,"500 g","Arabic Coffee","مكسرات وفواكه مجففة","","","UAE"
a1ba1371-aba9-4f6d-b96c-9fa8ff6d0446,"كاجو مشوي طبيعي بقشرته - 1 kg","كاجو محمص طبيعي بقشرته يتم اختيار حباته بعناية وتحميصها تجفيفياً على نار هادئة حتى تكتسب نكهتها المميزة الغنية والزبدية مع الحفاظ على قيمتها الغذائية. تحتفظ القشرة الرقيقة بلونها البني لتضيف قرمشة خفيفة وألياف غذائية إضافية، مما يجعلها الوجبة الخفيفة المثالية. يمكنك تناولها مباشرة، أو إضافتها إلى السلطات، أو دمجها في خليط المكسرات للتمتع بوجبة عالية البروتين.",116.95 AED,in stock,new,"المحامص الخضراء","مكسرات وفواكه مجففة",Food, Beverages & Tobacco > Beverages > Coffee,https://res.cloudinary.com/dgcexgq5g/image/upload/v1751636559/greenroasteries/variations/variations/NT-CSH_var_a1ba1371-aba9-4f6d-b96c-9fa8ff6d0446.jpg,https://thegreenroasteries.com/product/natural-grill-roasted-cashews,NT-CSH-1000,NT-CSH-1000,adult,unisex,"1 kg","Arabic Coffee","مكسرات وفواكه مجففة","","","UAE"
72fda164-c219-4b53-aeac-8d1b75901c76,"اثيوبيـــا حــرار - 250 g - حبوب مطحونة","محصول فريد من نوعه بسبب امتالك منطقة هرار أقدم وأطول أنواع أشجار البن المزروعة على وجه األرض، مما يجعلها
تنتج
أنواعا كبيرة من القهوة عالية الجودة. مميز لمشروبات الفلتر الحار و البارد بنكهتة الفاكهية الكالسيكية المتوازنة.",52.95 AED,in stock,new,"المحامص الخضراء","قهوة مقطرة",Food, Beverages & Tobacco > Beverages > Coffee,https://res.cloudinary.com/dgcexgq5g/image/upload/v1751636625/greenroasteries/variations/variations/ETH-HAR-MED-ROAS_var_72fda164-c219-4b53-aeac-8d1b75901c76.webp,https://thegreenroasteries.com/product/ethiopia-harrar,RTHHR-FC-250G,RTHHR-FC-250G,adult,unisex,"250 g","Arabic Coffee","قهوة مقطرة","","حبوب مطحونة","UAE"
4c1b2743-14d2-4c94-b128-5c40be15828c,"اثيوبيـــا حــرار - 1 kg - حبوب مطحونة","محصول فريد من نوعه بسبب امتالك منطقة هرار أقدم وأطول أنواع أشجار البن المزروعة على وجه األرض، مما يجعلها
تنتج
أنواعا كبيرة من القهوة عالية الجودة. مميز لمشروبات الفلتر الحار و البارد بنكهتة الفاكهية الكالسيكية المتوازنة.",175.00 AED,in stock,new,"المحامص الخضراء","قهوة مقطرة",Food, Beverages & Tobacco > Beverages > Coffee,https://res.cloudinary.com/dgcexgq5g/image/upload/v1751636632/greenroasteries/variations/variations/ETH-HAR-MED-ROAS_var_4c1b2743-14d2-4c94-b128-5c40be15828c.webp,https://thegreenroasteries.com/product/ethiopia-harrar,RTHHR-FC-1KG,RTHHR-FC-1KG,adult,unisex,"1 kg","Arabic Coffee","قهوة مقطرة","","حبوب مطحونة","UAE"
fa307cc5-3ba9-49f8-bd43-48fe6f84fba6,"اثيوبيـــا حــرار - 250 g - حبوب كاملة","محصول فريد من نوعه بسبب امتالك منطقة هرار أقدم وأطول أنواع أشجار البن المزروعة على وجه األرض، مما يجعلها
تنتج
أنواعا كبيرة من القهوة عالية الجودة. مميز لمشروبات الفلتر الحار و البارد بنكهتة الفاكهية الكالسيكية المتوازنة.",52.95 AED,in stock,new,"المحامص الخضراء","قهوة مقطرة",Food, Beverages & Tobacco > Beverages > Coffee,https://res.cloudinary.com/dgcexgq5g/image/upload/v1751636649/greenroasteries/variations/variations/ETH-HAR-MED-ROAS_var_fa307cc5-3ba9-49f8-bd43-48fe6f84fba6.webp,https://thegreenroasteries.com/product/ethiopia-harrar,RTHHR-FC-250G-T,RTHHR-FC-250G-T,adult,unisex,"250 g","Arabic Coffee","قهوة مقطرة","","حبوب كاملة","UAE"
5bdcfd6d-5ec5-4828-9c4f-c6303ecee5a6,"اثيوبيـــا حــرار - 500 g - حبوب مطحونة","محصول فريد من نوعه بسبب امتالك منطقة هرار أقدم وأطول أنواع أشجار البن المزروعة على وجه األرض، مما يجعلها
تنتج
أنواعا كبيرة من القهوة عالية الجودة. مميز لمشروبات الفلتر الحار و البارد بنكهتة الفاكهية الكالسيكية المتوازنة.",95.00 AED,in stock,new,"المحامص الخضراء","قهوة مقطرة",Food, Beverages & Tobacco > Beverages > Coffee,https://res.cloudinary.com/dgcexgq5g/image/upload/v1751636651/greenroasteries/variations/variations/ETH-HAR-MED-ROAS_var_5bdcfd6d-5ec5-4828-9c4f-c6303ecee5a6.webp,https://thegreenroasteries.com/product/ethiopia-harrar,RTHHR-FC-500G,RTHHR-FC-500G,adult,unisex,"500 g","Arabic Coffee","قهوة مقطرة","","حبوب مطحونة","UAE"
a95608b7-64c6-4742-b970-635eeb6e99e2,"اثيوبيـــا حــرار - 500 g - حبوب كاملة","محصول فريد من نوعه بسبب امتالك منطقة هرار أقدم وأطول أنواع أشجار البن المزروعة على وجه األرض، مما يجعلها
تنتج
أنواعا كبيرة من القهوة عالية الجودة. مميز لمشروبات الفلتر الحار و البارد بنكهتة الفاكهية الكالسيكية المتوازنة.",95.00 AED,in stock,new,"المحامص الخضراء","قهوة مقطرة",Food, Beverages & Tobacco > Beverages > Coffee,https://res.cloudinary.com/dgcexgq5g/image/upload/v1751636655/greenroasteries/variations/variations/ETH-HAR-MED-ROAS_var_a95608b7-64c6-4742-b970-635eeb6e99e2.webp,https://thegreenroasteries.com/product/ethiopia-harrar,RTHHR-FC-500G-T,RTHHR-FC-500G-T,adult,unisex,"500 g","Arabic Coffee","قهوة مقطرة","","حبوب كاملة","UAE"
7f484a8b-3997-4644-b6fc-cce9391a7a92,"اثيوبيـــا حــرار - 1 kg - حبوب كاملة","محصول فريد من نوعه بسبب امتالك منطقة هرار أقدم وأطول أنواع أشجار البن المزروعة على وجه األرض، مما يجعلها
تنتج
أنواعا كبيرة من القهوة عالية الجودة. مميز لمشروبات الفلتر الحار و البارد بنكهتة الفاكهية الكالسيكية المتوازنة.",175.00 AED,in stock,new,"المحامص الخضراء","قهوة مقطرة",Food, Beverages & Tobacco > Beverages > Coffee,https://res.cloudinary.com/dgcexgq5g/image/upload/v1751636628/greenroasteries/variations/variations/ETH-HAR-MED-ROAS_var_7f484a8b-3997-4644-b6fc-cce9391a7a92.webp,https://thegreenroasteries.com/product/ethiopia-harrar,RTHHR-FC-1KG-T,RTHHR-FC-1KG-T,adult,unisex,"1 kg","Arabic Coffee","قهوة مقطرة","","حبوب كاملة","UAE"
86b3ee3c-f1f6-4c21-b22b-137a9f50103b,"اثيوبيـــا هامبيـــلا - 1 kg - حبوب مطحونة","محصول من أحد أشهر المناطق الرائعة في إثيوبيا منطقة هامبيال، الغنية بالمحاصيل الفاكهية، والتي تشمل عادةً نغمات الزهور
والفواكه وحتى السكر البني. حيث يتم زراعة قهوة هامبيال على ارتفاعات عالية، مما يجعلها تتمتع بنكهة مميزة وغنية،
ومناسبة لمشروبات الحليب والفلتر.",235.00 AED,in stock,new,"المحامص الخضراء","قهوة مقطرة",Food, Beverages & Tobacco > Beverages > Coffee,https://res.cloudinary.com/dgcexgq5g/image/upload/v1751636365/greenroasteries/variations/variations/ETH-HAM-MED-ROAS_var_86b3ee3c-f1f6-4c21-b22b-137a9f50103b.webp,https://thegreenroasteries.com/product/ethiopia-hambila,ET-1KG-GG,ET-1KG-GG,adult,unisex,"1 kg","Arabic Coffee","قهوة مقطرة","","حبوب مطحونة","UAE"
2a51a08b-6ae4-4e3f-84bf-7d61e8e58b29,"اثيوبيـــا هامبيـــلا - 500 g - حبوب كاملة","محصول من أحد أشهر المناطق الرائعة في إثيوبيا منطقة هامبيال، الغنية بالمحاصيل الفاكهية، والتي تشمل عادةً نغمات الزهور
والفواكه وحتى السكر البني. حيث يتم زراعة قهوة هامبيال على ارتفاعات عالية، مما يجعلها تتمتع بنكهة مميزة وغنية،
ومناسبة لمشروبات الحليب والفلتر.",125.00 AED,in stock,new,"المحامص الخضراء","قهوة مقطرة",Food, Beverages & Tobacco > Beverages > Coffee,https://res.cloudinary.com/dgcexgq5g/image/upload/v1751636368/greenroasteries/variations/variations/ETH-HAM-MED-ROAS_var_2a51a08b-6ae4-4e3f-84bf-7d61e8e58b29.webp,https://thegreenroasteries.com/product/ethiopia-hambila,ET-500G-WB,ET-500G-WB,adult,unisex,"500 g","Arabic Coffee","قهوة مقطرة","","حبوب كاملة","UAE"
99cafe6e-b394-4d0a-a139-d0655638ad24,"اثيوبيـــا هامبيـــلا - 500 g - حبوب مطحونة","محصول من أحد أشهر المناطق الرائعة في إثيوبيا منطقة هامبيال، الغنية بالمحاصيل الفاكهية، والتي تشمل عادةً نغمات الزهور
والفواكه وحتى السكر البني. حيث يتم زراعة قهوة هامبيال على ارتفاعات عالية، مما يجعلها تتمتع بنكهة مميزة وغنية،
ومناسبة لمشروبات الحليب والفلتر.",125.00 AED,in stock,new,"المحامص الخضراء","قهوة مقطرة",Food, Beverages & Tobacco > Beverages > Coffee,https://res.cloudinary.com/dgcexgq5g/image/upload/v1751636381/greenroasteries/variations/variations/ETH-HAM-MED-ROAS_var_99cafe6e-b394-4d0a-a139-d0655638ad24.webp,https://thegreenroasteries.com/product/ethiopia-hambila,ET-500G-GG,ET-500G-GG,adult,unisex,"500 g","Arabic Coffee","قهوة مقطرة","","حبوب مطحونة","UAE"
36c72105-e363-4873-b9c4-988436db725b,"اثيوبيـــا هامبيـــلا - 250 g - حبوب مطحونة","محصول من أحد أشهر المناطق الرائعة في إثيوبيا منطقة هامبيال، الغنية بالمحاصيل الفاكهية، والتي تشمل عادةً نغمات الزهور
والفواكه وحتى السكر البني. حيث يتم زراعة قهوة هامبيال على ارتفاعات عالية، مما يجعلها تتمتع بنكهة مميزة وغنية،
ومناسبة لمشروبات الحليب والفلتر.",69.95 AED,in stock,new,"المحامص الخضراء","قهوة مقطرة",Food, Beverages & Tobacco > Beverages > Coffee,https://res.cloudinary.com/dgcexgq5g/image/upload/v1751636614/greenroasteries/variations/variations/ETH-HAM-MED-ROAS_var_36c72105-e363-4873-b9c4-988436db725b.webp,https://thegreenroasteries.com/product/ethiopia-hambila,ET-250G-GG,ET-250G-GG,adult,unisex,"250 g","Arabic Coffee","قهوة مقطرة","","حبوب مطحونة","UAE"
aa855eb0-34c9-4364-87b1-bad3219c3512,"اثيوبيـــا هامبيـــلا - 250 g - حبوب كاملة","محصول من أحد أشهر المناطق الرائعة في إثيوبيا منطقة هامبيال، الغنية بالمحاصيل الفاكهية، والتي تشمل عادةً نغمات الزهور
والفواكه وحتى السكر البني. حيث يتم زراعة قهوة هامبيال على ارتفاعات عالية، مما يجعلها تتمتع بنكهة مميزة وغنية،
ومناسبة لمشروبات الحليب والفلتر.",69.95 AED,in stock,new,"المحامص الخضراء","قهوة مقطرة",Food, Beverages & Tobacco > Beverages > Coffee,https://res.cloudinary.com/dgcexgq5g/image/upload/v1751636622/greenroasteries/variations/variations/ETH-HAM-MED-ROAS_var_aa855eb0-34c9-4364-87b1-bad3219c3512.webp,https://thegreenroasteries.com/product/ethiopia-hambila,ET-250G-WB,ET-250G-WB,adult,unisex,"250 g","Arabic Coffee","قهوة مقطرة","","حبوب كاملة","UAE"
dd7af9bb-1d2d-47fc-8b4f-e50bc5cc0ac4,"اثيوبيـــا هامبيـــلا - 1 kg - حبوب كاملة","محصول من أحد أشهر المناطق الرائعة في إثيوبيا منطقة هامبيال، الغنية بالمحاصيل الفاكهية، والتي تشمل عادةً نغمات الزهور
والفواكه وحتى السكر البني. حيث يتم زراعة قهوة هامبيال على ارتفاعات عالية، مما يجعلها تتمتع بنكهة مميزة وغنية،
ومناسبة لمشروبات الحليب والفلتر.",235.00 AED,in stock,new,"المحامص الخضراء","قهوة مقطرة",Food, Beverages & Tobacco > Beverages > Coffee,https://res.cloudinary.com/dgcexgq5g/image/upload/v1751636656/greenroasteries/variations/variations/ETH-HAM-MED-ROAS_var_dd7af9bb-1d2d-47fc-8b4f-e50bc5cc0ac4.webp,https://thegreenroasteries.com/product/ethiopia-hambila,ET-1KG-WB,ET-1KG-WB,adult,unisex,"1 kg","Arabic Coffee","قهوة مقطرة","","حبوب كاملة","UAE"
5fb824e2-7544-4194-872a-cf53476f92cd,"مزيج مقرمش - 500 g","يقدم لك مزيج مقرمش ألوان قوس قزح تجربة ممتعة وغنية بالنكهات مع توليفة ملونة من قطع كعك الأرز المتبّل، وأنابيب الباستا المقرمشة، وفتات المكسرات المحمّصة، كلها مغطاة بطبقة خفيفة من الصلصة المالحة. تمنح الألوان الحمراء والزرقاء والخضراء والطبيعية مظهرًا احتفاليًا، بينما تضفي نكهات الصويا والطحالب البحرية والسمسم المحمّص لمسة أومامي لا تقاوم. مثالي للحفلات أو ليالي السينما، بل ويمكن استخدامه كإضافة مرحة للشوربات والسلطات، ليكون وجبة خفيفة مسلية ترضي الكبار والصغار على حد سواء.",17.25 AED,in stock,new,"المحامص الخضراء","مكسرات وفواكه مجففة",Food, Beverages & Tobacco > Beverages > Coffee,https://res.cloudinary.com/dgcexgq5g/image/upload/v1751636302/greenroasteries/products/products/CR-MX.webp,https://thegreenroasteries.com/product/crunch-snack-mix,CR-MX-500,CR-MX-500,adult,unisex,"500 g","Arabic Coffee","مكسرات وفواكه مجففة","","","UAE"
97a0c25c-bfd5-4ee7-bd87-1383ea225a42,"مزيج مقرمش - 1 kg","يقدم لك مزيج مقرمش ألوان قوس قزح تجربة ممتعة وغنية بالنكهات مع توليفة ملونة من قطع كعك الأرز المتبّل، وأنابيب الباستا المقرمشة، وفتات المكسرات المحمّصة، كلها مغطاة بطبقة خفيفة من الصلصة المالحة. تمنح الألوان الحمراء والزرقاء والخضراء والطبيعية مظهرًا احتفاليًا، بينما تضفي نكهات الصويا والطحالب البحرية والسمسم المحمّص لمسة أومامي لا تقاوم. مثالي للحفلات أو ليالي السينما، بل ويمكن استخدامه كإضافة مرحة للشوربات والسلطات، ليكون وجبة خفيفة مسلية ترضي الكبار والصغار على حد سواء.",29.95 AED,in stock,new,"المحامص الخضراء","مكسرات وفواكه مجففة",Food, Beverages & Tobacco > Beverages > Coffee,https://res.cloudinary.com/dgcexgq5g/image/upload/v1751636302/greenroasteries/products/products/CR-MX.webp,https://thegreenroasteries.com/product/crunch-snack-mix,CR-MX-1KG,CR-MX-1KG,adult,unisex,"1 kg","Arabic Coffee","مكسرات وفواكه مجففة","","","UAE"
0d58dd44-a35a-43f7-b611-8d42b21224d4,"مزيج مقرمش - 250 g","يقدم لك مزيج مقرمش ألوان قوس قزح تجربة ممتعة وغنية بالنكهات مع توليفة ملونة من قطع كعك الأرز المتبّل، وأنابيب الباستا المقرمشة، وفتات المكسرات المحمّصة، كلها مغطاة بطبقة خفيفة من الصلصة المالحة. تمنح الألوان الحمراء والزرقاء والخضراء والطبيعية مظهرًا احتفاليًا، بينما تضفي نكهات الصويا والطحالب البحرية والسمسم المحمّص لمسة أومامي لا تقاوم. مثالي للحفلات أو ليالي السينما، بل ويمكن استخدامه كإضافة مرحة للشوربات والسلطات، ليكون وجبة خفيفة مسلية ترضي الكبار والصغار على حد سواء.",9.95 AED,in stock,new,"المحامص الخضراء","مكسرات وفواكه مجففة",Food, Beverages & Tobacco > Beverages > Coffee,https://res.cloudinary.com/dgcexgq5g/image/upload/v1751636302/greenroasteries/products/products/CR-MX.webp,https://thegreenroasteries.com/product/crunch-snack-mix,CR-MX-250G,CR-MX-250G,adult,unisex,"250 g","Arabic Coffee","مكسرات وفواكه مجففة","","","UAE"
51704d06-cea3-491a-9a3b-792c24203d9f,"خلطـــة المساء - 500 g - حبوب كاملة","محصول مميز من المحامص الخضراء يتمتع المحصول بنوتات غنية وجميلة تتناسب مع محبي مشروبات الفلتر الكالسيكي الخالي من التعقيد وتبرز حالوة المحصول مع مشروبات الحليب بكل أنواعه ويعتبر هذا المحصول مزيج خاص من اختيارنا الجود المحاصيل.",115.00 AED,in stock,new,"المحامص الخضراء","قهوة مقطرة",Food, Beverages & Tobacco > Beverages > Coffee,https://res.cloudinary.com/dgcexgq5g/image/upload/v1751636405/greenroasteries/variations/variations/EVE-MED-ROAS_var_51704d06-cea3-491a-9a3b-792c24203d9f.webp,https://thegreenroasteries.com/product/evening-blend-1,EB-500G-WB,EB-500G-WB,adult,unisex,"500 g","Arabic Coffee","قهوة مقطرة","","حبوب كاملة","UAE"
d58a777f-b558-4f68-9677-d3c73c36a193,"خلطـــة المساء - 500 g - حبوب مطحونة","محصول مميز من المحامص الخضراء يتمتع المحصول بنوتات غنية وجميلة تتناسب مع محبي مشروبات الفلتر الكالسيكي الخالي من التعقيد وتبرز حالوة المحصول مع مشروبات الحليب بكل أنواعه ويعتبر هذا المحصول مزيج خاص من اختيارنا الجود المحاصيل.",115.00 AED,in stock,new,"المحامص الخضراء","قهوة مقطرة",Food, Beverages & Tobacco > Beverages > Coffee,https://res.cloudinary.com/dgcexgq5g/image/upload/v1751636410/greenroasteries/variations/variations/EVE-MED-ROAS_var_d58a777f-b558-4f68-9677-d3c73c36a193.webp,https://thegreenroasteries.com/product/evening-blend-1,EB-500G-GG,EB-500G-GG,adult,unisex,"500 g","Arabic Coffee","قهوة مقطرة","","حبوب مطحونة","UAE"
8fe43571-19c9-4cc6-99a5-a3142268d441,"خلطـــة المساء - 250 g - حبوب مطحونة","محصول مميز من المحامص الخضراء يتمتع المحصول بنوتات غنية وجميلة تتناسب مع محبي مشروبات الفلتر الكالسيكي الخالي من التعقيد وتبرز حالوة المحصول مع مشروبات الحليب بكل أنواعه ويعتبر هذا المحصول مزيج خاص من اختيارنا الجود المحاصيل.",64.95 AED,in stock,new,"المحامص الخضراء","قهوة مقطرة",Food, Beverages & Tobacco > Beverages > Coffee,https://res.cloudinary.com/dgcexgq5g/image/upload/v1751636413/greenroasteries/variations/variations/EVE-MED-ROAS_var_8fe43571-19c9-4cc6-99a5-a3142268d441.webp,https://thegreenroasteries.com/product/evening-blend-1,EB-250G-GG,EB-250G-GG,adult,unisex,"250 g","Arabic Coffee","قهوة مقطرة","","حبوب مطحونة","UAE"
b42ba945-0d1b-45a1-90e4-a9ea38f66194,"خلطـــة المساء - 250 g - حبوب كاملة","محصول مميز من المحامص الخضراء يتمتع المحصول بنوتات غنية وجميلة تتناسب مع محبي مشروبات الفلتر الكالسيكي الخالي من التعقيد وتبرز حالوة المحصول مع مشروبات الحليب بكل أنواعه ويعتبر هذا المحصول مزيج خاص من اختيارنا الجود المحاصيل.",64.95 AED,in stock,new,"المحامص الخضراء","قهوة مقطرة",Food, Beverages & Tobacco > Beverages > Coffee,https://res.cloudinary.com/dgcexgq5g/image/upload/v1751636626/greenroasteries/variations/variations/EVE-MED-ROAS_var_b42ba945-0d1b-45a1-90e4-a9ea38f66194.webp,https://thegreenroasteries.com/product/evening-blend-1,EB-250G-WB,EB-250G-WB,adult,unisex,"250 g","Arabic Coffee","قهوة مقطرة","","حبوب كاملة","UAE"
d5aa4fc5-bdfa-4f20-bb7a-6061d9b37729,"خلطـــة المساء - 1 kg - حبوب مطحونة","محصول مميز من المحامص الخضراء يتمتع المحصول بنوتات غنية وجميلة تتناسب مع محبي مشروبات الفلتر الكالسيكي الخالي من التعقيد وتبرز حالوة المحصول مع مشروبات الحليب بكل أنواعه ويعتبر هذا المحصول مزيج خاص من اختيارنا الجود المحاصيل.",215.00 AED,in stock,new,"المحامص الخضراء","قهوة مقطرة",Food, Beverages & Tobacco > Beverages > Coffee,https://res.cloudinary.com/dgcexgq5g/image/upload/v1751636446/greenroasteries/variations/variations/EVE-MED-ROAS_var_d5aa4fc5-bdfa-4f20-bb7a-6061d9b37729.webp,https://thegreenroasteries.com/product/evening-blend-1,EB-1KG-GG,EB-1KG-GG,adult,unisex,"1 kg","Arabic Coffee","قهوة مقطرة","","حبوب مطحونة","UAE"
d58d71cf-54ad-49c7-b2fb-f4a6ce73d9d8,"خلطـــة المساء - 1 kg - حبوب كاملة","محصول مميز من المحامص الخضراء يتمتع المحصول بنوتات غنية وجميلة تتناسب مع محبي مشروبات الفلتر الكالسيكي الخالي من التعقيد وتبرز حالوة المحصول مع مشروبات الحليب بكل أنواعه ويعتبر هذا المحصول مزيج خاص من اختيارنا الجود المحاصيل.",215.00 AED,in stock,new,"المحامص الخضراء","قهوة مقطرة",Food, Beverages & Tobacco > Beverages > Coffee,https://res.cloudinary.com/dgcexgq5g/image/upload/v1751636613/greenroasteries/variations/variations/EVE-MED-ROAS_var_d58d71cf-54ad-49c7-b2fb-f4a6ce73d9d8.webp,https://thegreenroasteries.com/product/evening-blend-1,EB-1KG-WB,EB-1KG-WB,adult,unisex,"1 kg","Arabic Coffee","قهوة مقطرة","","حبوب كاملة","UAE"
f80bb61c-04ed-477c-8ddf-6fa1c9e6b9b0,"كاجو مقرمش بالفلفل الحار الناري - 500 g","ارفع مستوى الحراقة مع كاجو مقرمش بالفلفل الحار الناري! تُحمص حبات الكاجو الفاخرة جافاً حتى تصبح ذهبية ومقرمشة، ثم تُغلف بكرمٍ بخليط ناري إضافي من مسحوق الفلفل الحار والفلفل الحريف الأبيض (الكايين)، والبابريكا المدخنة، ورشة من ملح الهيمالايا الوردي. النتيجة وجبة خفيفة مقرمشة تمنحك حرارة قوية ودغدغة في الفم من أول قضمة حتى آخرها. مثالي لعشاق التحدي—تناولها مباشرة، أو أضفها فوق الفشار لمذاق حار مميز، أو قدمها مع مشروب بارد لتلطيف حرارة الفلفل.",67.95 AED,in stock,new,"المحامص الخضراء","مكسرات وفواكه مجففة",Food, Beverages & Tobacco > Beverages > Coffee,https://res.cloudinary.com/dgcexgq5g/image/upload/v1751636337/greenroasteries/products/products/NT-CSH-CH-CR.webp,https://thegreenroasteries.com/product/hot-chili-crunch-cashews,NT-CSH-CH-CR-500G,NT-CSH-CH-CR-500G,adult,unisex,"500 g","Arabic Coffee","مكسرات وفواكه مجففة","","","UAE"
83dd36fe-edbf-4c5d-9236-fdde378f3aaa,"كاجو مقرمش بالفلفل الحار الناري - 1 kg","ارفع مستوى الحراقة مع كاجو مقرمش بالفلفل الحار الناري! تُحمص حبات الكاجو الفاخرة جافاً حتى تصبح ذهبية ومقرمشة، ثم تُغلف بكرمٍ بخليط ناري إضافي من مسحوق الفلفل الحار والفلفل الحريف الأبيض (الكايين)، والبابريكا المدخنة، ورشة من ملح الهيمالايا الوردي. النتيجة وجبة خفيفة مقرمشة تمنحك حرارة قوية ودغدغة في الفم من أول قضمة حتى آخرها. مثالي لعشاق التحدي—تناولها مباشرة، أو أضفها فوق الفشار لمذاق حار مميز، أو قدمها مع مشروب بارد لتلطيف حرارة الفلفل.",116.41 AED,in stock,new,"المحامص الخضراء","مكسرات وفواكه مجففة",Food, Beverages & Tobacco > Beverages > Coffee,https://res.cloudinary.com/dgcexgq5g/image/upload/v1751636337/greenroasteries/products/products/NT-CSH-CH-CR.webp,https://thegreenroasteries.com/product/hot-chili-crunch-cashews,NT-CSH-CH-CR-1KG,NT-CSH-CH-CR-1KG,adult,unisex,"1 kg","Arabic Coffee","مكسرات وفواكه مجففة","","","UAE"
06fe466c-d06c-47d1-b8e3-ebc529bd15ae,"كاجو مقرمش بالفلفل الحار الناري - 250 g","ارفع مستوى الحراقة مع كاجو مقرمش بالفلفل الحار الناري! تُحمص حبات الكاجو الفاخرة جافاً حتى تصبح ذهبية ومقرمشة، ثم تُغلف بكرمٍ بخليط ناري إضافي من مسحوق الفلفل الحار والفلفل الحريف الأبيض (الكايين)، والبابريكا المدخنة، ورشة من ملح الهيمالايا الوردي. النتيجة وجبة خفيفة مقرمشة تمنحك حرارة قوية ودغدغة في الفم من أول قضمة حتى آخرها. مثالي لعشاق التحدي—تناولها مباشرة، أو أضفها فوق الفشار لمذاق حار مميز، أو قدمها مع مشروب بارد لتلطيف حرارة الفلفل.",49.95 AED,in stock,new,"المحامص الخضراء","مكسرات وفواكه مجففة",Food, Beverages & Tobacco > Beverages > Coffee,https://res.cloudinary.com/dgcexgq5g/image/upload/v1751636337/greenroasteries/products/products/NT-CSH-CH-CR.webp,https://thegreenroasteries.com/product/hot-chili-crunch-cashews,NT-CSH-CH-CR-250G,NT-CSH-CH-CR-250G,adult,unisex,"250 g","Arabic Coffee","مكسرات وفواكه مجففة","","","UAE"
cc55def4-2129-409a-a7ee-5cf42f772ea7,"مكسرات مشكلة بنكهة الباربكيو - 500 g","استمتع بنكهة الشواء المنزلية مع مكسراتنا المشكلة بنكهة الباربكيو الدخانية. مزيج متوازن من اللوز والكاجو وجوز البقان والفول السوداني، محمص بعناية ثم مغطى بخليط توابل الباربكيو الغني من البابريكا المدخنة والثوم والبصل وقليل من السكر البني. مثالي للسهرة مع الأصدقاء، أو أثناء السفر، أو كوجبة خفيفة جريئة ومقرمشة تضيف لمسة حلوة ودخانية لشهيتك.",53.95 AED,in stock,new,"المحامص الخضراء","مكسرات وفواكه مجففة",Food, Beverages & Tobacco > Beverages > Coffee,https://res.cloudinary.com/dgcexgq5g/image/upload/v1751636349/greenroasteries/products/products/NT-BBQ-MX.webp,https://thegreenroasteries.com/product/barbecue-mixed-nuts,NT-BBQ-MX-500G,NT-BBQ-MX-500G,adult,unisex,"500 g","Arabic Coffee","مكسرات وفواكه مجففة","","","UAE"
51782871-0cf3-42d4-bef2-dd2f4dd77a7c,"مكسرات مشكلة بنكهة الباربكيو - 1 kg","استمتع بنكهة الشواء المنزلية مع مكسراتنا المشكلة بنكهة الباربكيو الدخانية. مزيج متوازن من اللوز والكاجو وجوز البقان والفول السوداني، محمص بعناية ثم مغطى بخليط توابل الباربكيو الغني من البابريكا المدخنة والثوم والبصل وقليل من السكر البني. مثالي للسهرة مع الأصدقاء، أو أثناء السفر، أو كوجبة خفيفة جريئة ومقرمشة تضيف لمسة حلوة ودخانية لشهيتك.",99.95 AED,in stock,new,"المحامص الخضراء","مكسرات وفواكه مجففة",Food, Beverages & Tobacco > Beverages > Coffee,https://res.cloudinary.com/dgcexgq5g/image/upload/v1751636349/greenroasteries/products/products/NT-BBQ-MX.webp,https://thegreenroasteries.com/product/barbecue-mixed-nuts,NT-BBQ-MX-1KG,NT-BBQ-MX-1KG,adult,unisex,"1 kg","Arabic Coffee","مكسرات وفواكه مجففة","","","UAE"
678fa792-e611-449d-8581-adb2b8db3a7c,"مكسرات مشكلة بنكهة الباربكيو - 250 g","استمتع بنكهة الشواء المنزلية مع مكسراتنا المشكلة بنكهة الباربكيو الدخانية. مزيج متوازن من اللوز والكاجو وجوز البقان والفول السوداني، محمص بعناية ثم مغطى بخليط توابل الباربكيو الغني من البابريكا المدخنة والثوم والبصل وقليل من السكر البني. مثالي للسهرة مع الأصدقاء، أو أثناء السفر، أو كوجبة خفيفة جريئة ومقرمشة تضيف لمسة حلوة ودخانية لشهيتك.",32.95 AED,in stock,new,"المحامص الخضراء","مكسرات وفواكه مجففة",Food, Beverages & Tobacco > Beverages > Coffee,https://res.cloudinary.com/dgcexgq5g/image/upload/v1751636349/greenroasteries/products/products/NT-BBQ-MX.webp,https://thegreenroasteries.com/product/barbecue-mixed-nuts,NT-BBQ-MX-250G,NT-BBQ-MX-250G,adult,unisex,"250 g","Arabic Coffee","مكسرات وفواكه مجففة","","","UAE"
835404b5-ce43-4e2b-a684-c286af7a8cb4,"فول سوداني مقرمش بالجبن - 250 g","يقدم هذا الفول السوداني المقرمش والمتبل تجربة فريدة مع طلاء خارجي ذهبي برتقالي يُضفي قرمشة لا تُقاوم ولمسة من الحارة مع كل قضمة. تُحمّص حبات الفول بعناية ثم تُغلف بخليط خاص من التوابل—بابريكا، مسحوق الفلفل الحار، ثوم مسحوق، ورشة من الحمضيات—لتوازن بين النكهات المدخنة والحارة والحامضة. مثالية للتناول بمفردها، أو مع المشروبات الباردة، أو لإضفاء لمسة مميزة على السلطات. وجبة خفيفة ممتعة ومليئة بالنكهات تجعل من الصعب التوقف عن التهامها!",13.95 AED,in stock,new,"المحامص الخضراء","مكسرات وفواكه مجففة",Food, Beverages & Tobacco > Beverages > Coffee,https://res.cloudinary.com/dgcexgq5g/image/upload/v1751636652/greenroasteries/variations/variations/NT-SP_var_835404b5-ce43-4e2b-a684-c286af7a8cb4.webp,https://thegreenroasteries.com/product/cheese-crunchy-peanuts,SCP-SK-250G,SCP-SK-250G,adult,unisex,"250 g","Arabic Coffee","مكسرات وفواكه مجففة","","","UAE"
d059aaa1-ba02-4346-aa09-319c35285d6d,"فول سوداني مقرمش بالجبن - 500 g","يقدم هذا الفول السوداني المقرمش والمتبل تجربة فريدة مع طلاء خارجي ذهبي برتقالي يُضفي قرمشة لا تُقاوم ولمسة من الحارة مع كل قضمة. تُحمّص حبات الفول بعناية ثم تُغلف بخليط خاص من التوابل—بابريكا، مسحوق الفلفل الحار، ثوم مسحوق، ورشة من الحمضيات—لتوازن بين النكهات المدخنة والحارة والحامضة. مثالية للتناول بمفردها، أو مع المشروبات الباردة، أو لإضفاء لمسة مميزة على السلطات. وجبة خفيفة ممتعة ومليئة بالنكهات تجعل من الصعب التوقف عن التهامها!",24.95 AED,in stock,new,"المحامص الخضراء","مكسرات وفواكه مجففة",Food, Beverages & Tobacco > Beverages > Coffee,https://res.cloudinary.com/dgcexgq5g/image/upload/v1751636657/greenroasteries/variations/variations/NT-SP_var_d059aaa1-ba02-4346-aa09-319c35285d6d.webp,https://thegreenroasteries.com/product/cheese-crunchy-peanuts,SCP-SK-500G,SCP-SK-500G,adult,unisex,"500 g","Arabic Coffee","مكسرات وفواكه مجففة","","","UAE"
120840f2-3d3f-4d4a-8e36-73599eb16478,"فول سوداني مقرمش بالجبن - 1 kg","يقدم هذا الفول السوداني المقرمش والمتبل تجربة فريدة مع طلاء خارجي ذهبي برتقالي يُضفي قرمشة لا تُقاوم ولمسة من الحارة مع كل قضمة. تُحمّص حبات الفول بعناية ثم تُغلف بخليط خاص من التوابل—بابريكا، مسحوق الفلفل الحار، ثوم مسحوق، ورشة من الحمضيات—لتوازن بين النكهات المدخنة والحارة والحامضة. مثالية للتناول بمفردها، أو مع المشروبات الباردة، أو لإضفاء لمسة مميزة على السلطات. وجبة خفيفة ممتعة ومليئة بالنكهات تجعل من الصعب التوقف عن التهامها!",42.95 AED,in stock,new,"المحامص الخضراء","مكسرات وفواكه مجففة",Food, Beverages & Tobacco > Beverages > Coffee,https://res.cloudinary.com/dgcexgq5g/image/upload/v1751636660/greenroasteries/variations/variations/NT-SP_var_120840f2-3d3f-4d4a-8e36-73599eb16478.webp,https://thegreenroasteries.com/product/cheese-crunchy-peanuts,SCP-SK-1KG,SCP-SK-1KG,adult,unisex,"1 kg","Arabic Coffee","مكسرات وفواكه مجففة","","","UAE"
a03c0d3f-7b3c-4120-9d1c-56ad6ba1d511,"كاجو مقشر محمص كلاسيكي - 1 kg","اكتشف نكهة الزبدة النقية في كاجو مقشر محمص كلاسيكي. تُقشر حبات الكاجو بعناية لإزالة القشرة الخارجية، ثم تُحمص جافاً برفق حتى تكتسب لوناً ذهبياً فاتحاً. تتميّز بقوام ناعم يذوب في الفم ونكهة طبيعية حلوة ومكسرية، مما يجعلها مثالية للوجبات الخفيفة اليومية، أو الاستخدام في الحلويات، أو إضافة لمزيج المكسرات المفضّل لديك. غير مملحة وخالية من التوابل، لتمنحك النكهة الأصيلة للكاجو الفاخر.",112.95 AED,in stock,new,"المحامص الخضراء","مكسرات وفواكه مجففة",Food, Beverages & Tobacco > Beverages > Coffee,https://res.cloudinary.com/dgcexgq5g/image/upload/v1751636289/greenroasteries/products/products/NT-CSH-CLS.webp,https://thegreenroasteries.com/product/classic-blanched-roasted-cashews,NT-CSH-CLS-1KG,NT-CSH-CLS-1KG,adult,unisex,"1 kg","Arabic Coffee","مكسرات وفواكه مجففة","","","UAE"
22bfdbd7-d4cb-46e4-a536-84a5edded2c8,"كاجو مقشر محمص كلاسيكي - 500 g","اكتشف نكهة الزبدة النقية في كاجو مقشر محمص كلاسيكي. تُقشر حبات الكاجو بعناية لإزالة القشرة الخارجية، ثم تُحمص جافاً برفق حتى تكتسب لوناً ذهبياً فاتحاً. تتميّز بقوام ناعم يذوب في الفم ونكهة طبيعية حلوة ومكسرية، مما يجعلها مثالية للوجبات الخفيفة اليومية، أو الاستخدام في الحلويات، أو إضافة لمزيج المكسرات المفضّل لديك. غير مملحة وخالية من التوابل، لتمنحك النكهة الأصيلة للكاجو الفاخر.",67.95 AED,in stock,new,"المحامص الخضراء","مكسرات وفواكه مجففة",Food, Beverages & Tobacco > Beverages > Coffee,https://res.cloudinary.com/dgcexgq5g/image/upload/v1751636289/greenroasteries/products/products/NT-CSH-CLS.webp,https://thegreenroasteries.com/product/classic-blanched-roasted-cashews,NT-CSH-CLS-500G,NT-CSH-CLS-500G,adult,unisex,"500 g","Arabic Coffee","مكسرات وفواكه مجففة","","","UAE"
b2a58046-b810-400b-acc6-cb7efe6beaaf,"كاجو مقشر محمص كلاسيكي - 250 g","اكتشف نكهة الزبدة النقية في كاجو مقشر محمص كلاسيكي. تُقشر حبات الكاجو بعناية لإزالة القشرة الخارجية، ثم تُحمص جافاً برفق حتى تكتسب لوناً ذهبياً فاتحاً. تتميّز بقوام ناعم يذوب في الفم ونكهة طبيعية حلوة ومكسرية، مما يجعلها مثالية للوجبات الخفيفة اليومية، أو الاستخدام في الحلويات، أو إضافة لمزيج المكسرات المفضّل لديك. غير مملحة وخالية من التوابل، لتمنحك النكهة الأصيلة للكاجو الفاخر.",49.95 AED,in stock,new,"المحامص الخضراء","مكسرات وفواكه مجففة",Food, Beverages & Tobacco > Beverages > Coffee,https://res.cloudinary.com/dgcexgq5g/image/upload/v1751636289/greenroasteries/products/products/NT-CSH-CLS.webp,https://thegreenroasteries.com/product/classic-blanched-roasted-cashews,NT-CSH-CLS-250G,NT-CSH-CLS-250G,adult,unisex,"250 g","Arabic Coffee","مكسرات وفواكه مجففة","","","UAE"
2e8a1794-41f1-4f9d-acc9-8372d7ac0222,"اللوز البرازيلي - 500 g","استمتع بالقرمشة الكلاسيكية لنواة الفول السوداني المحمصة الفاخرة. مُقشّرة بعناية، ومحمصة جافّة حتى تحوّلها إلى اللون الذهبي، ومرشوشة بملح البحر بكميات تضمن التوازن المثالي في النكهة. تقدم هذه الأنصاف الكاملة طعماً وملمساً لا يُضاهى، مثالية للتناول مباشرةً، أو لإضافتها لمزيج المكسرات والفواكه المجففة، أو لإثراء السلطات والأطباق السريعة بالبروتين. غنية بالبروتين النباتي، والألياف، والدهون غير المشبعة المفيدة للقلب، لتكون وجبة صحية تمنحك الحيوية طوال اليوم.",67.95 AED,in stock,new,"المحامص الخضراء","مكسرات وفواكه مجففة",Food, Beverages & Tobacco > Beverages > Coffee,https://res.cloudinary.com/dgcexgq5g/image/upload/v1751636294/greenroasteries/products/products/WLT-NW.webp,https://thegreenroasteries.com/product/brazilian-almond,WLT-NW-500G,WLT-NW-500G,adult,unisex,"500 g","Arabic Coffee","مكسرات وفواكه مجففة","","","UAE"
0ad957e8-406c-497a-85df-35f11195a9f5,"اللوز البرازيلي - 1 kg","استمتع بالقرمشة الكلاسيكية لنواة الفول السوداني المحمصة الفاخرة. مُقشّرة بعناية، ومحمصة جافّة حتى تحوّلها إلى اللون الذهبي، ومرشوشة بملح البحر بكميات تضمن التوازن المثالي في النكهة. تقدم هذه الأنصاف الكاملة طعماً وملمساً لا يُضاهى، مثالية للتناول مباشرةً، أو لإضافتها لمزيج المكسرات والفواكه المجففة، أو لإثراء السلطات والأطباق السريعة بالبروتين. غنية بالبروتين النباتي، والألياف، والدهون غير المشبعة المفيدة للقلب، لتكون وجبة صحية تمنحك الحيوية طوال اليوم.",171.95 AED,in stock,new,"المحامص الخضراء","مكسرات وفواكه مجففة",Food, Beverages & Tobacco > Beverages > Coffee,https://res.cloudinary.com/dgcexgq5g/image/upload/v1751636294/greenroasteries/products/products/WLT-NW.webp,https://thegreenroasteries.com/product/brazilian-almond,WLT-NW-1KG,WLT-NW-1KG,adult,unisex,"1 kg","Arabic Coffee","مكسرات وفواكه مجففة","","","UAE"
f3175a8a-a881-4df4-ad54-1d7fe4728406,"اللوز البرازيلي - 250 g","استمتع بالقرمشة الكلاسيكية لنواة الفول السوداني المحمصة الفاخرة. مُقشّرة بعناية، ومحمصة جافّة حتى تحوّلها إلى اللون الذهبي، ومرشوشة بملح البحر بكميات تضمن التوازن المثالي في النكهة. تقدم هذه الأنصاف الكاملة طعماً وملمساً لا يُضاهى، مثالية للتناول مباشرةً، أو لإضافتها لمزيج المكسرات والفواكه المجففة، أو لإثراء السلطات والأطباق السريعة بالبروتين. غنية بالبروتين النباتي، والألياف، والدهون غير المشبعة المفيدة للقلب، لتكون وجبة صحية تمنحك الحيوية طوال اليوم.",49.95 AED,in stock,new,"المحامص الخضراء","مكسرات وفواكه مجففة",Food, Beverages & Tobacco > Beverages > Coffee,https://res.cloudinary.com/dgcexgq5g/image/upload/v1751636294/greenroasteries/products/products/WLT-NW.webp,https://thegreenroasteries.com/product/brazilian-almond,WLT-NW-250G,WLT-NW-250G,adult,unisex,"250 g","Arabic Coffee","مكسرات وفواكه مجففة","","","UAE"
132681fa-e756-4ae6-8c3d-049ab2967803,"تين مجفف فاخر - 250 g","يُجفَّف هذا التين الفاخر بعنايةٍ تحت أشعة الشمس ليحصل على ملمسٍ طريٍّ ومطاطي ولونٍ ذهبيٍ عميق. كل حبة تين ممتلئة وحلوة بطبيعتها، بنكهةٍ غنيةٍ تشبه الكراميل والعسل مع لمسةٍ خفيفةٍ من الأرضيّة بفضل بذورها. مثالي للتناول بمفرده كوجبةٍ مغذية، أو لتزيين أطباق الجبن، أو تقطيعه وإضافته إلى الكعك والبسكويت، أو نقعه للاستعمال في تحضير الكمبوت والأطباق الشرقية.",19.95 AED,in stock,new,"المحامص الخضراء","مكسرات وفواكه مجففة",Food, Beverages & Tobacco > Beverages > Coffee,https://res.cloudinary.com/dgcexgq5g/image/upload/v1751636318/greenroasteries/products/products/NT-FG.webp,https://thegreenroasteries.com/product/premium-dried-figs,SNK-FG-250G,SNK-FG-250G,adult,unisex,"250 g","Arabic Coffee","مكسرات وفواكه مجففة","","","UAE"
10d43452-1429-46b0-bf8c-162853094238,"تين مجفف فاخر - 1 kg","يُجفَّف هذا التين الفاخر بعنايةٍ تحت أشعة الشمس ليحصل على ملمسٍ طريٍّ ومطاطي ولونٍ ذهبيٍ عميق. كل حبة تين ممتلئة وحلوة بطبيعتها، بنكهةٍ غنيةٍ تشبه الكراميل والعسل مع لمسةٍ خفيفةٍ من الأرضيّة بفضل بذورها. مثالي للتناول بمفرده كوجبةٍ مغذية، أو لتزيين أطباق الجبن، أو تقطيعه وإضافته إلى الكعك والبسكويت، أو نقعه للاستعمال في تحضير الكمبوت والأطباق الشرقية.",64.95 AED,in stock,new,"المحامص الخضراء","مكسرات وفواكه مجففة",Food, Beverages & Tobacco > Beverages > Coffee,https://res.cloudinary.com/dgcexgq5g/image/upload/v1751636318/greenroasteries/products/products/NT-FG.webp,https://thegreenroasteries.com/product/premium-dried-figs,SNK-FG-1KG,SNK-FG-1KG,adult,unisex,"1 kg","Arabic Coffee","مكسرات وفواكه مجففة","","","UAE"
2037b925-3dda-4516-8278-6bcfb7186184,"تين مجفف فاخر - 500 g","يُجفَّف هذا التين الفاخر بعنايةٍ تحت أشعة الشمس ليحصل على ملمسٍ طريٍّ ومطاطي ولونٍ ذهبيٍ عميق. كل حبة تين ممتلئة وحلوة بطبيعتها، بنكهةٍ غنيةٍ تشبه الكراميل والعسل مع لمسةٍ خفيفةٍ من الأرضيّة بفضل بذورها. مثالي للتناول بمفرده كوجبةٍ مغذية، أو لتزيين أطباق الجبن، أو تقطيعه وإضافته إلى الكعك والبسكويت، أو نقعه للاستعمال في تحضير الكمبوت والأطباق الشرقية.",37.95 AED,in stock,new,"المحامص الخضراء","مكسرات وفواكه مجففة",Food, Beverages & Tobacco > Beverages > Coffee,https://res.cloudinary.com/dgcexgq5g/image/upload/v1751636318/greenroasteries/products/products/NT-FG.webp,https://thegreenroasteries.com/product/premium-dried-figs,SNK-FG-500G,SNK-FG-500G,adult,unisex,"500 g","Arabic Coffee","مكسرات وفواكه مجففة","","","UAE"
817d468b-eb8e-4f6a-8615-7bc5b952eb17,"كاجو محمص بتتبيلة الباربكيو المدخن - 250 g","دلل حواسك بنكهات كاجو محمص بتتبيلة الباربكيو المدخن. تُحمص حبات الكاجو الفاخرة جافاً حتى تصبح مقرمشة، ثم تُغلف بخليط مميز من البابريكا المدخنة، ومسحوق الطماطم الحامض، والسكر البني، والثوم، ولمسة من ملح البحر. النتيجة وجبة خفيفة متوازنة تجمع بين الحلاوة والملوحة والدخان الخفيف في كل قضمة. مثالي للتناول مباشرة أو تقديمه مع المشروبات الباردة لوجبة بطعم الشواء الكلاسيكي.",38.95 AED,in stock,new,"المحامص الخضراء","مكسرات وفواكه مجففة",Food, Beverages & Tobacco > Beverages > Coffee,https://res.cloudinary.com/dgcexgq5g/image/upload/v1751636327/greenroasteries/products/products/NT-CSH-BBQ.jpg,https://thegreenroasteries.com/product/smoky-bbq-roasted-cashews,SNK-AKJBBQ-250G,SNK-AKJBBQ-250G,adult,unisex,"250 g","Arabic Coffee","مكسرات وفواكه مجففة","","","UAE"
487f5d22-78ad-4f6f-8675-890878af7421,"كاجو محمص بتتبيلة الباربكيو المدخن - 500 g","دلل حواسك بنكهات كاجو محمص بتتبيلة الباربكيو المدخن. تُحمص حبات الكاجو الفاخرة جافاً حتى تصبح مقرمشة، ثم تُغلف بخليط مميز من البابريكا المدخنة، ومسحوق الطماطم الحامض، والسكر البني، والثوم، ولمسة من ملح البحر. النتيجة وجبة خفيفة متوازنة تجمع بين الحلاوة والملوحة والدخان الخفيف في كل قضمة. مثالي للتناول مباشرة أو تقديمه مع المشروبات الباردة لوجبة بطعم الشواء الكلاسيكي.",62.95 AED,in stock,new,"المحامص الخضراء","مكسرات وفواكه مجففة",Food, Beverages & Tobacco > Beverages > Coffee,https://res.cloudinary.com/dgcexgq5g/image/upload/v1751636327/greenroasteries/products/products/NT-CSH-BBQ.jpg,https://thegreenroasteries.com/product/smoky-bbq-roasted-cashews,SNK-AKJBBQ-500G,SNK-AKJBBQ-500G,adult,unisex,"500 g","Arabic Coffee","مكسرات وفواكه مجففة","","","UAE"
e8d64bbf-f838-45bb-be8e-4f81ab739a8d,"كاجو محمص بتتبيلة الباربكيو المدخن - 1 kg","دلل حواسك بنكهات كاجو محمص بتتبيلة الباربكيو المدخن. تُحمص حبات الكاجو الفاخرة جافاً حتى تصبح مقرمشة، ثم تُغلف بخليط مميز من البابريكا المدخنة، ومسحوق الطماطم الحامض، والسكر البني، والثوم، ولمسة من ملح البحر. النتيجة وجبة خفيفة متوازنة تجمع بين الحلاوة والملوحة والدخان الخفيف في كل قضمة. مثالي للتناول مباشرة أو تقديمه مع المشروبات الباردة لوجبة بطعم الشواء الكلاسيكي.",115.95 AED,in stock,new,"المحامص الخضراء","مكسرات وفواكه مجففة",Food, Beverages & Tobacco > Beverages > Coffee,https://res.cloudinary.com/dgcexgq5g/image/upload/v1751636327/greenroasteries/products/products/NT-CSH-BBQ.jpg,https://thegreenroasteries.com/product/smoky-bbq-roasted-cashews,SNK-AKJBBQ-1KG,SNK-AKJBBQ-1KG,adult,unisex,"1 kg","Arabic Coffee","مكسرات وفواكه مجففة","","","UAE"
850028fd-f52c-461e-ab54-6d440f7bd821,"ذرة محمصة بتتبيلة الفلفل الحار - 1 kg","ارفع مستوى وجبتك الخفيفة مع ذرة محمصة بتتبيلة الفلفل الحار. تُحمص حبات الذرة كاملة جافاً حتى تصبح مقرمشة تماماً، ثم تُغلف بسخاء بخليط قوي من مسحوق الفلفل الحار، والبابريكا المدخنة، والثوم، ولمسة من ملح البحر. النتيجة قرمشة لا تُقاوم وحراقة لذيذة في كل قضمة. استمتع بها مباشرة من الوعاء، أو أضفها إلى خليط المكسرات لزيادة التوابل، أو قدمها بجانب الصلصات لطبق جانبي حار ومميز.",39.95 AED,in stock,new,"المحامص الخضراء","مكسرات وفواكه مجففة",Food, Beverages & Tobacco > Beverages > Coffee,https://res.cloudinary.com/dgcexgq5g/image/upload/v1751636332/greenroasteries/products/products/CRN-RS-CH.webp,https://thegreenroasteries.com/product/chili-spiced-roasted-corn-kernels,CRN-RS-CH-1KG,CRN-RS-CH-1KG,adult,unisex,"1 kg","Arabic Coffee","مكسرات وفواكه مجففة","","","UAE"
f8e9929d-9021-45dc-a2fa-a1d275d25d67,"ذرة محمصة بتتبيلة الفلفل الحار - 500 g","ارفع مستوى وجبتك الخفيفة مع ذرة محمصة بتتبيلة الفلفل الحار. تُحمص حبات الذرة كاملة جافاً حتى تصبح مقرمشة تماماً، ثم تُغلف بسخاء بخليط قوي من مسحوق الفلفل الحار، والبابريكا المدخنة، والثوم، ولمسة من ملح البحر. النتيجة قرمشة لا تُقاوم وحراقة لذيذة في كل قضمة. استمتع بها مباشرة من الوعاء، أو أضفها إلى خليط المكسرات لزيادة التوابل، أو قدمها بجانب الصلصات لطبق جانبي حار ومميز.",22.95 AED,in stock,new,"المحامص الخضراء","مكسرات وفواكه مجففة",Food, Beverages & Tobacco > Beverages > Coffee,https://res.cloudinary.com/dgcexgq5g/image/upload/v1751636332/greenroasteries/products/products/CRN-RS-CH.webp,https://thegreenroasteries.com/product/chili-spiced-roasted-corn-kernels,CRN-RS-CH-500G,CRN-RS-CH-500G,adult,unisex,"500 g","Arabic Coffee","مكسرات وفواكه مجففة","","","UAE"
ca595b55-7ad2-4b95-acc4-e13c8bd3692a,"ذرة محمصة بتتبيلة الفلفل الحار - 250 g","ارفع مستوى وجبتك الخفيفة مع ذرة محمصة بتتبيلة الفلفل الحار. تُحمص حبات الذرة كاملة جافاً حتى تصبح مقرمشة تماماً، ثم تُغلف بسخاء بخليط قوي من مسحوق الفلفل الحار، والبابريكا المدخنة، والثوم، ولمسة من ملح البحر. النتيجة قرمشة لا تُقاوم وحراقة لذيذة في كل قضمة. استمتع بها مباشرة من الوعاء، أو أضفها إلى خليط المكسرات لزيادة التوابل، أو قدمها بجانب الصلصات لطبق جانبي حار ومميز.",12.95 AED,in stock,new,"المحامص الخضراء","مكسرات وفواكه مجففة",Food, Beverages & Tobacco > Beverages > Coffee,https://res.cloudinary.com/dgcexgq5g/image/upload/v1751636332/greenroasteries/products/products/CRN-RS-CH.webp,https://thegreenroasteries.com/product/chili-spiced-roasted-corn-kernels,CRN-RS-CH-250G,CRN-RS-CH-250G,adult,unisex,"250 g","Arabic Coffee","مكسرات وفواكه مجففة","","","UAE"
402ad561-705b-40cb-9613-6b37170a71c3,"لوز محمص بتتبيلة الباربكيو المدخن - 250 g","استمتع بنكهات الشواء المميزة مع لوز محمص بتتبيلة الباربكيو المدخن. نأخذ حبات اللوز الفاخرة ونحمصها جافاً حتى تصبح مقرمشة وذهبية اللون، ثم نغلفها بمزيج غني من البابريكا المدخنة، ومسحوق الطماطم، والسكر البني، والثوم، والبصل، ورشة من ملح البحر. النتيجة تناغم مثالي بين الحلاوة والملوحة والدخان في كل قضمة. مثالي للتناول مباشرة، أو إضافته إلى السلطات، أو تقديمه مع الجبن والشاركوتيري لإضفاء لمسة فاخرة.",27.95 AED,in stock,new,"المحامص الخضراء","مكسرات وفواكه مجففة",Food, Beverages & Tobacco > Beverages > Coffee,https://res.cloudinary.com/dgcexgq5g/image/upload/v1751636335/greenroasteries/products/products/ALMD-BBQ.jpg,https://thegreenroasteries.com/product/lemon-roasted-almonds,ALMD-BBQ,ALMD-BBQ,adult,unisex,"250 g","Arabic Coffee","مكسرات وفواكه مجففة","","","UAE"
97f4325e-e6ee-40c1-8634-b10f320f541c,"لوز محمص بتتبيلة الباربكيو المدخن - 500 g","استمتع بنكهات الشواء المميزة مع لوز محمص بتتبيلة الباربكيو المدخن. نأخذ حبات اللوز الفاخرة ونحمصها جافاً حتى تصبح مقرمشة وذهبية اللون، ثم نغلفها بمزيج غني من البابريكا المدخنة، ومسحوق الطماطم، والسكر البني، والثوم، والبصل، ورشة من ملح البحر. النتيجة تناغم مثالي بين الحلاوة والملوحة والدخان في كل قضمة. مثالي للتناول مباشرة، أو إضافته إلى السلطات، أو تقديمه مع الجبن والشاركوتيري لإضفاء لمسة فاخرة.",46.95 AED,in stock,new,"المحامص الخضراء","مكسرات وفواكه مجففة",Food, Beverages & Tobacco > Beverages > Coffee,https://res.cloudinary.com/dgcexgq5g/image/upload/v1751636335/greenroasteries/products/products/ALMD-BBQ.jpg,https://thegreenroasteries.com/product/lemon-roasted-almonds,ALMD-BBQ-500g,ALMD-BBQ-500g,adult,unisex,"500 g","Arabic Coffee","مكسرات وفواكه مجففة","","","UAE"
9cda9765-243b-49f4-ab23-b33b80185f79,"لوز محمص بتتبيلة الباربكيو المدخن - 1 kg","استمتع بنكهات الشواء المميزة مع لوز محمص بتتبيلة الباربكيو المدخن. نأخذ حبات اللوز الفاخرة ونحمصها جافاً حتى تصبح مقرمشة وذهبية اللون، ثم نغلفها بمزيج غني من البابريكا المدخنة، ومسحوق الطماطم، والسكر البني، والثوم، والبصل، ورشة من ملح البحر. النتيجة تناغم مثالي بين الحلاوة والملوحة والدخان في كل قضمة. مثالي للتناول مباشرة، أو إضافته إلى السلطات، أو تقديمه مع الجبن والشاركوتيري لإضفاء لمسة فاخرة.",67.95 AED,in stock,new,"المحامص الخضراء","مكسرات وفواكه مجففة",Food, Beverages & Tobacco > Beverages > Coffee,https://res.cloudinary.com/dgcexgq5g/image/upload/v1751636335/greenroasteries/products/products/ALMD-BBQ.jpg,https://thegreenroasteries.com/product/lemon-roasted-almonds,ALMD-BBQ-1kg,ALMD-BBQ-1kg,adult,unisex,"1 kg","Arabic Coffee","مكسرات وفواكه مجففة","","","UAE"
e6171da3-c759-444d-b20e-8e0c357c6f57,"رقائق بطاطس بالتشيدر المقرمشة - 250 g","اكتشف قرمشة غنية ونكهة جبنة التشيدر مع رقائق بطاطس بالتشيدر المقرمشة. تُقلى هذه الرقائق السميكة والمموجة حتى تصبح ذهبية ومقرمشة، ثم تُغطى بطبقة وفيرة من تتبيلة جبنة التشيدر الغنية ولمسة من حليب الزبادي الحامض. تضمن المموجات العميقة قرمشة فائقة في كل قضمة، بينما تجعل نكهة الجبنة الشهية هذه الوجبة الخفيفة لا تُقاوم. مثالية للحفلات، وليالي الأفلام، أو كلما شعرت برغبة في وجبة خفيفة مالحة ومقرمشة.",35.95 AED,in stock,new,"المحامص الخضراء","مكسرات وفواكه مجففة",Food, Beverages & Tobacco > Beverages > Coffee,https://res.cloudinary.com/dgcexgq5g/image/upload/v1751636346/greenroasteries/products/products/CHPS-CH.jpg,https://thegreenroasteries.com/product/crunchy-cheddar-ridges,CHPS-CH-250G,CHPS-CH-250G,adult,unisex,"250 g","Arabic Coffee","مكسرات وفواكه مجففة","","","UAE"
765ae99c-5039-4d2c-ae10-85ada962bfe2,"رقائق بطاطس بالتشيدر المقرمشة - 500 g","اكتشف قرمشة غنية ونكهة جبنة التشيدر مع رقائق بطاطس بالتشيدر المقرمشة. تُقلى هذه الرقائق السميكة والمموجة حتى تصبح ذهبية ومقرمشة، ثم تُغطى بطبقة وفيرة من تتبيلة جبنة التشيدر الغنية ولمسة من حليب الزبادي الحامض. تضمن المموجات العميقة قرمشة فائقة في كل قضمة، بينما تجعل نكهة الجبنة الشهية هذه الوجبة الخفيفة لا تُقاوم. مثالية للحفلات، وليالي الأفلام، أو كلما شعرت برغبة في وجبة خفيفة مالحة ومقرمشة.",54.95 AED,in stock,new,"المحامص الخضراء","مكسرات وفواكه مجففة",Food, Beverages & Tobacco > Beverages > Coffee,https://res.cloudinary.com/dgcexgq5g/image/upload/v1751636346/greenroasteries/products/products/CHPS-CH.jpg,https://thegreenroasteries.com/product/crunchy-cheddar-ridges,CHPS-CH-500G,CHPS-CH-500G,adult,unisex,"500 g","Arabic Coffee","مكسرات وفواكه مجففة","","","UAE"
75834e6f-3680-44d2-99f5-249f4cbc293f,"رقائق بطاطس بالتشيدر المقرمشة - 1 kg","اكتشف قرمشة غنية ونكهة جبنة التشيدر مع رقائق بطاطس بالتشيدر المقرمشة. تُقلى هذه الرقائق السميكة والمموجة حتى تصبح ذهبية ومقرمشة، ثم تُغطى بطبقة وفيرة من تتبيلة جبنة التشيدر الغنية ولمسة من حليب الزبادي الحامض. تضمن المموجات العميقة قرمشة فائقة في كل قضمة، بينما تجعل نكهة الجبنة الشهية هذه الوجبة الخفيفة لا تُقاوم. مثالية للحفلات، وليالي الأفلام، أو كلما شعرت برغبة في وجبة خفيفة مالحة ومقرمشة.",119.95 AED,in stock,new,"المحامص الخضراء","مكسرات وفواكه مجففة",Food, Beverages & Tobacco > Beverages > Coffee,https://res.cloudinary.com/dgcexgq5g/image/upload/v1751636346/greenroasteries/products/products/CHPS-CH.jpg,https://thegreenroasteries.com/product/crunchy-cheddar-ridges,CHPS-CH-1KG,CHPS-CH-1KG,adult,unisex,"1 kg","Arabic Coffee","مكسرات وفواكه مجففة","","","UAE"