id,title,description,availability,condition,price,link,image_link,brand,google_product_category,product_type,additional_image_link,sale_price,item_group_id,color,size,material,gender,age_group,custom_label_0,custom_label_1,custom_label_2,custom_label_3,custom_label_4
ddf11358-7cd3-44ab-9f94-80a30bdc91bb_en,Brazil - 1000g whole beans,"Enjoy the original taste of coffee through a distinctive and carefully selected Brazilian crop. It provides a balanced taste with clear, classic overtones such as hazelnut and chocolate. It is suitable for milk drinks, black coffee and filter coffee.",in stock,new,165.00 AED,https://thegreenroasteries.com/product/-brazil,https://res.cloudinary.com/dgcexgq5g/image/upload/v1751636505/greenroasteries/variations/variations/ESS-BR_var_ddf11358-7cd3-44ab-9f94-80a30bdc91bb.webp,Green Roasteries,"Food, Beverages & Tobacco > Beverages > Coffee",ESPRESSO ROAST,https://res.cloudinary.com/dgcexgq5g/image/upload/v1751636735/greenroasteries/gallery/gallery/ESS-BR_img_ee09eb72-5a38-4072-b042-7bf6f57e72e8.webp,,43258a5b-6539-4f35-bff8-7ffa45bbd965,Brown,1000g,Coffee,unisex,adult,en,Brazil,ESPRESSO ROAST,Medium Roast,whole beans
2c860f90-3459-44d8-ab56-441bbb9c9f32_en,Brazil - 1000g Ground grains,"Enjoy the original taste of coffee through a distinctive and carefully selected Brazilian crop. It provides a balanced taste with clear, classic overtones such as hazelnut and chocolate. It is suitable for milk drinks, black coffee and filter coffee.",in stock,new,165.00 AED,https://thegreenroasteries.com/product/-brazil,https://res.cloudinary.com/dgcexgq5g/image/upload/v1751636507/greenroasteries/variations/variations/ESS-BR_var_2c860f90-3459-44d8-ab56-441bbb9c9f32.webp,Green Roasteries,"Food, Beverages & Tobacco > Beverages > Coffee",ESPRESSO ROAST,https://res.cloudinary.com/dgcexgq5g/image/upload/v1751636735/greenroasteries/gallery/gallery/ESS-BR_img_ee09eb72-5a38-4072-b042-7bf6f57e72e8.webp,,43258a5b-6539-4f35-bff8-7ffa45bbd965,Brown,1000g,Coffee,unisex,adult,en,Brazil,ESPRESSO ROAST,Medium Roast,Ground grains
7e77ce0b-9b86-4ecd-9cb2-801fdf067ecf_en,Brazil - 500g whole beans,"Enjoy the original taste of coffee through a distinctive and carefully selected Brazilian crop. It provides a balanced taste with clear, classic overtones such as hazelnut and chocolate. It is suitable for milk drinks, black coffee and filter coffee.",in stock,new,89.95 AED,https://thegreenroasteries.com/product/-brazil,https://res.cloudinary.com/dgcexgq5g/image/upload/v1751636572/greenroasteries/variations/variations/ESS-BR_var_7e77ce0b-9b86-4ecd-9cb2-801fdf067ecf.webp,Green Roasteries,"Food, Beverages & Tobacco > Beverages > Coffee",ESPRESSO ROAST,https://res.cloudinary.com/dgcexgq5g/image/upload/v1751636735/greenroasteries/gallery/gallery/ESS-BR_img_ee09eb72-5a38-4072-b042-7bf6f57e72e8.webp,,43258a5b-6539-4f35-bff8-7ffa45bbd965,Brown,500g,Coffee,unisex,adult,en,Brazil,ESPRESSO ROAST,Medium Roast,whole beans
e2fa9cb0-9f9a-4c81-9e59-0c1b9a30bbdc_en,Brazil - 500g Ground grains,"Enjoy the original taste of coffee through a distinctive and carefully selected Brazilian crop. It provides a balanced taste with clear, classic overtones such as hazelnut and chocolate. It is suitable for milk drinks, black coffee and filter coffee.",in stock,new,89.95 AED,https://thegreenroasteries.com/product/-brazil,https://res.cloudinary.com/dgcexgq5g/image/upload/v1751636580/greenroasteries/variations/variations/ESS-BR_var_e2fa9cb0-9f9a-4c81-9e59-0c1b9a30bbdc.webp,Green Roasteries,"Food, Beverages & Tobacco > Beverages > Coffee",ESPRESSO ROAST,https://res.cloudinary.com/dgcexgq5g/image/upload/v1751636735/greenroasteries/gallery/gallery/ESS-BR_img_ee09eb72-5a38-4072-b042-7bf6f57e72e8.webp,,43258a5b-6539-4f35-bff8-7ffa45bbd965,Brown,500g,Coffee,unisex,adult,en,Brazil,ESPRESSO ROAST,Medium Roast,Ground grains
e2fda84f-4cfd-48a9-aafb-2690cabddba4_en,Brazil - 250g whole beans,"Enjoy the original taste of coffee through a distinctive and carefully selected Brazilian crop. It provides a balanced taste with clear, classic overtones such as hazelnut and chocolate. It is suitable for milk drinks, black coffee and filter coffee.",in stock,new,49.95 AED,https://thegreenroasteries.com/product/-brazil,https://res.cloudinary.com/dgcexgq5g/image/upload/v1751636586/greenroasteries/variations/variations/ESS-BR_var_e2fda84f-4cfd-48a9-aafb-2690cabddba4.webp,Green Roasteries,"Food, Beverages & Tobacco > Beverages > Coffee",ESPRESSO ROAST,https://res.cloudinary.com/dgcexgq5g/image/upload/v1751636735/greenroasteries/gallery/gallery/ESS-BR_img_ee09eb72-5a38-4072-b042-7bf6f57e72e8.webp,,43258a5b-6539-4f35-bff8-7ffa45bbd965,Brown,250g,Coffee,unisex,adult,en,Brazil,ESPRESSO ROAST,Medium Roast,whole beans
16043397-35ab-4726-a3a6-d9a33e369f23_en,Brazil - 250g Ground grains,"Enjoy the original taste of coffee through a distinctive and carefully selected Brazilian crop. It provides a balanced taste with clear, classic overtones such as hazelnut and chocolate. It is suitable for milk drinks, black coffee and filter coffee.",in stock,new,49.95 AED,https://thegreenroasteries.com/product/-brazil,https://res.cloudinary.com/dgcexgq5g/image/upload/v1751636602/greenroasteries/variations/variations/ESS-BR_var_16043397-35ab-4726-a3a6-d9a33e369f23.webp,Green Roasteries,"Food, Beverages & Tobacco > Beverages > Coffee",ESPRESSO ROAST,https://res.cloudinary.com/dgcexgq5g/image/upload/v1751636735/greenroasteries/gallery/gallery/ESS-BR_img_ee09eb72-5a38-4072-b042-7bf6f57e72e8.webp,,43258a5b-6539-4f35-bff8-7ffa45bbd965,Brown,250g,Coffee,unisex,adult,en,Brazil,ESPRESSO ROAST,Medium Roast,Ground grains
ddf11358-7cd3-44ab-9f94-80a30bdc91bb_ar,برازيـــل - 1000g حبوب كاملة,ستمتع بمذاق القهوة االصلي من خالل محصول برازيلي مميز ومنتقي بعناية، يتيح مذاق متوازن وبإيحاءات كالسيكية واضحة كالبندق ، الشوكوالتة يتناسب مع مشروبات الحليب والقهوة السوداء.,in stock,new,165.00 AED,https://thegreenroasteries.com/product/-brazil?lang=ar,https://res.cloudinary.com/dgcexgq5g/image/upload/v1751636505/greenroasteries/variations/variations/ESS-BR_var_ddf11358-7cd3-44ab-9f94-80a30bdc91bb.webp,المحامص الخضراء,"Food, Beverages & Tobacco > Beverages > Coffee",تحميص الإسبريسو,https://res.cloudinary.com/dgcexgq5g/image/upload/v1751636735/greenroasteries/gallery/gallery/ESS-BR_img_ee09eb72-5a38-4072-b042-7bf6f57e72e8.webp,,43258a5b-6539-4f35-bff8-7ffa45bbd965,Brown,1000g,قهوة,unisex,adult,ar,Brazil,تحميص الإسبريسو,تحميص متوسط,حبوب كاملة
2c860f90-3459-44d8-ab56-441bbb9c9f32_ar,برازيـــل - 1000g حبوب مطحونة,ستمتع بمذاق القهوة االصلي من خالل محصول برازيلي مميز ومنتقي بعناية، يتيح مذاق متوازن وبإيحاءات كالسيكية واضحة كالبندق ، الشوكوالتة يتناسب مع مشروبات الحليب والقهوة السوداء.,in stock,new,165.00 AED,https://thegreenroasteries.com/product/-brazil?lang=ar,https://res.cloudinary.com/dgcexgq5g/image/upload/v1751636507/greenroasteries/variations/variations/ESS-BR_var_2c860f90-3459-44d8-ab56-441bbb9c9f32.webp,المحامص الخضراء,"Food, Beverages & Tobacco > Beverages > Coffee",تحميص الإسبريسو,https://res.cloudinary.com/dgcexgq5g/image/upload/v1751636735/greenroasteries/gallery/gallery/ESS-BR_img_ee09eb72-5a38-4072-b042-7bf6f57e72e8.webp,,43258a5b-6539-4f35-bff8-7ffa45bbd965,Brown,1000g,قهوة,unisex,adult,ar,Brazil,تحميص الإسبريسو,تحميص متوسط,حبوب مطحونة
7e77ce0b-9b86-4ecd-9cb2-801fdf067ecf_ar,برازيـــل - 500g حبوب كاملة,ستمتع بمذاق القهوة االصلي من خالل محصول برازيلي مميز ومنتقي بعناية، يتيح مذاق متوازن وبإيحاءات كالسيكية واضحة كالبندق ، الشوكوالتة يتناسب مع مشروبات الحليب والقهوة السوداء.,in stock,new,89.95 AED,https://thegreenroasteries.com/product/-brazil?lang=ar,https://res.cloudinary.com/dgcexgq5g/image/upload/v1751636572/greenroasteries/variations/variations/ESS-BR_var_7e77ce0b-9b86-4ecd-9cb2-801fdf067ecf.webp,المحامص الخضراء,"Food, Beverages & Tobacco > Beverages > Coffee",تحميص الإسبريسو,https://res.cloudinary.com/dgcexgq5g/image/upload/v1751636735/greenroasteries/gallery/gallery/ESS-BR_img_ee09eb72-5a38-4072-b042-7bf6f57e72e8.webp,,43258a5b-6539-4f35-bff8-7ffa45bbd965,Brown,500g,قهوة,unisex,adult,ar,Brazil,تحميص الإسبريسو,تحميص متوسط,حبوب كاملة
e2fa9cb0-9f9a-4c81-9e59-0c1b9a30bbdc_ar,برازيـــل - 500g حبوب مطحونة,ستمتع بمذاق القهوة االصلي من خالل محصول برازيلي مميز ومنتقي بعناية، يتيح مذاق متوازن وبإيحاءات كالسيكية واضحة كالبندق ، الشوكوالتة يتناسب مع مشروبات الحليب والقهوة السوداء.,in stock,new,89.95 AED,https://thegreenroasteries.com/product/-brazil?lang=ar,https://res.cloudinary.com/dgcexgq5g/image/upload/v1751636580/greenroasteries/variations/variations/ESS-BR_var_e2fa9cb0-9f9a-4c81-9e59-0c1b9a30bbdc.webp,المحامص الخضراء,"Food, Beverages & Tobacco > Beverages > Coffee",تحميص الإسبريسو,https://res.cloudinary.com/dgcexgq5g/image/upload/v1751636735/greenroasteries/gallery/gallery/ESS-BR_img_ee09eb72-5a38-4072-b042-7bf6f57e72e8.webp,,43258a5b-6539-4f35-bff8-7ffa45bbd965,Brown,500g,قهوة,unisex,adult,ar,Brazil,تحميص الإسبريسو,تحميص متوسط,حبوب مطحونة
e2fda84f-4cfd-48a9-aafb-2690cabddba4_ar,برازيـــل - 250g حبوب كاملة,ستمتع بمذاق القهوة االصلي من خالل محصول برازيلي مميز ومنتقي بعناية، يتيح مذاق متوازن وبإيحاءات كالسيكية واضحة كالبندق ، الشوكوالتة يتناسب مع مشروبات الحليب والقهوة السوداء.,in stock,new,49.95 AED,https://thegreenroasteries.com/product/-brazil?lang=ar,https://res.cloudinary.com/dgcexgq5g/image/upload/v1751636586/greenroasteries/variations/variations/ESS-BR_var_e2fda84f-4cfd-48a9-aafb-2690cabddba4.webp,المحامص الخضراء,"Food, Beverages & Tobacco > Beverages > Coffee",تحميص الإسبريسو,https://res.cloudinary.com/dgcexgq5g/image/upload/v1751636735/greenroasteries/gallery/gallery/ESS-BR_img_ee09eb72-5a38-4072-b042-7bf6f57e72e8.webp,,43258a5b-6539-4f35-bff8-7ffa45bbd965,Brown,250g,قهوة,unisex,adult,ar,Brazil,تحميص الإسبريسو,تحميص متوسط,حبوب كاملة
16043397-35ab-4726-a3a6-d9a33e369f23_ar,برازيـــل - 250g حبوب مطحونة,ستمتع بمذاق القهوة االصلي من خالل محصول برازيلي مميز ومنتقي بعناية، يتيح مذاق متوازن وبإيحاءات كالسيكية واضحة كالبندق ، الشوكوالتة يتناسب مع مشروبات الحليب والقهوة السوداء.,in stock,new,49.95 AED,https://thegreenroasteries.com/product/-brazil?lang=ar,https://res.cloudinary.com/dgcexgq5g/image/upload/v1751636602/greenroasteries/variations/variations/ESS-BR_var_16043397-35ab-4726-a3a6-d9a33e369f23.webp,المحامص الخضراء,"Food, Beverages & Tobacco > Beverages > Coffee",تحميص الإسبريسو,https://res.cloudinary.com/dgcexgq5g/image/upload/v1751636735/greenroasteries/gallery/gallery/ESS-BR_img_ee09eb72-5a38-4072-b042-7bf6f57e72e8.webp,,43258a5b-6539-4f35-bff8-7ffa45bbd965,Brown,250g,قهوة,unisex,adult,ar,Brazil,تحميص الإسبريسو,تحميص متوسط,حبوب مطحونة
e5d449dd-32ba-4663-b057-7cda882e1e94_en,Evening blend - 1000g whole beans,A distinctive crop of green roasters with rich and beautiful notes that suit lovers of classic filter drinks that are free of complexity. The sweetness of the crop is highlighted with milk drinks of all kinds. This crop is considered a special blend of our selection of the finest crops.,in stock,new,215.00 AED,https://thegreenroasteries.com/product/-evening-blend,https://res.cloudinary.com/dgcexgq5g/image/upload/v1751636533/greenroasteries/variations/variations/ESS-MOR-EV_var_e5d449dd-32ba-4663-b057-7cda882e1e94.webp,Green Roasteries,"Food, Beverages & Tobacco > Beverages > Coffee",ESPRESSO ROAST,https://res.cloudinary.com/dgcexgq5g/image/upload/v1751636750/greenroasteries/gallery/gallery/ESS-MOR-EV_img_d8ddae2c-d3c9-43d1-bbe7-3be3fba26cca.webp,,f07e6679-6d37-489d-808d-29d0856621a6,Brown,1000g,Coffee,unisex,adult,en,Premium Origin,ESPRESSO ROAST,Medium Roast,whole beans
ce217316-5054-4196-8ede-fe7f9e774a3b_en,Evening blend - 1000g Ground grains,A distinctive crop of green roasters with rich and beautiful notes that suit lovers of classic filter drinks that are free of complexity. The sweetness of the crop is highlighted with milk drinks of all kinds. This crop is considered a special blend of our selection of the finest crops.,in stock,new,215.00 AED,https://thegreenroasteries.com/product/-evening-blend,https://res.cloudinary.com/dgcexgq5g/image/upload/v1751636550/greenroasteries/variations/variations/ESS-MOR-EV_var_ce217316-5054-4196-8ede-fe7f9e774a3b.webp,Green Roasteries,"Food, Beverages & Tobacco > Beverages > Coffee",ESPRESSO ROAST,https://res.cloudinary.com/dgcexgq5g/image/upload/v1751636750/greenroasteries/gallery/gallery/ESS-MOR-EV_img_d8ddae2c-d3c9-43d1-bbe7-3be3fba26cca.webp,,f07e6679-6d37-489d-808d-29d0856621a6,Brown,1000g,Coffee,unisex,adult,en,Premium Origin,ESPRESSO ROAST,Medium Roast,Ground grains
5e035583-2474-4cb2-b458-45497f04d9b5_en,Evening blend - 500g Ground grains,A distinctive crop of green roasters with rich and beautiful notes that suit lovers of classic filter drinks that are free of complexity. The sweetness of the crop is highlighted with milk drinks of all kinds. This crop is considered a special blend of our selection of the finest crops.,in stock,new,115.00 AED,https://thegreenroasteries.com/product/-evening-blend,https://res.cloudinary.com/dgcexgq5g/image/upload/v1751636594/greenroasteries/variations/variations/ESS-MOR-EV_var_5e035583-2474-4cb2-b458-45497f04d9b5.webp,Green Roasteries,"Food, Beverages & Tobacco > Beverages > Coffee",ESPRESSO ROAST,https://res.cloudinary.com/dgcexgq5g/image/upload/v1751636750/greenroasteries/gallery/gallery/ESS-MOR-EV_img_d8ddae2c-d3c9-43d1-bbe7-3be3fba26cca.webp,,f07e6679-6d37-489d-808d-29d0856621a6,Brown,500g,Coffee,unisex,adult,en,Premium Origin,ESPRESSO ROAST,Medium Roast,Ground grains
4431968c-81d0-457c-8e24-64d0228d571e_en,Evening blend - 250g whole beans,A distinctive crop of green roasters with rich and beautiful notes that suit lovers of classic filter drinks that are free of complexity. The sweetness of the crop is highlighted with milk drinks of all kinds. This crop is considered a special blend of our selection of the finest crops.,in stock,new,64.95 AED,https://thegreenroasteries.com/product/-evening-blend,https://res.cloudinary.com/dgcexgq5g/image/upload/v1751636609/greenroasteries/variations/variations/ESS-MOR-EV_var_4431968c-81d0-457c-8e24-64d0228d571e.webp,Green Roasteries,"Food, Beverages & Tobacco > Beverages > Coffee",ESPRESSO ROAST,https://res.cloudinary.com/dgcexgq5g/image/upload/v1751636750/greenroasteries/gallery/gallery/ESS-MOR-EV_img_d8ddae2c-d3c9-43d1-bbe7-3be3fba26cca.webp,,f07e6679-6d37-489d-808d-29d0856621a6,Brown,250g,Coffee,unisex,adult,en,Premium Origin,ESPRESSO ROAST,Medium Roast,whole beans
254ac179-42d7-4342-953a-0fb7b72e4aca_en,Evening blend - 250g Ground grains,A distinctive crop of green roasters with rich and beautiful notes that suit lovers of classic filter drinks that are free of complexity. The sweetness of the crop is highlighted with milk drinks of all kinds. This crop is considered a special blend of our selection of the finest crops.,in stock,new,64.95 AED,https://thegreenroasteries.com/product/-evening-blend,https://res.cloudinary.com/dgcexgq5g/image/upload/v1751636585/greenroasteries/variations/variations/ESS-MOR-EV_var_254ac179-42d7-4342-953a-0fb7b72e4aca.webp,Green Roasteries,"Food, Beverages & Tobacco > Beverages > Coffee",ESPRESSO ROAST,https://res.cloudinary.com/dgcexgq5g/image/upload/v1751636750/greenroasteries/gallery/gallery/ESS-MOR-EV_img_d8ddae2c-d3c9-43d1-bbe7-3be3fba26cca.webp,,f07e6679-6d37-489d-808d-29d0856621a6,Brown,250g,Coffee,unisex,adult,en,Premium Origin,ESPRESSO ROAST,Medium Roast,Ground grains
92851e22-b585-4efa-88ab-558fb2492f85_en,Evening blend - 500g whole beans,A distinctive crop of green roasters with rich and beautiful notes that suit lovers of classic filter drinks that are free of complexity. The sweetness of the crop is highlighted with milk drinks of all kinds. This crop is considered a special blend of our selection of the finest crops.,in stock,new,115.00 AED,https://thegreenroasteries.com/product/-evening-blend,https://res.cloudinary.com/dgcexgq5g/image/upload/v1751636607/greenroasteries/variations/variations/ESS-MOR-EV_var_92851e22-b585-4efa-88ab-558fb2492f85.webp,Green Roasteries,"Food, Beverages & Tobacco > Beverages > Coffee",ESPRESSO ROAST,https://res.cloudinary.com/dgcexgq5g/image/upload/v1751636750/greenroasteries/gallery/gallery/ESS-MOR-EV_img_d8ddae2c-d3c9-43d1-bbe7-3be3fba26cca.webp,,f07e6679-6d37-489d-808d-29d0856621a6,Brown,500g,Coffee,unisex,adult,en,Premium Origin,ESPRESSO ROAST,Medium Roast,whole beans
e5d449dd-32ba-4663-b057-7cda882e1e94_ar,خلطـــة الليـــل - 1000g حبوب كاملة,محصول مميز من المحامص الخضراء يتمتع المحصول بنوتات غنية وجميلة تتناسب مع محبي مشروبات الفلتر الكالسيكي الخالي من التعقيد وتبرز حالوة المحصول مع مشروبات الحليب بكل أنواعه ويعتبر هذا المحصول مزيج خاص من اختيارنا الجود المحاصيل.,in stock,new,215.00 AED,https://thegreenroasteries.com/product/-evening-blend?lang=ar,https://res.cloudinary.com/dgcexgq5g/image/upload/v1751636533/greenroasteries/variations/variations/ESS-MOR-EV_var_e5d449dd-32ba-4663-b057-7cda882e1e94.webp,المحامص الخضراء,"Food, Beverages & Tobacco > Beverages > Coffee",تحميص الإسبريسو,https://res.cloudinary.com/dgcexgq5g/image/upload/v1751636750/greenroasteries/gallery/gallery/ESS-MOR-EV_img_d8ddae2c-d3c9-43d1-bbe7-3be3fba26cca.webp,,f07e6679-6d37-489d-808d-29d0856621a6,Brown,1000g,قهوة,unisex,adult,ar,أصل مميز,تحميص الإسبريسو,تحميص متوسط,حبوب كاملة
ce217316-5054-4196-8ede-fe7f9e774a3b_ar,خلطـــة الليـــل - 1000g حبوب مطحونة,محصول مميز من المحامص الخضراء يتمتع المحصول بنوتات غنية وجميلة تتناسب مع محبي مشروبات الفلتر الكالسيكي الخالي من التعقيد وتبرز حالوة المحصول مع مشروبات الحليب بكل أنواعه ويعتبر هذا المحصول مزيج خاص من اختيارنا الجود المحاصيل.,in stock,new,215.00 AED,https://thegreenroasteries.com/product/-evening-blend?lang=ar,https://res.cloudinary.com/dgcexgq5g/image/upload/v1751636550/greenroasteries/variations/variations/ESS-MOR-EV_var_ce217316-5054-4196-8ede-fe7f9e774a3b.webp,المحامص الخضراء,"Food, Beverages & Tobacco > Beverages > Coffee",تحميص الإسبريسو,https://res.cloudinary.com/dgcexgq5g/image/upload/v1751636750/greenroasteries/gallery/gallery/ESS-MOR-EV_img_d8ddae2c-d3c9-43d1-bbe7-3be3fba26cca.webp,,f07e6679-6d37-489d-808d-29d0856621a6,Brown,1000g,قهوة,unisex,adult,ar,أصل مميز,تحميص الإسبريسو,تحميص متوسط,حبوب مطحونة
5e035583-2474-4cb2-b458-45497f04d9b5_ar,خلطـــة الليـــل - 500g حبوب مطحونة,محصول مميز من المحامص الخضراء يتمتع المحصول بنوتات غنية وجميلة تتناسب مع محبي مشروبات الفلتر الكالسيكي الخالي من التعقيد وتبرز حالوة المحصول مع مشروبات الحليب بكل أنواعه ويعتبر هذا المحصول مزيج خاص من اختيارنا الجود المحاصيل.,in stock,new,115.00 AED,https://thegreenroasteries.com/product/-evening-blend?lang=ar,https://res.cloudinary.com/dgcexgq5g/image/upload/v1751636594/greenroasteries/variations/variations/ESS-MOR-EV_var_5e035583-2474-4cb2-b458-45497f04d9b5.webp,المحامص الخضراء,"Food, Beverages & Tobacco > Beverages > Coffee",تحميص الإسبريسو,https://res.cloudinary.com/dgcexgq5g/image/upload/v1751636750/greenroasteries/gallery/gallery/ESS-MOR-EV_img_d8ddae2c-d3c9-43d1-bbe7-3be3fba26cca.webp,,f07e6679-6d37-489d-808d-29d0856621a6,Brown,500g,قهوة,unisex,adult,ar,أصل مميز,تحميص الإسبريسو,تحميص متوسط,حبوب مطحونة
4431968c-81d0-457c-8e24-64d0228d571e_ar,خلطـــة الليـــل - 250g حبوب كاملة,محصول مميز من المحامص الخضراء يتمتع المحصول بنوتات غنية وجميلة تتناسب مع محبي مشروبات الفلتر الكالسيكي الخالي من التعقيد وتبرز حالوة المحصول مع مشروبات الحليب بكل أنواعه ويعتبر هذا المحصول مزيج خاص من اختيارنا الجود المحاصيل.,in stock,new,64.95 AED,https://thegreenroasteries.com/product/-evening-blend?lang=ar,https://res.cloudinary.com/dgcexgq5g/image/upload/v1751636609/greenroasteries/variations/variations/ESS-MOR-EV_var_4431968c-81d0-457c-8e24-64d0228d571e.webp,المحامص الخضراء,"Food, Beverages & Tobacco > Beverages > Coffee",تحميص الإسبريسو,https://res.cloudinary.com/dgcexgq5g/image/upload/v1751636750/greenroasteries/gallery/gallery/ESS-MOR-EV_img_d8ddae2c-d3c9-43d1-bbe7-3be3fba26cca.webp,,f07e6679-6d37-489d-808d-29d0856621a6,Brown,250g,قهوة,unisex,adult,ar,أصل مميز,تحميص الإسبريسو,تحميص متوسط,حبوب كاملة
254ac179-42d7-4342-953a-0fb7b72e4aca_ar,خلطـــة الليـــل - 250g حبوب مطحونة,محصول مميز من المحامص الخضراء يتمتع المحصول بنوتات غنية وجميلة تتناسب مع محبي مشروبات الفلتر الكالسيكي الخالي من التعقيد وتبرز حالوة المحصول مع مشروبات الحليب بكل أنواعه ويعتبر هذا المحصول مزيج خاص من اختيارنا الجود المحاصيل.,in stock,new,64.95 AED,https://thegreenroasteries.com/product/-evening-blend?lang=ar,https://res.cloudinary.com/dgcexgq5g/image/upload/v1751636585/greenroasteries/variations/variations/ESS-MOR-EV_var_254ac179-42d7-4342-953a-0fb7b72e4aca.webp,المحامص الخضراء,"Food, Beverages & Tobacco > Beverages > Coffee",تحميص الإسبريسو,https://res.cloudinary.com/dgcexgq5g/image/upload/v1751636750/greenroasteries/gallery/gallery/ESS-MOR-EV_img_d8ddae2c-d3c9-43d1-bbe7-3be3fba26cca.webp,,f07e6679-6d37-489d-808d-29d0856621a6,Brown,250g,قهوة,unisex,adult,ar,أصل مميز,تحميص الإسبريسو,تحميص متوسط,حبوب مطحونة
92851e22-b585-4efa-88ab-558fb2492f85_ar,خلطـــة الليـــل - 500g حبوب كاملة,محصول مميز من المحامص الخضراء يتمتع المحصول بنوتات غنية وجميلة تتناسب مع محبي مشروبات الفلتر الكالسيكي الخالي من التعقيد وتبرز حالوة المحصول مع مشروبات الحليب بكل أنواعه ويعتبر هذا المحصول مزيج خاص من اختيارنا الجود المحاصيل.,in stock,new,115.00 AED,https://thegreenroasteries.com/product/-evening-blend?lang=ar,https://res.cloudinary.com/dgcexgq5g/image/upload/v1751636607/greenroasteries/variations/variations/ESS-MOR-EV_var_92851e22-b585-4efa-88ab-558fb2492f85.webp,المحامص الخضراء,"Food, Beverages & Tobacco > Beverages > Coffee",تحميص الإسبريسو,https://res.cloudinary.com/dgcexgq5g/image/upload/v1751636750/greenroasteries/gallery/gallery/ESS-MOR-EV_img_d8ddae2c-d3c9-43d1-bbe7-3be3fba26cca.webp,,f07e6679-6d37-489d-808d-29d0856621a6,Brown,500g,قهوة,unisex,adult,ar,أصل مميز,تحميص الإسبريسو,تحميص متوسط,حبوب كاملة
56ad4524-523e-406d-af56-556123909a6c_en,Afternoon Blend - 1000g Ground grains,A distinctive crop of green roasters with rich and beautiful notes that suit lovers of classic filter drinks that are free of complexity. The sweetness of the crop is highlighted with milk drinks of all kinds. This crop is considered a special blend of our selection of the finest crops.,in stock,new,215.00 AED,https://thegreenroasteries.com/product/afternoon-blend,https://res.cloudinary.com/dgcexgq5g/image/upload/v1751636440/greenroasteries/variations/variations/AFTRN-MED-ROAS_var_56ad4524-523e-406d-af56-556123909a6c.webp,Green Roasteries,"Food, Beverages & Tobacco > Beverages > Coffee",FILTER COFFEE,https://res.cloudinary.com/dgcexgq5g/image/upload/v1751636780/greenroasteries/gallery/gallery/AFTRN-MED-ROAS_img_b47ab4a9-7383-4fa4-8359-c101fdeb4a65.webp,,f32a9098-08b7-4e94-a5d4-4d8e9c3a0973,Brown,1000g,Coffee,unisex,adult,en,Afternoon Blend,FILTER COFFEE,Medium Roast,Ground grains
d4ca0087-6b00-4817-919c-ebfe64af78e6_en,Afternoon Blend - 500g Ground grains,A distinctive crop of green roasters with rich and beautiful notes that suit lovers of classic filter drinks that are free of complexity. The sweetness of the crop is highlighted with milk drinks of all kinds. This crop is considered a special blend of our selection of the finest crops.,in stock,new,64.95 AED,https://thegreenroasteries.com/product/afternoon-blend,https://res.cloudinary.com/dgcexgq5g/image/upload/v1751636441/greenroasteries/variations/variations/AFTRN-MED-ROAS_var_d4ca0087-6b00-4817-919c-ebfe64af78e6.webp,Green Roasteries,"Food, Beverages & Tobacco > Beverages > Coffee",FILTER COFFEE,https://res.cloudinary.com/dgcexgq5g/image/upload/v1751636780/greenroasteries/gallery/gallery/AFTRN-MED-ROAS_img_b47ab4a9-7383-4fa4-8359-c101fdeb4a65.webp,,f32a9098-08b7-4e94-a5d4-4d8e9c3a0973,Brown,500g,Coffee,unisex,adult,en,Afternoon Blend,FILTER COFFEE,Medium Roast,Ground grains
27600c20-2176-4f9f-bfba-9694fa5ce5f8_en,Afternoon Blend - 500g whole beans,A distinctive crop of green roasters with rich and beautiful notes that suit lovers of classic filter drinks that are free of complexity. The sweetness of the crop is highlighted with milk drinks of all kinds. This crop is considered a special blend of our selection of the finest crops.,in stock,new,64.95 AED,https://thegreenroasteries.com/product/afternoon-blend,https://res.cloudinary.com/dgcexgq5g/image/upload/v1751636443/greenroasteries/variations/variations/AFTRN-MED-ROAS_var_27600c20-2176-4f9f-bfba-9694fa5ce5f8.webp,Green Roasteries,"Food, Beverages & Tobacco > Beverages > Coffee",FILTER COFFEE,https://res.cloudinary.com/dgcexgq5g/image/upload/v1751636780/greenroasteries/gallery/gallery/AFTRN-MED-ROAS_img_b47ab4a9-7383-4fa4-8359-c101fdeb4a65.webp,,f32a9098-08b7-4e94-a5d4-4d8e9c3a0973,Brown,500g,Coffee,unisex,adult,en,Afternoon Blend,FILTER COFFEE,Medium Roast,whole beans
185ad6ab-11da-4cef-ad27-3765579735fd_en,Afternoon Blend - 1000g whole beans,A distinctive crop of green roasters with rich and beautiful notes that suit lovers of classic filter drinks that are free of complexity. The sweetness of the crop is highlighted with milk drinks of all kinds. This crop is considered a special blend of our selection of the finest crops.,in stock,new,215.00 AED,https://thegreenroasteries.com/product/afternoon-blend,https://res.cloudinary.com/dgcexgq5g/image/upload/v1751636445/greenroasteries/variations/variations/AFTRN-MED-ROAS_var_185ad6ab-11da-4cef-ad27-3765579735fd.webp,Green Roasteries,"Food, Beverages & Tobacco > Beverages > Coffee",FILTER COFFEE,https://res.cloudinary.com/dgcexgq5g/image/upload/v1751636780/greenroasteries/gallery/gallery/AFTRN-MED-ROAS_img_b47ab4a9-7383-4fa4-8359-c101fdeb4a65.webp,,f32a9098-08b7-4e94-a5d4-4d8e9c3a0973,Brown,1000g,Coffee,unisex,adult,en,Afternoon Blend,FILTER COFFEE,Medium Roast,whole beans
b0e4c62a-2318-404b-9e11-a7d790b649dc_en,Afternoon Blend - 250g whole beans,A distinctive crop of green roasters with rich and beautiful notes that suit lovers of classic filter drinks that are free of complexity. The sweetness of the crop is highlighted with milk drinks of all kinds. This crop is considered a special blend of our selection of the finest crops.,in stock,new,64.95 AED,https://thegreenroasteries.com/product/afternoon-blend,https://res.cloudinary.com/dgcexgq5g/image/upload/v1751636615/greenroasteries/variations/variations/AFTRN-MED-ROAS_var_b0e4c62a-2318-404b-9e11-a7d790b649dc.webp,Green Roasteries,"Food, Beverages & Tobacco > Beverages > Coffee",FILTER COFFEE,https://res.cloudinary.com/dgcexgq5g/image/upload/v1751636780/greenroasteries/gallery/gallery/AFTRN-MED-ROAS_img_b47ab4a9-7383-4fa4-8359-c101fdeb4a65.webp,,f32a9098-08b7-4e94-a5d4-4d8e9c3a0973,Brown,250g,Coffee,unisex,adult,en,Afternoon Blend,FILTER COFFEE,Medium Roast,whole beans
924e0d53-cbc3-4837-8b8a-879fae2040bf_en,Afternoon Blend - 250g Ground grains,A distinctive crop of green roasters with rich and beautiful notes that suit lovers of classic filter drinks that are free of complexity. The sweetness of the crop is highlighted with milk drinks of all kinds. This crop is considered a special blend of our selection of the finest crops.,in stock,new,64.95 AED,https://thegreenroasteries.com/product/afternoon-blend,https://res.cloudinary.com/dgcexgq5g/image/upload/v1751636663/greenroasteries/variations/variations/AFTRN-MED-ROAS_var_924e0d53-cbc3-4837-8b8a-879fae2040bf.webp,Green Roasteries,"Food, Beverages & Tobacco > Beverages > Coffee",FILTER COFFEE,https://res.cloudinary.com/dgcexgq5g/image/upload/v1751636780/greenroasteries/gallery/gallery/AFTRN-MED-ROAS_img_b47ab4a9-7383-4fa4-8359-c101fdeb4a65.webp,,f32a9098-08b7-4e94-a5d4-4d8e9c3a0973,Brown,250g,Coffee,unisex,adult,en,Afternoon Blend,FILTER COFFEE,Medium Roast,Ground grains
56ad4524-523e-406d-af56-556123909a6c_ar,خلطـــة المســـاء - 1000g حبوب مطحونة,محصول مميز من المحامص الخضراء يتمتع المحصول بنوتات غنية وجميلة تتناسب مع محبي مشروبات الفلتر الكالسيكي الخالي من التعقيد وتبرز حالوة المحصول مع مشروبات الحليب بكل أنواعه ويعتبر هذا المحصول مزيج خاص من اختيارنا الجود المحاصيل.,in stock,new,215.00 AED,https://thegreenroasteries.com/product/afternoon-blend?lang=ar,https://res.cloudinary.com/dgcexgq5g/image/upload/v1751636440/greenroasteries/variations/variations/AFTRN-MED-ROAS_var_56ad4524-523e-406d-af56-556123909a6c.webp,المحامص الخضراء,"Food, Beverages & Tobacco > Beverages > Coffee",قهوة مقطرة,https://res.cloudinary.com/dgcexgq5g/image/upload/v1751636780/greenroasteries/gallery/gallery/AFTRN-MED-ROAS_img_b47ab4a9-7383-4fa4-8359-c101fdeb4a65.webp,,f32a9098-08b7-4e94-a5d4-4d8e9c3a0973,Brown,1000g,قهوة,unisex,adult,ar,Afternoon Blend,قهوة مقطرة,تحميص متوسط,حبوب مطحونة
d4ca0087-6b00-4817-919c-ebfe64af78e6_ar,خلطـــة المســـاء - 500g حبوب مطحونة,محصول مميز من المحامص الخضراء يتمتع المحصول بنوتات غنية وجميلة تتناسب مع محبي مشروبات الفلتر الكالسيكي الخالي من التعقيد وتبرز حالوة المحصول مع مشروبات الحليب بكل أنواعه ويعتبر هذا المحصول مزيج خاص من اختيارنا الجود المحاصيل.,in stock,new,64.95 AED,https://thegreenroasteries.com/product/afternoon-blend?lang=ar,https://res.cloudinary.com/dgcexgq5g/image/upload/v1751636441/greenroasteries/variations/variations/AFTRN-MED-ROAS_var_d4ca0087-6b00-4817-919c-ebfe64af78e6.webp,المحامص الخضراء,"Food, Beverages & Tobacco > Beverages > Coffee",قهوة مقطرة,https://res.cloudinary.com/dgcexgq5g/image/upload/v1751636780/greenroasteries/gallery/gallery/AFTRN-MED-ROAS_img_b47ab4a9-7383-4fa4-8359-c101fdeb4a65.webp,,f32a9098-08b7-4e94-a5d4-4d8e9c3a0973,Brown,500g,قهوة,unisex,adult,ar,Afternoon Blend,قهوة مقطرة,تحميص متوسط,حبوب مطحونة
27600c20-2176-4f9f-bfba-9694fa5ce5f8_ar,خلطـــة المســـاء - 500g حبوب كاملة,محصول مميز من المحامص الخضراء يتمتع المحصول بنوتات غنية وجميلة تتناسب مع محبي مشروبات الفلتر الكالسيكي الخالي من التعقيد وتبرز حالوة المحصول مع مشروبات الحليب بكل أنواعه ويعتبر هذا المحصول مزيج خاص من اختيارنا الجود المحاصيل.,in stock,new,64.95 AED,https://thegreenroasteries.com/product/afternoon-blend?lang=ar,https://res.cloudinary.com/dgcexgq5g/image/upload/v1751636443/greenroasteries/variations/variations/AFTRN-MED-ROAS_var_27600c20-2176-4f9f-bfba-9694fa5ce5f8.webp,المحامص الخضراء,"Food, Beverages & Tobacco > Beverages > Coffee",قهوة مقطرة,https://res.cloudinary.com/dgcexgq5g/image/upload/v1751636780/greenroasteries/gallery/gallery/AFTRN-MED-ROAS_img_b47ab4a9-7383-4fa4-8359-c101fdeb4a65.webp,,f32a9098-08b7-4e94-a5d4-4d8e9c3a0973,Brown,500g,قهوة,unisex,adult,ar,Afternoon Blend,قهوة مقطرة,تحميص متوسط,حبوب كاملة
185ad6ab-11da-4cef-ad27-3765579735fd_ar,خلطـــة المســـاء - 1000g حبوب كاملة,محصول مميز من المحامص الخضراء يتمتع المحصول بنوتات غنية وجميلة تتناسب مع محبي مشروبات الفلتر الكالسيكي الخالي من التعقيد وتبرز حالوة المحصول مع مشروبات الحليب بكل أنواعه ويعتبر هذا المحصول مزيج خاص من اختيارنا الجود المحاصيل.,in stock,new,215.00 AED,https://thegreenroasteries.com/product/afternoon-blend?lang=ar,https://res.cloudinary.com/dgcexgq5g/image/upload/v1751636445/greenroasteries/variations/variations/AFTRN-MED-ROAS_var_185ad6ab-11da-4cef-ad27-3765579735fd.webp,المحامص الخضراء,"Food, Beverages & Tobacco > Beverages > Coffee",قهوة مقطرة,https://res.cloudinary.com/dgcexgq5g/image/upload/v1751636780/greenroasteries/gallery/gallery/AFTRN-MED-ROAS_img_b47ab4a9-7383-4fa4-8359-c101fdeb4a65.webp,,f32a9098-08b7-4e94-a5d4-4d8e9c3a0973,Brown,1000g,قهوة,unisex,adult,ar,Afternoon Blend,قهوة مقطرة,تحميص متوسط,حبوب كاملة
b0e4c62a-2318-404b-9e11-a7d790b649dc_ar,خلطـــة المســـاء - 250g حبوب كاملة,محصول مميز من المحامص الخضراء يتمتع المحصول بنوتات غنية وجميلة تتناسب مع محبي مشروبات الفلتر الكالسيكي الخالي من التعقيد وتبرز حالوة المحصول مع مشروبات الحليب بكل أنواعه ويعتبر هذا المحصول مزيج خاص من اختيارنا الجود المحاصيل.,in stock,new,64.95 AED,https://thegreenroasteries.com/product/afternoon-blend?lang=ar,https://res.cloudinary.com/dgcexgq5g/image/upload/v1751636615/greenroasteries/variations/variations/AFTRN-MED-ROAS_var_b0e4c62a-2318-404b-9e11-a7d790b649dc.webp,المحامص الخضراء,"Food, Beverages & Tobacco > Beverages > Coffee",قهوة مقطرة,https://res.cloudinary.com/dgcexgq5g/image/upload/v1751636780/greenroasteries/gallery/gallery/AFTRN-MED-ROAS_img_b47ab4a9-7383-4fa4-8359-c101fdeb4a65.webp,,f32a9098-08b7-4e94-a5d4-4d8e9c3a0973,Brown,250g,قهوة,unisex,adult,ar,Afternoon Blend,قهوة مقطرة,تحميص متوسط,حبوب كاملة
924e0d53-cbc3-4837-8b8a-879fae2040bf_ar,خلطـــة المســـاء - 250g حبوب مطحونة,محصول مميز من المحامص الخضراء يتمتع المحصول بنوتات غنية وجميلة تتناسب مع محبي مشروبات الفلتر الكالسيكي الخالي من التعقيد وتبرز حالوة المحصول مع مشروبات الحليب بكل أنواعه ويعتبر هذا المحصول مزيج خاص من اختيارنا الجود المحاصيل.,in stock,new,64.95 AED,https://thegreenroasteries.com/product/afternoon-blend?lang=ar,https://res.cloudinary.com/dgcexgq5g/image/upload/v1751636663/greenroasteries/variations/variations/AFTRN-MED-ROAS_var_924e0d53-cbc3-4837-8b8a-879fae2040bf.webp,المحامص الخضراء,"Food, Beverages & Tobacco > Beverages > Coffee",قهوة مقطرة,https://res.cloudinary.com/dgcexgq5g/image/upload/v1751636780/greenroasteries/gallery/gallery/AFTRN-MED-ROAS_img_b47ab4a9-7383-4fa4-8359-c101fdeb4a65.webp,,f32a9098-08b7-4e94-a5d4-4d8e9c3a0973,Brown,250g,قهوة,unisex,adult,ar,Afternoon Blend,قهوة مقطرة,تحميص متوسط,حبوب مطحونة
80004c67-bb34-43c5-a7f0-27ab6a5df1bc_en,Afternoon blend - 1000g whole beans,A distinctive crop of green roasters with rich and beautiful notes that suit lovers of classic filter drinks that are free of complexity. The sweetness of the crop is highlighted with milk drinks of all kinds. This crop is considered a special blend of our selection of the finest crops.,in stock,new,215.00 AED,https://thegreenroasteries.com/product/afternoon-blend,https://res.cloudinary.com/dgcexgq5g/image/upload/v1751636549/greenroasteries/variations/variations/ESS-MOR-AN_var_80004c67-bb34-43c5-a7f0-27ab6a5df1bc.webp,Green Roasteries,"Food, Beverages & Tobacco > Beverages > Coffee",ESPRESSO ROAST,https://res.cloudinary.com/dgcexgq5g/image/upload/v1751636757/greenroasteries/gallery/gallery/ESS-MOR-AN_img_2aae2096-6308-4f0c-936c-74961666d42e.webp,,78fd0fd1-7122-41b5-982d-13a054a5901b,Brown,1000g,Coffee,unisex,adult,en,Premium Origin,ESPRESSO ROAST,Medium Roast,whole beans
d8eb8ac2-578b-4180-a554-c0c03ca9cb63_en,Afternoon blend - 500g whole beans,A distinctive crop of green roasters with rich and beautiful notes that suit lovers of classic filter drinks that are free of complexity. The sweetness of the crop is highlighted with milk drinks of all kinds. This crop is considered a special blend of our selection of the finest crops.,in stock,new,115.00 AED,https://thegreenroasteries.com/product/afternoon-blend,https://res.cloudinary.com/dgcexgq5g/image/upload/v1751636561/greenroasteries/variations/variations/ESS-MOR-AN_var_d8eb8ac2-578b-4180-a554-c0c03ca9cb63.webp,Green Roasteries,"Food, Beverages & Tobacco > Beverages > Coffee",ESPRESSO ROAST,https://res.cloudinary.com/dgcexgq5g/image/upload/v1751636757/greenroasteries/gallery/gallery/ESS-MOR-AN_img_2aae2096-6308-4f0c-936c-74961666d42e.webp,,78fd0fd1-7122-41b5-982d-13a054a5901b,Brown,500g,Coffee,unisex,adult,en,Premium Origin,ESPRESSO ROAST,Medium Roast,whole beans
cac6ba2b-0e71-4224-b454-653b6aab05ae_en,Afternoon blend - 500g Ground grains,A distinctive crop of green roasters with rich and beautiful notes that suit lovers of classic filter drinks that are free of complexity. The sweetness of the crop is highlighted with milk drinks of all kinds. This crop is considered a special blend of our selection of the finest crops.,in stock,new,115.00 AED,https://thegreenroasteries.com/product/afternoon-blend,https://res.cloudinary.com/dgcexgq5g/image/upload/v1751636576/greenroasteries/variations/variations/ESS-MOR-AN_var_cac6ba2b-0e71-4224-b454-653b6aab05ae.webp,Green Roasteries,"Food, Beverages & Tobacco > Beverages > Coffee",ESPRESSO ROAST,https://res.cloudinary.com/dgcexgq5g/image/upload/v1751636757/greenroasteries/gallery/gallery/ESS-MOR-AN_img_2aae2096-6308-4f0c-936c-74961666d42e.webp,,78fd0fd1-7122-41b5-982d-13a054a5901b,Brown,500g,Coffee,unisex,adult,en,Premium Origin,ESPRESSO ROAST,Medium Roast,Ground grains
197d1b1f-3187-475a-b377-633c49bc47ac_en,Afternoon blend - 250g Ground grains,A distinctive crop of green roasters with rich and beautiful notes that suit lovers of classic filter drinks that are free of complexity. The sweetness of the crop is highlighted with milk drinks of all kinds. This crop is considered a special blend of our selection of the finest crops.,in stock,new,64.95 AED,https://thegreenroasteries.com/product/afternoon-blend,https://res.cloudinary.com/dgcexgq5g/image/upload/v1751636640/greenroasteries/variations/variations/ESS-MOR-AN_var_197d1b1f-3187-475a-b377-633c49bc47ac.webp,Green Roasteries,"Food, Beverages & Tobacco > Beverages > Coffee",ESPRESSO ROAST,https://res.cloudinary.com/dgcexgq5g/image/upload/v1751636757/greenroasteries/gallery/gallery/ESS-MOR-AN_img_2aae2096-6308-4f0c-936c-74961666d42e.webp,,78fd0fd1-7122-41b5-982d-13a054a5901b,Brown,250g,Coffee,unisex,adult,en,Premium Origin,ESPRESSO ROAST,Medium Roast,Ground grains
d38b3e1a-c919-4bc3-9235-0c7983884727_en,Afternoon blend - 250g whole beans,A distinctive crop of green roasters with rich and beautiful notes that suit lovers of classic filter drinks that are free of complexity. The sweetness of the crop is highlighted with milk drinks of all kinds. This crop is considered a special blend of our selection of the finest crops.,in stock,new,64.95 AED,https://thegreenroasteries.com/product/afternoon-blend,https://res.cloudinary.com/dgcexgq5g/image/upload/v1751636648/greenroasteries/variations/variations/ESS-MOR-AN_var_d38b3e1a-c919-4bc3-9235-0c7983884727.webp,Green Roasteries,"Food, Beverages & Tobacco > Beverages > Coffee",ESPRESSO ROAST,https://res.cloudinary.com/dgcexgq5g/image/upload/v1751636757/greenroasteries/gallery/gallery/ESS-MOR-AN_img_2aae2096-6308-4f0c-936c-74961666d42e.webp,,78fd0fd1-7122-41b5-982d-13a054a5901b,Brown,250g,Coffee,unisex,adult,en,Premium Origin,ESPRESSO ROAST,Medium Roast,whole beans
b85d5c6b-f162-441d-bda9-b474d5f9339c_en,Afternoon blend - 1000g Ground grains,A distinctive crop of green roasters with rich and beautiful notes that suit lovers of classic filter drinks that are free of complexity. The sweetness of the crop is highlighted with milk drinks of all kinds. This crop is considered a special blend of our selection of the finest crops.,in stock,new,215.00 AED,https://thegreenroasteries.com/product/afternoon-blend,https://res.cloudinary.com/dgcexgq5g/image/upload/v1751636676/greenroasteries/variations/variations/ESS-MOR-AN_var_b85d5c6b-f162-441d-bda9-b474d5f9339c.webp,Green Roasteries,"Food, Beverages & Tobacco > Beverages > Coffee",ESPRESSO ROAST,https://res.cloudinary.com/dgcexgq5g/image/upload/v1751636757/greenroasteries/gallery/gallery/ESS-MOR-AN_img_2aae2096-6308-4f0c-936c-74961666d42e.webp,,78fd0fd1-7122-41b5-982d-13a054a5901b,Brown,1000g,Coffee,unisex,adult,en,Premium Origin,ESPRESSO ROAST,Medium Roast,Ground grains
80004c67-bb34-43c5-a7f0-27ab6a5df1bc_ar,خلطـــة المســـاء - 1000g حبوب كاملة,محصول مميز من المحامص الخضراء يتمتع المحصول بنوتات غنية وجميلة تتناسب مع محبي مشروبات الفلتر الكالسيكي الخالي من التعقيد وتبرز حالوة المحصول مع مشروبات الحليب بكل أنواعه ويعتبر هذا المحصول مزيج خاص من اختيارنا الجود المحاصيل.,in stock,new,215.00 AED,https://thegreenroasteries.com/product/afternoon-blend?lang=ar,https://res.cloudinary.com/dgcexgq5g/image/upload/v1751636549/greenroasteries/variations/variations/ESS-MOR-AN_var_80004c67-bb34-43c5-a7f0-27ab6a5df1bc.webp,المحامص الخضراء,"Food, Beverages & Tobacco > Beverages > Coffee",تحميص الإسبريسو,https://res.cloudinary.com/dgcexgq5g/image/upload/v1751636757/greenroasteries/gallery/gallery/ESS-MOR-AN_img_2aae2096-6308-4f0c-936c-74961666d42e.webp,,78fd0fd1-7122-41b5-982d-13a054a5901b,Brown,1000g,قهوة,unisex,adult,ar,أصل مميز,تحميص الإسبريسو,تحميص متوسط,حبوب كاملة
d8eb8ac2-578b-4180-a554-c0c03ca9cb63_ar,خلطـــة المســـاء - 500g حبوب كاملة,محصول مميز من المحامص الخضراء يتمتع المحصول بنوتات غنية وجميلة تتناسب مع محبي مشروبات الفلتر الكالسيكي الخالي من التعقيد وتبرز حالوة المحصول مع مشروبات الحليب بكل أنواعه ويعتبر هذا المحصول مزيج خاص من اختيارنا الجود المحاصيل.,in stock,new,115.00 AED,https://thegreenroasteries.com/product/afternoon-blend?lang=ar,https://res.cloudinary.com/dgcexgq5g/image/upload/v1751636561/greenroasteries/variations/variations/ESS-MOR-AN_var_d8eb8ac2-578b-4180-a554-c0c03ca9cb63.webp,المحامص الخضراء,"Food, Beverages & Tobacco > Beverages > Coffee",تحميص الإسبريسو,https://res.cloudinary.com/dgcexgq5g/image/upload/v1751636757/greenroasteries/gallery/gallery/ESS-MOR-AN_img_2aae2096-6308-4f0c-936c-74961666d42e.webp,,78fd0fd1-7122-41b5-982d-13a054a5901b,Brown,500g,قهوة,unisex,adult,ar,أصل مميز,تحميص الإسبريسو,تحميص متوسط,حبوب كاملة
cac6ba2b-0e71-4224-b454-653b6aab05ae_ar,خلطـــة المســـاء - 500g حبوب مطحونة,محصول مميز من المحامص الخضراء يتمتع المحصول بنوتات غنية وجميلة تتناسب مع محبي مشروبات الفلتر الكالسيكي الخالي من التعقيد وتبرز حالوة المحصول مع مشروبات الحليب بكل أنواعه ويعتبر هذا المحصول مزيج خاص من اختيارنا الجود المحاصيل.,in stock,new,115.00 AED,https://thegreenroasteries.com/product/afternoon-blend?lang=ar,https://res.cloudinary.com/dgcexgq5g/image/upload/v1751636576/greenroasteries/variations/variations/ESS-MOR-AN_var_cac6ba2b-0e71-4224-b454-653b6aab05ae.webp,المحامص الخضراء,"Food, Beverages & Tobacco > Beverages > Coffee",تحميص الإسبريسو,https://res.cloudinary.com/dgcexgq5g/image/upload/v1751636757/greenroasteries/gallery/gallery/ESS-MOR-AN_img_2aae2096-6308-4f0c-936c-74961666d42e.webp,,78fd0fd1-7122-41b5-982d-13a054a5901b,Brown,500g,قهوة,unisex,adult,ar,أصل مميز,تحميص الإسبريسو,تحميص متوسط,حبوب مطحونة
197d1b1f-3187-475a-b377-633c49bc47ac_ar,خلطـــة المســـاء - 250g حبوب مطحونة,محصول مميز من المحامص الخضراء يتمتع المحصول بنوتات غنية وجميلة تتناسب مع محبي مشروبات الفلتر الكالسيكي الخالي من التعقيد وتبرز حالوة المحصول مع مشروبات الحليب بكل أنواعه ويعتبر هذا المحصول مزيج خاص من اختيارنا الجود المحاصيل.,in stock,new,64.95 AED,https://thegreenroasteries.com/product/afternoon-blend?lang=ar,https://res.cloudinary.com/dgcexgq5g/image/upload/v1751636640/greenroasteries/variations/variations/ESS-MOR-AN_var_197d1b1f-3187-475a-b377-633c49bc47ac.webp,المحامص الخضراء,"Food, Beverages & Tobacco > Beverages > Coffee",تحميص الإسبريسو,https://res.cloudinary.com/dgcexgq5g/image/upload/v1751636757/greenroasteries/gallery/gallery/ESS-MOR-AN_img_2aae2096-6308-4f0c-936c-74961666d42e.webp,,78fd0fd1-7122-41b5-982d-13a054a5901b,Brown,250g,قهوة,unisex,adult,ar,أصل مميز,تحميص الإسبريسو,تحميص متوسط,حبوب مطحونة
d38b3e1a-c919-4bc3-9235-0c7983884727_ar,خلطـــة المســـاء - 250g حبوب كاملة,محصول مميز من المحامص الخضراء يتمتع المحصول بنوتات غنية وجميلة تتناسب مع محبي مشروبات الفلتر الكالسيكي الخالي من التعقيد وتبرز حالوة المحصول مع مشروبات الحليب بكل أنواعه ويعتبر هذا المحصول مزيج خاص من اختيارنا الجود المحاصيل.,in stock,new,64.95 AED,https://thegreenroasteries.com/product/afternoon-blend?lang=ar,https://res.cloudinary.com/dgcexgq5g/image/upload/v1751636648/greenroasteries/variations/variations/ESS-MOR-AN_var_d38b3e1a-c919-4bc3-9235-0c7983884727.webp,المحامص الخضراء,"Food, Beverages & Tobacco > Beverages > Coffee",تحميص الإسبريسو,https://res.cloudinary.com/dgcexgq5g/image/upload/v1751636757/greenroasteries/gallery/gallery/ESS-MOR-AN_img_2aae2096-6308-4f0c-936c-74961666d42e.webp,,78fd0fd1-7122-41b5-982d-13a054a5901b,Brown,250g,قهوة,unisex,adult,ar,أصل مميز,تحميص الإسبريسو,تحميص متوسط,حبوب كاملة
b85d5c6b-f162-441d-bda9-b474d5f9339c_ar,خلطـــة المســـاء - 1000g حبوب مطحونة,محصول مميز من المحامص الخضراء يتمتع المحصول بنوتات غنية وجميلة تتناسب مع محبي مشروبات الفلتر الكالسيكي الخالي من التعقيد وتبرز حالوة المحصول مع مشروبات الحليب بكل أنواعه ويعتبر هذا المحصول مزيج خاص من اختيارنا الجود المحاصيل.,in stock,new,215.00 AED,https://thegreenroasteries.com/product/afternoon-blend?lang=ar,https://res.cloudinary.com/dgcexgq5g/image/upload/v1751636676/greenroasteries/variations/variations/ESS-MOR-AN_var_b85d5c6b-f162-441d-bda9-b474d5f9339c.webp,المحامص الخضراء,"Food, Beverages & Tobacco > Beverages > Coffee",تحميص الإسبريسو,https://res.cloudinary.com/dgcexgq5g/image/upload/v1751636757/greenroasteries/gallery/gallery/ESS-MOR-AN_img_2aae2096-6308-4f0c-936c-74961666d42e.webp,,78fd0fd1-7122-41b5-982d-13a054a5901b,Brown,1000g,قهوة,unisex,adult,ar,أصل مميز,تحميص الإسبريسو,تحميص متوسط,حبوب مطحونة
8196ec5d-1a05-4a4f-a776-0be4fd1719ad_en,Al Dhaid Blend - 1000g cardamom Ground grains,"The smell of fresh Arabic coffee wafts through our cafés, inviting you to taste our distinctive blend that we prepare for you. In each of them, we have selected the finest types of coffee beans for a strong flavor and smooth texture.",in stock,new,233.00 AED,https://thegreenroasteries.com/product/al-dhaid-blend,https://res.cloudinary.com/dgcexgq5g/image/upload/v1751636374/greenroasteries/variations/variations/ARABICA-Al%20Dhaid%20Blend_var_8196ec5d-1a05-4a4f-a776-0be4fd1719ad.webp,Green Roasteries,"Food, Beverages & Tobacco > Beverages > Coffee",ARABIC COFFEE,"https://res.cloudinary.com/dgcexgq5g/image/upload/v1751636709/greenroasteries/gallery/gallery/ARABICA-Al%20Dhaid%20Blend_img_e4e85a4d-99d8-4fc1-937e-e045623af53a.webp,https://res.cloudinary.com/dgcexgq5g/image/upload/v1751636710/greenroasteries/gallery/gallery/ARABICA-Al%20Dhaid%20Blend_img_ed0b05bb-4669-4a22-8d1f-c5e810adad4a.webp,https://res.cloudinary.com/dgcexgq5g/image/upload/v1751636705/greenroasteries/gallery/gallery/ARABICA-Al%20Dhaid%20Blend_img_7fa6679d-0877-41f1-9477-16a622389224.webp,https://res.cloudinary.com/dgcexgq5g/image/upload/v1751636708/greenroasteries/gallery/gallery/ARABICA-Al%20Dhaid%20Blend_img_31f95dd6-ba8d-431b-84e0-f0eb0a4cbf8f.webp,https://res.cloudinary.com/dgcexgq5g/image/upload/v1751636712/greenroasteries/gallery/gallery/ARABICA-Al%20Dhaid%20Blend_img_b78053a6-8e42-47ff-9f78-121f5cd44b66.webp",,35d07cb7-fc42-4216-bb12-b30a3a3e9b28,Brown,1000g,Coffee,unisex,adult,en,Al Dhaid,ARABIC COFFEE,cardamom,Ground grains
b4cf67ff-58f3-4f84-a290-6b60e2a934bd_en,Al Dhaid Blend - 500g  cardamom & saffron Ground grains,"The smell of fresh Arabic coffee wafts through our cafés, inviting you to taste our distinctive blend that we prepare for you. In each of them, we have selected the finest types of coffee beans for a strong flavor and smooth texture.",in stock,new,136.00 AED,https://thegreenroasteries.com/product/al-dhaid-blend,https://res.cloudinary.com/dgcexgq5g/image/upload/v1751636376/greenroasteries/variations/variations/ARABICA-Al%20Dhaid%20Blend_var_b4cf67ff-58f3-4f84-a290-6b60e2a934bd.webp,Green Roasteries,"Food, Beverages & Tobacco > Beverages > Coffee",ARABIC COFFEE,"https://res.cloudinary.com/dgcexgq5g/image/upload/v1751636709/greenroasteries/gallery/gallery/ARABICA-Al%20Dhaid%20Blend_img_e4e85a4d-99d8-4fc1-937e-e045623af53a.webp,https://res.cloudinary.com/dgcexgq5g/image/upload/v1751636710/greenroasteries/gallery/gallery/ARABICA-Al%20Dhaid%20Blend_img_ed0b05bb-4669-4a22-8d1f-c5e810adad4a.webp,https://res.cloudinary.com/dgcexgq5g/image/upload/v1751636705/greenroasteries/gallery/gallery/ARABICA-Al%20Dhaid%20Blend_img_7fa6679d-0877-41f1-9477-16a622389224.webp,https://res.cloudinary.com/dgcexgq5g/image/upload/v1751636708/greenroasteries/gallery/gallery/ARABICA-Al%20Dhaid%20Blend_img_31f95dd6-ba8d-431b-84e0-f0eb0a4cbf8f.webp,https://res.cloudinary.com/dgcexgq5g/image/upload/v1751636712/greenroasteries/gallery/gallery/ARABICA-Al%20Dhaid%20Blend_img_b78053a6-8e42-47ff-9f78-121f5cd44b66.webp",,35d07cb7-fc42-4216-bb12-b30a3a3e9b28,Brown,500g,Coffee,unisex,adult,en,Al Dhaid,ARABIC COFFEE, cardamom & saffron,Ground grains
1627fd74-82b6-4204-b4de-988f47fda0ff_en,Al Dhaid Blend - 500g cardamom Ground grains,"The smell of fresh Arabic coffee wafts through our cafés, inviting you to taste our distinctive blend that we prepare for you. In each of them, we have selected the finest types of coffee beans for a strong flavor and smooth texture.",in stock,new,121.00 AED,https://thegreenroasteries.com/product/al-dhaid-blend,https://res.cloudinary.com/dgcexgq5g/image/upload/v1751636378/greenroasteries/variations/variations/ARABICA-Al%20Dhaid%20Blend_var_1627fd74-82b6-4204-b4de-988f47fda0ff.webp,Green Roasteries,"Food, Beverages & Tobacco > Beverages > Coffee",ARABIC COFFEE,"https://res.cloudinary.com/dgcexgq5g/image/upload/v1751636709/greenroasteries/gallery/gallery/ARABICA-Al%20Dhaid%20Blend_img_e4e85a4d-99d8-4fc1-937e-e045623af53a.webp,https://res.cloudinary.com/dgcexgq5g/image/upload/v1751636710/greenroasteries/gallery/gallery/ARABICA-Al%20Dhaid%20Blend_img_ed0b05bb-4669-4a22-8d1f-c5e810adad4a.webp,https://res.cloudinary.com/dgcexgq5g/image/upload/v1751636705/greenroasteries/gallery/gallery/ARABICA-Al%20Dhaid%20Blend_img_7fa6679d-0877-41f1-9477-16a622389224.webp,https://res.cloudinary.com/dgcexgq5g/image/upload/v1751636708/greenroasteries/gallery/gallery/ARABICA-Al%20Dhaid%20Blend_img_31f95dd6-ba8d-431b-84e0-f0eb0a4cbf8f.webp,https://res.cloudinary.com/dgcexgq5g/image/upload/v1751636712/greenroasteries/gallery/gallery/ARABICA-Al%20Dhaid%20Blend_img_b78053a6-8e42-47ff-9f78-121f5cd44b66.webp",,35d07cb7-fc42-4216-bb12-b30a3a3e9b28,Brown,500g,Coffee,unisex,adult,en,Al Dhaid,ARABIC COFFEE,cardamom,Ground grains
14edd3a6-a060-4fbc-b110-140270d655d7_en,Al Dhaid Blend - 1000g  cardamom & saffron whole beans,"The smell of fresh Arabic coffee wafts through our cafés, inviting you to taste our distinctive blend that we prepare for you. In each of them, we have selected the finest types of coffee beans for a strong flavor and smooth texture.",in stock,new,245.00 AED,https://thegreenroasteries.com/product/al-dhaid-blend,https://res.cloudinary.com/dgcexgq5g/image/upload/v1751636379/greenroasteries/variations/variations/ARABICA-Al%20Dhaid%20Blend_var_14edd3a6-a060-4fbc-b110-140270d655d7.webp,Green Roasteries,"Food, Beverages & Tobacco > Beverages > Coffee",ARABIC COFFEE,"https://res.cloudinary.com/dgcexgq5g/image/upload/v1751636709/greenroasteries/gallery/gallery/ARABICA-Al%20Dhaid%20Blend_img_e4e85a4d-99d8-4fc1-937e-e045623af53a.webp,https://res.cloudinary.com/dgcexgq5g/image/upload/v1751636710/greenroasteries/gallery/gallery/ARABICA-Al%20Dhaid%20Blend_img_ed0b05bb-4669-4a22-8d1f-c5e810adad4a.webp,https://res.cloudinary.com/dgcexgq5g/image/upload/v1751636705/greenroasteries/gallery/gallery/ARABICA-Al%20Dhaid%20Blend_img_7fa6679d-0877-41f1-9477-16a622389224.webp,https://res.cloudinary.com/dgcexgq5g/image/upload/v1751636708/greenroasteries/gallery/gallery/ARABICA-Al%20Dhaid%20Blend_img_31f95dd6-ba8d-431b-84e0-f0eb0a4cbf8f.webp,https://res.cloudinary.com/dgcexgq5g/image/upload/v1751636712/greenroasteries/gallery/gallery/ARABICA-Al%20Dhaid%20Blend_img_b78053a6-8e42-47ff-9f78-121f5cd44b66.webp",,35d07cb7-fc42-4216-bb12-b30a3a3e9b28,Brown,1000g,Coffee,unisex,adult,en,Al Dhaid,ARABIC COFFEE, cardamom & saffron,whole beans
fdcd04f5-e410-44da-b806-4971a37ce213_en,Al Dhaid Blend - 1000g saffron Ground grains,"The smell of fresh Arabic coffee wafts through our cafés, inviting you to taste our distinctive blend that we prepare for you. In each of them, we have selected the finest types of coffee beans for a strong flavor and smooth texture.",in stock,new,236.00 AED,https://thegreenroasteries.com/product/al-dhaid-blend,https://res.cloudinary.com/dgcexgq5g/image/upload/v1751636386/greenroasteries/variations/variations/ARABICA-Al%20Dhaid%20Blend_var_fdcd04f5-e410-44da-b806-4971a37ce213.webp,Green Roasteries,"Food, Beverages & Tobacco > Beverages > Coffee",ARABIC COFFEE,"https://res.cloudinary.com/dgcexgq5g/image/upload/v1751636709/greenroasteries/gallery/gallery/ARABICA-Al%20Dhaid%20Blend_img_e4e85a4d-99d8-4fc1-937e-e045623af53a.webp,https://res.cloudinary.com/dgcexgq5g/image/upload/v1751636710/greenroasteries/gallery/gallery/ARABICA-Al%20Dhaid%20Blend_img_ed0b05bb-4669-4a22-8d1f-c5e810adad4a.webp,https://res.cloudinary.com/dgcexgq5g/image/upload/v1751636705/greenroasteries/gallery/gallery/ARABICA-Al%20Dhaid%20Blend_img_7fa6679d-0877-41f1-9477-16a622389224.webp,https://res.cloudinary.com/dgcexgq5g/image/upload/v1751636708/greenroasteries/gallery/gallery/ARABICA-Al%20Dhaid%20Blend_img_31f95dd6-ba8d-431b-84e0-f0eb0a4cbf8f.webp,https://res.cloudinary.com/dgcexgq5g/image/upload/v1751636712/greenroasteries/gallery/gallery/ARABICA-Al%20Dhaid%20Blend_img_b78053a6-8e42-47ff-9f78-121f5cd44b66.webp",,35d07cb7-fc42-4216-bb12-b30a3a3e9b28,Brown,1000g,Coffee,unisex,adult,en,Al Dhaid,ARABIC COFFEE,saffron,Ground grains
1fc4bffc-31df-4056-b16d-8923855919c5_en,Al Dhaid Blend - 500g saffron whole beans,"The smell of fresh Arabic coffee wafts through our cafés, inviting you to taste our distinctive blend that we prepare for you. In each of them, we have selected the finest types of coffee beans for a strong flavor and smooth texture.",in stock,new,130.00 AED,https://thegreenroasteries.com/product/al-dhaid-blend,https://res.cloudinary.com/dgcexgq5g/image/upload/v1751636396/greenroasteries/variations/variations/ARABICA-Al%20Dhaid%20Blend_var_1fc4bffc-31df-4056-b16d-8923855919c5.webp,Green Roasteries,"Food, Beverages & Tobacco > Beverages > Coffee",ARABIC COFFEE,"https://res.cloudinary.com/dgcexgq5g/image/upload/v1751636709/greenroasteries/gallery/gallery/ARABICA-Al%20Dhaid%20Blend_img_e4e85a4d-99d8-4fc1-937e-e045623af53a.webp,https://res.cloudinary.com/dgcexgq5g/image/upload/v1751636710/greenroasteries/gallery/gallery/ARABICA-Al%20Dhaid%20Blend_img_ed0b05bb-4669-4a22-8d1f-c5e810adad4a.webp,https://res.cloudinary.com/dgcexgq5g/image/upload/v1751636705/greenroasteries/gallery/gallery/ARABICA-Al%20Dhaid%20Blend_img_7fa6679d-0877-41f1-9477-16a622389224.webp,https://res.cloudinary.com/dgcexgq5g/image/upload/v1751636708/greenroasteries/gallery/gallery/ARABICA-Al%20Dhaid%20Blend_img_31f95dd6-ba8d-431b-84e0-f0eb0a4cbf8f.webp,https://res.cloudinary.com/dgcexgq5g/image/upload/v1751636712/greenroasteries/gallery/gallery/ARABICA-Al%20Dhaid%20Blend_img_b78053a6-8e42-47ff-9f78-121f5cd44b66.webp",,35d07cb7-fc42-4216-bb12-b30a3a3e9b28,Brown,500g,Coffee,unisex,adult,en,Al Dhaid,ARABIC COFFEE,saffron,whole beans
4fbc5952-eebc-4f67-be36-67a40c427f7f_en,Al Dhaid Blend - 500g  cardamom & saffron whole beans,"The smell of fresh Arabic coffee wafts through our cafés, inviting you to taste our distinctive blend that we prepare for you. In each of them, we have selected the finest types of coffee beans for a strong flavor and smooth texture.",in stock,new,136.00 AED,https://thegreenroasteries.com/product/al-dhaid-blend,https://res.cloudinary.com/dgcexgq5g/image/upload/v1751636412/greenroasteries/variations/variations/ARABICA-Al%20Dhaid%20Blend_var_4fbc5952-eebc-4f67-be36-67a40c427f7f.webp,Green Roasteries,"Food, Beverages & Tobacco > Beverages > Coffee",ARABIC COFFEE,"https://res.cloudinary.com/dgcexgq5g/image/upload/v1751636709/greenroasteries/gallery/gallery/ARABICA-Al%20Dhaid%20Blend_img_e4e85a4d-99d8-4fc1-937e-e045623af53a.webp,https://res.cloudinary.com/dgcexgq5g/image/upload/v1751636710/greenroasteries/gallery/gallery/ARABICA-Al%20Dhaid%20Blend_img_ed0b05bb-4669-4a22-8d1f-c5e810adad4a.webp,https://res.cloudinary.com/dgcexgq5g/image/upload/v1751636705/greenroasteries/gallery/gallery/ARABICA-Al%20Dhaid%20Blend_img_7fa6679d-0877-41f1-9477-16a622389224.webp,https://res.cloudinary.com/dgcexgq5g/image/upload/v1751636708/greenroasteries/gallery/gallery/ARABICA-Al%20Dhaid%20Blend_img_31f95dd6-ba8d-431b-84e0-f0eb0a4cbf8f.webp,https://res.cloudinary.com/dgcexgq5g/image/upload/v1751636712/greenroasteries/gallery/gallery/ARABICA-Al%20Dhaid%20Blend_img_b78053a6-8e42-47ff-9f78-121f5cd44b66.webp",,35d07cb7-fc42-4216-bb12-b30a3a3e9b28,Brown,500g,Coffee,unisex,adult,en,Al Dhaid,ARABIC COFFEE, cardamom & saffron,whole beans
3d3a63d5-b38e-4c13-9593-8b965492a09b_en,Al Dhaid Blend - 1000g saffron whole beans,"The smell of fresh Arabic coffee wafts through our cafés, inviting you to taste our distinctive blend that we prepare for you. In each of them, we have selected the finest types of coffee beans for a strong flavor and smooth texture.",in stock,new,236.00 AED,https://thegreenroasteries.com/product/al-dhaid-blend,https://res.cloudinary.com/dgcexgq5g/image/upload/v1751636423/greenroasteries/variations/variations/ARABICA-Al%20Dhaid%20Blend_var_3d3a63d5-b38e-4c13-9593-8b965492a09b.webp,Green Roasteries,"Food, Beverages & Tobacco > Beverages > Coffee",ARABIC COFFEE,"https://res.cloudinary.com/dgcexgq5g/image/upload/v1751636709/greenroasteries/gallery/gallery/ARABICA-Al%20Dhaid%20Blend_img_e4e85a4d-99d8-4fc1-937e-e045623af53a.webp,https://res.cloudinary.com/dgcexgq5g/image/upload/v1751636710/greenroasteries/gallery/gallery/ARABICA-Al%20Dhaid%20Blend_img_ed0b05bb-4669-4a22-8d1f-c5e810adad4a.webp,https://res.cloudinary.com/dgcexgq5g/image/upload/v1751636705/greenroasteries/gallery/gallery/ARABICA-Al%20Dhaid%20Blend_img_7fa6679d-0877-41f1-9477-16a622389224.webp,https://res.cloudinary.com/dgcexgq5g/image/upload/v1751636708/greenroasteries/gallery/gallery/ARABICA-Al%20Dhaid%20Blend_img_31f95dd6-ba8d-431b-84e0-f0eb0a4cbf8f.webp,https://res.cloudinary.com/dgcexgq5g/image/upload/v1751636712/greenroasteries/gallery/gallery/ARABICA-Al%20Dhaid%20Blend_img_b78053a6-8e42-47ff-9f78-121f5cd44b66.webp",,35d07cb7-fc42-4216-bb12-b30a3a3e9b28,Brown,1000g,Coffee,unisex,adult,en,Al Dhaid,ARABIC COFFEE,saffron,whole beans
46328681-d4b3-4445-b0eb-b80a85062c9b_en,Al Dhaid Blend - 500g cardamom whole beans,"The smell of fresh Arabic coffee wafts through our cafés, inviting you to taste our distinctive blend that we prepare for you. In each of them, we have selected the finest types of coffee beans for a strong flavor and smooth texture.",in stock,new,121.00 AED,https://thegreenroasteries.com/product/al-dhaid-blend,https://res.cloudinary.com/dgcexgq5g/image/upload/v1751636426/greenroasteries/variations/variations/ARABICA-Al%20Dhaid%20Blend_var_46328681-d4b3-4445-b0eb-b80a85062c9b.webp,Green Roasteries,"Food, Beverages & Tobacco > Beverages > Coffee",ARABIC COFFEE,"https://res.cloudinary.com/dgcexgq5g/image/upload/v1751636709/greenroasteries/gallery/gallery/ARABICA-Al%20Dhaid%20Blend_img_e4e85a4d-99d8-4fc1-937e-e045623af53a.webp,https://res.cloudinary.com/dgcexgq5g/image/upload/v1751636710/greenroasteries/gallery/gallery/ARABICA-Al%20Dhaid%20Blend_img_ed0b05bb-4669-4a22-8d1f-c5e810adad4a.webp,https://res.cloudinary.com/dgcexgq5g/image/upload/v1751636705/greenroasteries/gallery/gallery/ARABICA-Al%20Dhaid%20Blend_img_7fa6679d-0877-41f1-9477-16a622389224.webp,https://res.cloudinary.com/dgcexgq5g/image/upload/v1751636708/greenroasteries/gallery/gallery/ARABICA-Al%20Dhaid%20Blend_img_31f95dd6-ba8d-431b-84e0-f0eb0a4cbf8f.webp,https://res.cloudinary.com/dgcexgq5g/image/upload/v1751636712/greenroasteries/gallery/gallery/ARABICA-Al%20Dhaid%20Blend_img_b78053a6-8e42-47ff-9f78-121f5cd44b66.webp",,35d07cb7-fc42-4216-bb12-b30a3a3e9b28,Brown,500g,Coffee,unisex,adult,en,Al Dhaid,ARABIC COFFEE,cardamom,whole beans
9970cf6b-d01a-4baf-8677-b2b76dfc7b88_en,Al Dhaid Blend - 250g saffron Ground grains,"The smell of fresh Arabic coffee wafts through our cafés, inviting you to taste our distinctive blend that we prepare for you. In each of them, we have selected the finest types of coffee beans for a strong flavor and smooth texture.",in stock,new,74.95 AED,https://thegreenroasteries.com/product/al-dhaid-blend,https://res.cloudinary.com/dgcexgq5g/image/upload/v1751636427/greenroasteries/variations/variations/ARABICA-Al%20Dhaid%20Blend_var_9970cf6b-d01a-4baf-8677-b2b76dfc7b88.webp,Green Roasteries,"Food, Beverages & Tobacco > Beverages > Coffee",ARABIC COFFEE,"https://res.cloudinary.com/dgcexgq5g/image/upload/v1751636709/greenroasteries/gallery/gallery/ARABICA-Al%20Dhaid%20Blend_img_e4e85a4d-99d8-4fc1-937e-e045623af53a.webp,https://res.cloudinary.com/dgcexgq5g/image/upload/v1751636710/greenroasteries/gallery/gallery/ARABICA-Al%20Dhaid%20Blend_img_ed0b05bb-4669-4a22-8d1f-c5e810adad4a.webp,https://res.cloudinary.com/dgcexgq5g/image/upload/v1751636705/greenroasteries/gallery/gallery/ARABICA-Al%20Dhaid%20Blend_img_7fa6679d-0877-41f1-9477-16a622389224.webp,https://res.cloudinary.com/dgcexgq5g/image/upload/v1751636708/greenroasteries/gallery/gallery/ARABICA-Al%20Dhaid%20Blend_img_31f95dd6-ba8d-431b-84e0-f0eb0a4cbf8f.webp,https://res.cloudinary.com/dgcexgq5g/image/upload/v1751636712/greenroasteries/gallery/gallery/ARABICA-Al%20Dhaid%20Blend_img_b78053a6-8e42-47ff-9f78-121f5cd44b66.webp",,35d07cb7-fc42-4216-bb12-b30a3a3e9b28,Brown,250g,Coffee,unisex,adult,en,Al Dhaid,ARABIC COFFEE,saffron,Ground grains
baf05d68-68bc-420a-a6b4-126e2ee3f7e5_en,Al Dhaid Blend - 500g saffron Ground grains,"The smell of fresh Arabic coffee wafts through our cafés, inviting you to taste our distinctive blend that we prepare for you. In each of them, we have selected the finest types of coffee beans for a strong flavor and smooth texture.",in stock,new,130.00 AED,https://thegreenroasteries.com/product/al-dhaid-blend,https://res.cloudinary.com/dgcexgq5g/image/upload/v1751636429/greenroasteries/variations/variations/ARABICA-Al%20Dhaid%20Blend_var_baf05d68-68bc-420a-a6b4-126e2ee3f7e5.webp,Green Roasteries,"Food, Beverages & Tobacco > Beverages > Coffee",ARABIC COFFEE,"https://res.cloudinary.com/dgcexgq5g/image/upload/v1751636709/greenroasteries/gallery/gallery/ARABICA-Al%20Dhaid%20Blend_img_e4e85a4d-99d8-4fc1-937e-e045623af53a.webp,https://res.cloudinary.com/dgcexgq5g/image/upload/v1751636710/greenroasteries/gallery/gallery/ARABICA-Al%20Dhaid%20Blend_img_ed0b05bb-4669-4a22-8d1f-c5e810adad4a.webp,https://res.cloudinary.com/dgcexgq5g/image/upload/v1751636705/greenroasteries/gallery/gallery/ARABICA-Al%20Dhaid%20Blend_img_7fa6679d-0877-41f1-9477-16a622389224.webp,https://res.cloudinary.com/dgcexgq5g/image/upload/v1751636708/greenroasteries/gallery/gallery/ARABICA-Al%20Dhaid%20Blend_img_31f95dd6-ba8d-431b-84e0-f0eb0a4cbf8f.webp,https://res.cloudinary.com/dgcexgq5g/image/upload/v1751636712/greenroasteries/gallery/gallery/ARABICA-Al%20Dhaid%20Blend_img_b78053a6-8e42-47ff-9f78-121f5cd44b66.webp",,35d07cb7-fc42-4216-bb12-b30a3a3e9b28,Brown,500g,Coffee,unisex,adult,en,Al Dhaid,ARABIC COFFEE,saffron,Ground grains
0aeaed08-221b-4e33-9384-2c3380eb7b92_en,Al Dhaid Blend - 250g  cardamom & saffron whole beans,"The smell of fresh Arabic coffee wafts through our cafés, inviting you to taste our distinctive blend that we prepare for you. In each of them, we have selected the finest types of coffee beans for a strong flavor and smooth texture.",in stock,new,77.95 AED,https://thegreenroasteries.com/product/al-dhaid-blend,https://res.cloudinary.com/dgcexgq5g/image/upload/v1751636469/greenroasteries/variations/variations/ARABICA-Al%20Dhaid%20Blend_var_0aeaed08-221b-4e33-9384-2c3380eb7b92.webp,Green Roasteries,"Food, Beverages & Tobacco > Beverages > Coffee",ARABIC COFFEE,"https://res.cloudinary.com/dgcexgq5g/image/upload/v1751636709/greenroasteries/gallery/gallery/ARABICA-Al%20Dhaid%20Blend_img_e4e85a4d-99d8-4fc1-937e-e045623af53a.webp,https://res.cloudinary.com/dgcexgq5g/image/upload/v1751636710/greenroasteries/gallery/gallery/ARABICA-Al%20Dhaid%20Blend_img_ed0b05bb-4669-4a22-8d1f-c5e810adad4a.webp,https://res.cloudinary.com/dgcexgq5g/image/upload/v1751636705/greenroasteries/gallery/gallery/ARABICA-Al%20Dhaid%20Blend_img_7fa6679d-0877-41f1-9477-16a622389224.webp,https://res.cloudinary.com/dgcexgq5g/image/upload/v1751636708/greenroasteries/gallery/gallery/ARABICA-Al%20Dhaid%20Blend_img_31f95dd6-ba8d-431b-84e0-f0eb0a4cbf8f.webp,https://res.cloudinary.com/dgcexgq5g/image/upload/v1751636712/greenroasteries/gallery/gallery/ARABICA-Al%20Dhaid%20Blend_img_b78053a6-8e42-47ff-9f78-121f5cd44b66.webp",,35d07cb7-fc42-4216-bb12-b30a3a3e9b28,Brown,250g,Coffee,unisex,adult,en,Al Dhaid,ARABIC COFFEE, cardamom & saffron,whole beans
0a8240b2-9e43-499c-b409-f2e0f4e6965c_en,Al Dhaid Blend - 250g cardamom Ground grains,"The smell of fresh Arabic coffee wafts through our cafés, inviting you to taste our distinctive blend that we prepare for you. In each of them, we have selected the finest types of coffee beans for a strong flavor and smooth texture.",in stock,new,67.95 AED,https://thegreenroasteries.com/product/al-dhaid-blend,https://res.cloudinary.com/dgcexgq5g/image/upload/v1751636480/greenroasteries/variations/variations/ARABICA-Al%20Dhaid%20Blend_var_0a8240b2-9e43-499c-b409-f2e0f4e6965c.webp,Green Roasteries,"Food, Beverages & Tobacco > Beverages > Coffee",ARABIC COFFEE,"https://res.cloudinary.com/dgcexgq5g/image/upload/v1751636709/greenroasteries/gallery/gallery/ARABICA-Al%20Dhaid%20Blend_img_e4e85a4d-99d8-4fc1-937e-e045623af53a.webp,https://res.cloudinary.com/dgcexgq5g/image/upload/v1751636710/greenroasteries/gallery/gallery/ARABICA-Al%20Dhaid%20Blend_img_ed0b05bb-4669-4a22-8d1f-c5e810adad4a.webp,https://res.cloudinary.com/dgcexgq5g/image/upload/v1751636705/greenroasteries/gallery/gallery/ARABICA-Al%20Dhaid%20Blend_img_7fa6679d-0877-41f1-9477-16a622389224.webp,https://res.cloudinary.com/dgcexgq5g/image/upload/v1751636708/greenroasteries/gallery/gallery/ARABICA-Al%20Dhaid%20Blend_img_31f95dd6-ba8d-431b-84e0-f0eb0a4cbf8f.webp,https://res.cloudinary.com/dgcexgq5g/image/upload/v1751636712/greenroasteries/gallery/gallery/ARABICA-Al%20Dhaid%20Blend_img_b78053a6-8e42-47ff-9f78-121f5cd44b66.webp",,35d07cb7-fc42-4216-bb12-b30a3a3e9b28,Brown,250g,Coffee,unisex,adult,en,Al Dhaid,ARABIC COFFEE,cardamom,Ground grains
2fd51453-8165-4d14-87ed-5a5195826f87_en,Al Dhaid Blend - 1000g cardamom whole beans,"The smell of fresh Arabic coffee wafts through our cafés, inviting you to taste our distinctive blend that we prepare for you. In each of them, we have selected the finest types of coffee beans for a strong flavor and smooth texture.",in stock,new,233.00 AED,https://thegreenroasteries.com/product/al-dhaid-blend,https://res.cloudinary.com/dgcexgq5g/image/upload/v1751636482/greenroasteries/variations/variations/ARABICA-Al%20Dhaid%20Blend_var_2fd51453-8165-4d14-87ed-5a5195826f87.webp,Green Roasteries,"Food, Beverages & Tobacco > Beverages > Coffee",ARABIC COFFEE,"https://res.cloudinary.com/dgcexgq5g/image/upload/v1751636709/greenroasteries/gallery/gallery/ARABICA-Al%20Dhaid%20Blend_img_e4e85a4d-99d8-4fc1-937e-e045623af53a.webp,https://res.cloudinary.com/dgcexgq5g/image/upload/v1751636710/greenroasteries/gallery/gallery/ARABICA-Al%20Dhaid%20Blend_img_ed0b05bb-4669-4a22-8d1f-c5e810adad4a.webp,https://res.cloudinary.com/dgcexgq5g/image/upload/v1751636705/greenroasteries/gallery/gallery/ARABICA-Al%20Dhaid%20Blend_img_7fa6679d-0877-41f1-9477-16a622389224.webp,https://res.cloudinary.com/dgcexgq5g/image/upload/v1751636708/greenroasteries/gallery/gallery/ARABICA-Al%20Dhaid%20Blend_img_31f95dd6-ba8d-431b-84e0-f0eb0a4cbf8f.webp,https://res.cloudinary.com/dgcexgq5g/image/upload/v1751636712/greenroasteries/gallery/gallery/ARABICA-Al%20Dhaid%20Blend_img_b78053a6-8e42-47ff-9f78-121f5cd44b66.webp",,35d07cb7-fc42-4216-bb12-b30a3a3e9b28,Brown,1000g,Coffee,unisex,adult,en,Al Dhaid,ARABIC COFFEE,cardamom,whole beans
b0f3219b-be07-4ae5-8d44-c3019f3aa901_en,Al Dhaid Blend - 250g  cardamom & saffron Ground grains,"The smell of fresh Arabic coffee wafts through our cafés, inviting you to taste our distinctive blend that we prepare for you. In each of them, we have selected the finest types of coffee beans for a strong flavor and smooth texture.",in stock,new,77.95 AED,https://thegreenroasteries.com/product/al-dhaid-blend,https://res.cloudinary.com/dgcexgq5g/image/upload/v1751636504/greenroasteries/variations/variations/ARABICA-Al%20Dhaid%20Blend_var_b0f3219b-be07-4ae5-8d44-c3019f3aa901.webp,Green Roasteries,"Food, Beverages & Tobacco > Beverages > Coffee",ARABIC COFFEE,"https://res.cloudinary.com/dgcexgq5g/image/upload/v1751636709/greenroasteries/gallery/gallery/ARABICA-Al%20Dhaid%20Blend_img_e4e85a4d-99d8-4fc1-937e-e045623af53a.webp,https://res.cloudinary.com/dgcexgq5g/image/upload/v1751636710/greenroasteries/gallery/gallery/ARABICA-Al%20Dhaid%20Blend_img_ed0b05bb-4669-4a22-8d1f-c5e810adad4a.webp,https://res.cloudinary.com/dgcexgq5g/image/upload/v1751636705/greenroasteries/gallery/gallery/ARABICA-Al%20Dhaid%20Blend_img_7fa6679d-0877-41f1-9477-16a622389224.webp,https://res.cloudinary.com/dgcexgq5g/image/upload/v1751636708/greenroasteries/gallery/gallery/ARABICA-Al%20Dhaid%20Blend_img_31f95dd6-ba8d-431b-84e0-f0eb0a4cbf8f.webp,https://res.cloudinary.com/dgcexgq5g/image/upload/v1751636712/greenroasteries/gallery/gallery/ARABICA-Al%20Dhaid%20Blend_img_b78053a6-8e42-47ff-9f78-121f5cd44b66.webp",,35d07cb7-fc42-4216-bb12-b30a3a3e9b28,Brown,250g,Coffee,unisex,adult,en,Al Dhaid,ARABIC COFFEE, cardamom & saffron,Ground grains
5e5ab1d8-5eb6-4007-b9cf-a785ed50377e_en,Al Dhaid Blend - 250g saffron whole beans,"The smell of fresh Arabic coffee wafts through our cafés, inviting you to taste our distinctive blend that we prepare for you. In each of them, we have selected the finest types of coffee beans for a strong flavor and smooth texture.",in stock,new,74.95 AED,https://thegreenroasteries.com/product/al-dhaid-blend,https://res.cloudinary.com/dgcexgq5g/image/upload/v1751636371/greenroasteries/variations/variations/ARABICA-Al%20Dhaid%20Blend_var_5e5ab1d8-5eb6-4007-b9cf-a785ed50377e.webp,Green Roasteries,"Food, Beverages & Tobacco > Beverages > Coffee",ARABIC COFFEE,"https://res.cloudinary.com/dgcexgq5g/image/upload/v1751636709/greenroasteries/gallery/gallery/ARABICA-Al%20Dhaid%20Blend_img_e4e85a4d-99d8-4fc1-937e-e045623af53a.webp,https://res.cloudinary.com/dgcexgq5g/image/upload/v1751636710/greenroasteries/gallery/gallery/ARABICA-Al%20Dhaid%20Blend_img_ed0b05bb-4669-4a22-8d1f-c5e810adad4a.webp,https://res.cloudinary.com/dgcexgq5g/image/upload/v1751636705/greenroasteries/gallery/gallery/ARABICA-Al%20Dhaid%20Blend_img_7fa6679d-0877-41f1-9477-16a622389224.webp,https://res.cloudinary.com/dgcexgq5g/image/upload/v1751636708/greenroasteries/gallery/gallery/ARABICA-Al%20Dhaid%20Blend_img_31f95dd6-ba8d-431b-84e0-f0eb0a4cbf8f.webp,https://res.cloudinary.com/dgcexgq5g/image/upload/v1751636712/greenroasteries/gallery/gallery/ARABICA-Al%20Dhaid%20Blend_img_b78053a6-8e42-47ff-9f78-121f5cd44b66.webp",,35d07cb7-fc42-4216-bb12-b30a3a3e9b28,Brown,250g,Coffee,unisex,adult,en,Al Dhaid,ARABIC COFFEE,saffron,whole beans
c3ccba6c-9da7-40ce-aa5a-7762f9b30030_en,Al Dhaid Blend - 1000g  cardamom & saffron Ground grains,"The smell of fresh Arabic coffee wafts through our cafés, inviting you to taste our distinctive blend that we prepare for you. In each of them, we have selected the finest types of coffee beans for a strong flavor and smooth texture.",in stock,new,245.00 AED,https://thegreenroasteries.com/product/al-dhaid-blend,https://res.cloudinary.com/dgcexgq5g/image/upload/v1751636377/greenroasteries/variations/variations/ARABICA-Al%20Dhaid%20Blend_var_c3ccba6c-9da7-40ce-aa5a-7762f9b30030.webp,Green Roasteries,"Food, Beverages & Tobacco > Beverages > Coffee",ARABIC COFFEE,"https://res.cloudinary.com/dgcexgq5g/image/upload/v1751636709/greenroasteries/gallery/gallery/ARABICA-Al%20Dhaid%20Blend_img_e4e85a4d-99d8-4fc1-937e-e045623af53a.webp,https://res.cloudinary.com/dgcexgq5g/image/upload/v1751636710/greenroasteries/gallery/gallery/ARABICA-Al%20Dhaid%20Blend_img_ed0b05bb-4669-4a22-8d1f-c5e810adad4a.webp,https://res.cloudinary.com/dgcexgq5g/image/upload/v1751636705/greenroasteries/gallery/gallery/ARABICA-Al%20Dhaid%20Blend_img_7fa6679d-0877-41f1-9477-16a622389224.webp,https://res.cloudinary.com/dgcexgq5g/image/upload/v1751636708/greenroasteries/gallery/gallery/ARABICA-Al%20Dhaid%20Blend_img_31f95dd6-ba8d-431b-84e0-f0eb0a4cbf8f.webp,https://res.cloudinary.com/dgcexgq5g/image/upload/v1751636712/greenroasteries/gallery/gallery/ARABICA-Al%20Dhaid%20Blend_img_b78053a6-8e42-47ff-9f78-121f5cd44b66.webp",,35d07cb7-fc42-4216-bb12-b30a3a3e9b28,Brown,1000g,Coffee,unisex,adult,en,Al Dhaid,ARABIC COFFEE, cardamom & saffron,Ground grains
5d8739c5-2371-46bc-9fab-00ffefe0dd34_en,Al Dhaid Blend - 250g cardamom whole beans,"The smell of fresh Arabic coffee wafts through our cafés, inviting you to taste our distinctive blend that we prepare for you. In each of them, we have selected the finest types of coffee beans for a strong flavor and smooth texture.",in stock,new,67.95 AED,https://thegreenroasteries.com/product/al-dhaid-blend,https://res.cloudinary.com/dgcexgq5g/image/upload/v1751636402/greenroasteries/variations/variations/ARABICA-Al%20Dhaid%20Blend_var_5d8739c5-2371-46bc-9fab-00ffefe0dd34.webp,Green Roasteries,"Food, Beverages & Tobacco > Beverages > Coffee",ARABIC COFFEE,"https://res.cloudinary.com/dgcexgq5g/image/upload/v1751636709/greenroasteries/gallery/gallery/ARABICA-Al%20Dhaid%20Blend_img_e4e85a4d-99d8-4fc1-937e-e045623af53a.webp,https://res.cloudinary.com/dgcexgq5g/image/upload/v1751636710/greenroasteries/gallery/gallery/ARABICA-Al%20Dhaid%20Blend_img_ed0b05bb-4669-4a22-8d1f-c5e810adad4a.webp,https://res.cloudinary.com/dgcexgq5g/image/upload/v1751636705/greenroasteries/gallery/gallery/ARABICA-Al%20Dhaid%20Blend_img_7fa6679d-0877-41f1-9477-16a622389224.webp,https://res.cloudinary.com/dgcexgq5g/image/upload/v1751636708/greenroasteries/gallery/gallery/ARABICA-Al%20Dhaid%20Blend_img_31f95dd6-ba8d-431b-84e0-f0eb0a4cbf8f.webp,https://res.cloudinary.com/dgcexgq5g/image/upload/v1751636712/greenroasteries/gallery/gallery/ARABICA-Al%20Dhaid%20Blend_img_b78053a6-8e42-47ff-9f78-121f5cd44b66.webp",,35d07cb7-fc42-4216-bb12-b30a3a3e9b28,Brown,250g,Coffee,unisex,adult,en,Al Dhaid,ARABIC COFFEE,cardamom,whole beans
8196ec5d-1a05-4a4f-a776-0be4fd1719ad_ar,خلطـــة الذيـــد - 1000g هيل حبوب مطحونة,نفخر بنكهة القهوة العربية اإلماراتية المحضرة حسب أصولها، بدءا من انتقاء حبوب البن الخضراء وتحميصها بكل حب حتى ً إضافة الهيل والزعفران، استمتع بتجربة فريدة للتعرف على تقاليدنا وثقافتنا.,in stock,new,233.00 AED,https://thegreenroasteries.com/product/al-dhaid-blend?lang=ar,https://res.cloudinary.com/dgcexgq5g/image/upload/v1751636374/greenroasteries/variations/variations/ARABICA-Al%20Dhaid%20Blend_var_8196ec5d-1a05-4a4f-a776-0be4fd1719ad.webp,المحامص الخضراء,"Food, Beverages & Tobacco > Beverages > Coffee",القهوة العربية,"https://res.cloudinary.com/dgcexgq5g/image/upload/v1751636709/greenroasteries/gallery/gallery/ARABICA-Al%20Dhaid%20Blend_img_e4e85a4d-99d8-4fc1-937e-e045623af53a.webp,https://res.cloudinary.com/dgcexgq5g/image/upload/v1751636710/greenroasteries/gallery/gallery/ARABICA-Al%20Dhaid%20Blend_img_ed0b05bb-4669-4a22-8d1f-c5e810adad4a.webp,https://res.cloudinary.com/dgcexgq5g/image/upload/v1751636705/greenroasteries/gallery/gallery/ARABICA-Al%20Dhaid%20Blend_img_7fa6679d-0877-41f1-9477-16a622389224.webp,https://res.cloudinary.com/dgcexgq5g/image/upload/v1751636708/greenroasteries/gallery/gallery/ARABICA-Al%20Dhaid%20Blend_img_31f95dd6-ba8d-431b-84e0-f0eb0a4cbf8f.webp,https://res.cloudinary.com/dgcexgq5g/image/upload/v1751636712/greenroasteries/gallery/gallery/ARABICA-Al%20Dhaid%20Blend_img_b78053a6-8e42-47ff-9f78-121f5cd44b66.webp",,35d07cb7-fc42-4216-bb12-b30a3a3e9b28,Brown,1000g,قهوة,unisex,adult,ar,Al Dhaid,القهوة العربية,هيل,حبوب مطحونة
b4cf67ff-58f3-4f84-a290-6b60e2a934bd_ar,خلطـــة الذيـــد - 500g هيل و زعفران حبوب مطحونة,نفخر بنكهة القهوة العربية اإلماراتية المحضرة حسب أصولها، بدءا من انتقاء حبوب البن الخضراء وتحميصها بكل حب حتى ً إضافة الهيل والزعفران، استمتع بتجربة فريدة للتعرف على تقاليدنا وثقافتنا.,in stock,new,136.00 AED,https://thegreenroasteries.com/product/al-dhaid-blend?lang=ar,https://res.cloudinary.com/dgcexgq5g/image/upload/v1751636376/greenroasteries/variations/variations/ARABICA-Al%20Dhaid%20Blend_var_b4cf67ff-58f3-4f84-a290-6b60e2a934bd.webp,المحامص الخضراء,"Food, Beverages & Tobacco > Beverages > Coffee",القهوة العربية,"https://res.cloudinary.com/dgcexgq5g/image/upload/v1751636709/greenroasteries/gallery/gallery/ARABICA-Al%20Dhaid%20Blend_img_e4e85a4d-99d8-4fc1-937e-e045623af53a.webp,https://res.cloudinary.com/dgcexgq5g/image/upload/v1751636710/greenroasteries/gallery/gallery/ARABICA-Al%20Dhaid%20Blend_img_ed0b05bb-4669-4a22-8d1f-c5e810adad4a.webp,https://res.cloudinary.com/dgcexgq5g/image/upload/v1751636705/greenroasteries/gallery/gallery/ARABICA-Al%20Dhaid%20Blend_img_7fa6679d-0877-41f1-9477-16a622389224.webp,https://res.cloudinary.com/dgcexgq5g/image/upload/v1751636708/greenroasteries/gallery/gallery/ARABICA-Al%20Dhaid%20Blend_img_31f95dd6-ba8d-431b-84e0-f0eb0a4cbf8f.webp,https://res.cloudinary.com/dgcexgq5g/image/upload/v1751636712/greenroasteries/gallery/gallery/ARABICA-Al%20Dhaid%20Blend_img_b78053a6-8e42-47ff-9f78-121f5cd44b66.webp",,35d07cb7-fc42-4216-bb12-b30a3a3e9b28,Brown,500g,قهوة,unisex,adult,ar,Al Dhaid,القهوة العربية,هيل و زعفران,حبوب مطحونة
1627fd74-82b6-4204-b4de-988f47fda0ff_ar,خلطـــة الذيـــد - 500g هيل حبوب مطحونة,نفخر بنكهة القهوة العربية اإلماراتية المحضرة حسب أصولها، بدءا من انتقاء حبوب البن الخضراء وتحميصها بكل حب حتى ً إضافة الهيل والزعفران، استمتع بتجربة فريدة للتعرف على تقاليدنا وثقافتنا.,in stock,new,121.00 AED,https://thegreenroasteries.com/product/al-dhaid-blend?lang=ar,https://res.cloudinary.com/dgcexgq5g/image/upload/v1751636378/greenroasteries/variations/variations/ARABICA-Al%20Dhaid%20Blend_var_1627fd74-82b6-4204-b4de-988f47fda0ff.webp,المحامص الخضراء,"Food, Beverages & Tobacco > Beverages > Coffee",القهوة العربية,"https://res.cloudinary.com/dgcexgq5g/image/upload/v1751636709/greenroasteries/gallery/gallery/ARABICA-Al%20Dhaid%20Blend_img_e4e85a4d-99d8-4fc1-937e-e045623af53a.webp,https://res.cloudinary.com/dgcexgq5g/image/upload/v1751636710/greenroasteries/gallery/gallery/ARABICA-Al%20Dhaid%20Blend_img_ed0b05bb-4669-4a22-8d1f-c5e810adad4a.webp,https://res.cloudinary.com/dgcexgq5g/image/upload/v1751636705/greenroasteries/gallery/gallery/ARABICA-Al%20Dhaid%20Blend_img_7fa6679d-0877-41f1-9477-16a622389224.webp,https://res.cloudinary.com/dgcexgq5g/image/upload/v1751636708/greenroasteries/gallery/gallery/ARABICA-Al%20Dhaid%20Blend_img_31f95dd6-ba8d-431b-84e0-f0eb0a4cbf8f.webp,https://res.cloudinary.com/dgcexgq5g/image/upload/v1751636712/greenroasteries/gallery/gallery/ARABICA-Al%20Dhaid%20Blend_img_b78053a6-8e42-47ff-9f78-121f5cd44b66.webp",,35d07cb7-fc42-4216-bb12-b30a3a3e9b28,Brown,500g,قهوة,unisex,adult,ar,Al Dhaid,القهوة العربية,هيل,حبوب مطحونة
14edd3a6-a060-4fbc-b110-140270d655d7_ar,خلطـــة الذيـــد - 1000g هيل و زعفران حبوب كاملة,نفخر بنكهة القهوة العربية اإلماراتية المحضرة حسب أصولها، بدءا من انتقاء حبوب البن الخضراء وتحميصها بكل حب حتى ً إضافة الهيل والزعفران، استمتع بتجربة فريدة للتعرف على تقاليدنا وثقافتنا.,in stock,new,245.00 AED,https://thegreenroasteries.com/product/al-dhaid-blend?lang=ar,https://res.cloudinary.com/dgcexgq5g/image/upload/v1751636379/greenroasteries/variations/variations/ARABICA-Al%20Dhaid%20Blend_var_14edd3a6-a060-4fbc-b110-140270d655d7.webp,المحامص الخضراء,"Food, Beverages & Tobacco > Beverages > Coffee",القهوة العربية,"https://res.cloudinary.com/dgcexgq5g/image/upload/v1751636709/greenroasteries/gallery/gallery/ARABICA-Al%20Dhaid%20Blend_img_e4e85a4d-99d8-4fc1-937e-e045623af53a.webp,https://res.cloudinary.com/dgcexgq5g/image/upload/v1751636710/greenroasteries/gallery/gallery/ARABICA-Al%20Dhaid%20Blend_img_ed0b05bb-4669-4a22-8d1f-c5e810adad4a.webp,https://res.cloudinary.com/dgcexgq5g/image/upload/v1751636705/greenroasteries/gallery/gallery/ARABICA-Al%20Dhaid%20Blend_img_7fa6679d-0877-41f1-9477-16a622389224.webp,https://res.cloudinary.com/dgcexgq5g/image/upload/v1751636708/greenroasteries/gallery/gallery/ARABICA-Al%20Dhaid%20Blend_img_31f95dd6-ba8d-431b-84e0-f0eb0a4cbf8f.webp,https://res.cloudinary.com/dgcexgq5g/image/upload/v1751636712/greenroasteries/gallery/gallery/ARABICA-Al%20Dhaid%20Blend_img_b78053a6-8e42-47ff-9f78-121f5cd44b66.webp",,35d07cb7-fc42-4216-bb12-b30a3a3e9b28,Brown,1000g,قهوة,unisex,adult,ar,Al Dhaid,القهوة العربية,هيل و زعفران,حبوب كاملة
fdcd04f5-e410-44da-b806-4971a37ce213_ar,خلطـــة الذيـــد - 1000g زعفران حبوب مطحونة,نفخر بنكهة القهوة العربية اإلماراتية المحضرة حسب أصولها، بدءا من انتقاء حبوب البن الخضراء وتحميصها بكل حب حتى ً إضافة الهيل والزعفران، استمتع بتجربة فريدة للتعرف على تقاليدنا وثقافتنا.,in stock,new,236.00 AED,https://thegreenroasteries.com/product/al-dhaid-blend?lang=ar,https://res.cloudinary.com/dgcexgq5g/image/upload/v1751636386/greenroasteries/variations/variations/ARABICA-Al%20Dhaid%20Blend_var_fdcd04f5-e410-44da-b806-4971a37ce213.webp,المحامص الخضراء,"Food, Beverages & Tobacco > Beverages > Coffee",القهوة العربية,"https://res.cloudinary.com/dgcexgq5g/image/upload/v1751636709/greenroasteries/gallery/gallery/ARABICA-Al%20Dhaid%20Blend_img_e4e85a4d-99d8-4fc1-937e-e045623af53a.webp,https://res.cloudinary.com/dgcexgq5g/image/upload/v1751636710/greenroasteries/gallery/gallery/ARABICA-Al%20Dhaid%20Blend_img_ed0b05bb-4669-4a22-8d1f-c5e810adad4a.webp,https://res.cloudinary.com/dgcexgq5g/image/upload/v1751636705/greenroasteries/gallery/gallery/ARABICA-Al%20Dhaid%20Blend_img_7fa6679d-0877-41f1-9477-16a622389224.webp,https://res.cloudinary.com/dgcexgq5g/image/upload/v1751636708/greenroasteries/gallery/gallery/ARABICA-Al%20Dhaid%20Blend_img_31f95dd6-ba8d-431b-84e0-f0eb0a4cbf8f.webp,https://res.cloudinary.com/dgcexgq5g/image/upload/v1751636712/greenroasteries/gallery/gallery/ARABICA-Al%20Dhaid%20Blend_img_b78053a6-8e42-47ff-9f78-121f5cd44b66.webp",,35d07cb7-fc42-4216-bb12-b30a3a3e9b28,Brown,1000g,قهوة,unisex,adult,ar,Al Dhaid,القهوة العربية,زعفران,حبوب مطحونة
1fc4bffc-31df-4056-b16d-8923855919c5_ar,خلطـــة الذيـــد - 500g زعفران حبوب كاملة,نفخر بنكهة القهوة العربية اإلماراتية المحضرة حسب أصولها، بدءا من انتقاء حبوب البن الخضراء وتحميصها بكل حب حتى ً إضافة الهيل والزعفران، استمتع بتجربة فريدة للتعرف على تقاليدنا وثقافتنا.,in stock,new,130.00 AED,https://thegreenroasteries.com/product/al-dhaid-blend?lang=ar,https://res.cloudinary.com/dgcexgq5g/image/upload/v1751636396/greenroasteries/variations/variations/ARABICA-Al%20Dhaid%20Blend_var_1fc4bffc-31df-4056-b16d-8923855919c5.webp,المحامص الخضراء,"Food, Beverages & Tobacco > Beverages > Coffee",القهوة العربية,"https://res.cloudinary.com/dgcexgq5g/image/upload/v1751636709/greenroasteries/gallery/gallery/ARABICA-Al%20Dhaid%20Blend_img_e4e85a4d-99d8-4fc1-937e-e045623af53a.webp,https://res.cloudinary.com/dgcexgq5g/image/upload/v1751636710/greenroasteries/gallery/gallery/ARABICA-Al%20Dhaid%20Blend_img_ed0b05bb-4669-4a22-8d1f-c5e810adad4a.webp,https://res.cloudinary.com/dgcexgq5g/image/upload/v1751636705/greenroasteries/gallery/gallery/ARABICA-Al%20Dhaid%20Blend_img_7fa6679d-0877-41f1-9477-16a622389224.webp,https://res.cloudinary.com/dgcexgq5g/image/upload/v1751636708/greenroasteries/gallery/gallery/ARABICA-Al%20Dhaid%20Blend_img_31f95dd6-ba8d-431b-84e0-f0eb0a4cbf8f.webp,https://res.cloudinary.com/dgcexgq5g/image/upload/v1751636712/greenroasteries/gallery/gallery/ARABICA-Al%20Dhaid%20Blend_img_b78053a6-8e42-47ff-9f78-121f5cd44b66.webp",,35d07cb7-fc42-4216-bb12-b30a3a3e9b28,Brown,500g,قهوة,unisex,adult,ar,Al Dhaid,القهوة العربية,زعفران,حبوب كاملة
4fbc5952-eebc-4f67-be36-67a40c427f7f_ar,خلطـــة الذيـــد - 500g هيل و زعفران حبوب كاملة,نفخر بنكهة القهوة العربية اإلماراتية المحضرة حسب أصولها، بدءا من انتقاء حبوب البن الخضراء وتحميصها بكل حب حتى ً إضافة الهيل والزعفران، استمتع بتجربة فريدة للتعرف على تقاليدنا وثقافتنا.,in stock,new,136.00 AED,https://thegreenroasteries.com/product/al-dhaid-blend?lang=ar,https://res.cloudinary.com/dgcexgq5g/image/upload/v1751636412/greenroasteries/variations/variations/ARABICA-Al%20Dhaid%20Blend_var_4fbc5952-eebc-4f67-be36-67a40c427f7f.webp,المحامص الخضراء,"Food, Beverages & Tobacco > Beverages > Coffee",القهوة العربية,"https://res.cloudinary.com/dgcexgq5g/image/upload/v1751636709/greenroasteries/gallery/gallery/ARABICA-Al%20Dhaid%20Blend_img_e4e85a4d-99d8-4fc1-937e-e045623af53a.webp,https://res.cloudinary.com/dgcexgq5g/image/upload/v1751636710/greenroasteries/gallery/gallery/ARABICA-Al%20Dhaid%20Blend_img_ed0b05bb-4669-4a22-8d1f-c5e810adad4a.webp,https://res.cloudinary.com/dgcexgq5g/image/upload/v1751636705/greenroasteries/gallery/gallery/ARABICA-Al%20Dhaid%20Blend_img_7fa6679d-0877-41f1-9477-16a622389224.webp,https://res.cloudinary.com/dgcexgq5g/image/upload/v1751636708/greenroasteries/gallery/gallery/ARABICA-Al%20Dhaid%20Blend_img_31f95dd6-ba8d-431b-84e0-f0eb0a4cbf8f.webp,https://res.cloudinary.com/dgcexgq5g/image/upload/v1751636712/greenroasteries/gallery/gallery/ARABICA-Al%20Dhaid%20Blend_img_b78053a6-8e42-47ff-9f78-121f5cd44b66.webp",,35d07cb7-fc42-4216-bb12-b30a3a3e9b28,Brown,500g,قهوة,unisex,adult,ar,Al Dhaid,القهوة العربية,هيل و زعفران,حبوب كاملة
3d3a63d5-b38e-4c13-9593-8b965492a09b_ar,خلطـــة الذيـــد - 1000g زعفران حبوب كاملة,نفخر بنكهة القهوة العربية اإلماراتية المحضرة حسب أصولها، بدءا من انتقاء حبوب البن الخضراء وتحميصها بكل حب حتى ً إضافة الهيل والزعفران، استمتع بتجربة فريدة للتعرف على تقاليدنا وثقافتنا.,in stock,new,236.00 AED,https://thegreenroasteries.com/product/al-dhaid-blend?lang=ar,https://res.cloudinary.com/dgcexgq5g/image/upload/v1751636423/greenroasteries/variations/variations/ARABICA-Al%20Dhaid%20Blend_var_3d3a63d5-b38e-4c13-9593-8b965492a09b.webp,المحامص الخضراء,"Food, Beverages & Tobacco > Beverages > Coffee",القهوة العربية,"https://res.cloudinary.com/dgcexgq5g/image/upload/v1751636709/greenroasteries/gallery/gallery/ARABICA-Al%20Dhaid%20Blend_img_e4e85a4d-99d8-4fc1-937e-e045623af53a.webp,https://res.cloudinary.com/dgcexgq5g/image/upload/v1751636710/greenroasteries/gallery/gallery/ARABICA-Al%20Dhaid%20Blend_img_ed0b05bb-4669-4a22-8d1f-c5e810adad4a.webp,https://res.cloudinary.com/dgcexgq5g/image/upload/v1751636705/greenroasteries/gallery/gallery/ARABICA-Al%20Dhaid%20Blend_img_7fa6679d-0877-41f1-9477-16a622389224.webp,https://res.cloudinary.com/dgcexgq5g/image/upload/v1751636708/greenroasteries/gallery/gallery/ARABICA-Al%20Dhaid%20Blend_img_31f95dd6-ba8d-431b-84e0-f0eb0a4cbf8f.webp,https://res.cloudinary.com/dgcexgq5g/image/upload/v1751636712/greenroasteries/gallery/gallery/ARABICA-Al%20Dhaid%20Blend_img_b78053a6-8e42-47ff-9f78-121f5cd44b66.webp",,35d07cb7-fc42-4216-bb12-b30a3a3e9b28,Brown,1000g,قهوة,unisex,adult,ar,Al Dhaid,القهوة العربية,زعفران,حبوب كاملة
46328681-d4b3-4445-b0eb-b80a85062c9b_ar,خلطـــة الذيـــد - 500g هيل حبوب كاملة,نفخر بنكهة القهوة العربية اإلماراتية المحضرة حسب أصولها، بدءا من انتقاء حبوب البن الخضراء وتحميصها بكل حب حتى ً إضافة الهيل والزعفران، استمتع بتجربة فريدة للتعرف على تقاليدنا وثقافتنا.,in stock,new,121.00 AED,https://thegreenroasteries.com/product/al-dhaid-blend?lang=ar,https://res.cloudinary.com/dgcexgq5g/image/upload/v1751636426/greenroasteries/variations/variations/ARABICA-Al%20Dhaid%20Blend_var_46328681-d4b3-4445-b0eb-b80a85062c9b.webp,المحامص الخضراء,"Food, Beverages & Tobacco > Beverages > Coffee",القهوة العربية,"https://res.cloudinary.com/dgcexgq5g/image/upload/v1751636709/greenroasteries/gallery/gallery/ARABICA-Al%20Dhaid%20Blend_img_e4e85a4d-99d8-4fc1-937e-e045623af53a.webp,https://res.cloudinary.com/dgcexgq5g/image/upload/v1751636710/greenroasteries/gallery/gallery/ARABICA-Al%20Dhaid%20Blend_img_ed0b05bb-4669-4a22-8d1f-c5e810adad4a.webp,https://res.cloudinary.com/dgcexgq5g/image/upload/v1751636705/greenroasteries/gallery/gallery/ARABICA-Al%20Dhaid%20Blend_img_7fa6679d-0877-41f1-9477-16a622389224.webp,https://res.cloudinary.com/dgcexgq5g/image/upload/v1751636708/greenroasteries/gallery/gallery/ARABICA-Al%20Dhaid%20Blend_img_31f95dd6-ba8d-431b-84e0-f0eb0a4cbf8f.webp,https://res.cloudinary.com/dgcexgq5g/image/upload/v1751636712/greenroasteries/gallery/gallery/ARABICA-Al%20Dhaid%20Blend_img_b78053a6-8e42-47ff-9f78-121f5cd44b66.webp",,35d07cb7-fc42-4216-bb12-b30a3a3e9b28,Brown,500g,قهوة,unisex,adult,ar,Al Dhaid,القهوة العربية,هيل,حبوب كاملة
9970cf6b-d01a-4baf-8677-b2b76dfc7b88_ar,خلطـــة الذيـــد - 250g زعفران حبوب مطحونة,نفخر بنكهة القهوة العربية اإلماراتية المحضرة حسب أصولها، بدءا من انتقاء حبوب البن الخضراء وتحميصها بكل حب حتى ً إضافة الهيل والزعفران، استمتع بتجربة فريدة للتعرف على تقاليدنا وثقافتنا.,in stock,new,74.95 AED,https://thegreenroasteries.com/product/al-dhaid-blend?lang=ar,https://res.cloudinary.com/dgcexgq5g/image/upload/v1751636427/greenroasteries/variations/variations/ARABICA-Al%20Dhaid%20Blend_var_9970cf6b-d01a-4baf-8677-b2b76dfc7b88.webp,المحامص الخضراء,"Food, Beverages & Tobacco > Beverages > Coffee",القهوة العربية,"https://res.cloudinary.com/dgcexgq5g/image/upload/v1751636709/greenroasteries/gallery/gallery/ARABICA-Al%20Dhaid%20Blend_img_e4e85a4d-99d8-4fc1-937e-e045623af53a.webp,https://res.cloudinary.com/dgcexgq5g/image/upload/v1751636710/greenroasteries/gallery/gallery/ARABICA-Al%20Dhaid%20Blend_img_ed0b05bb-4669-4a22-8d1f-c5e810adad4a.webp,https://res.cloudinary.com/dgcexgq5g/image/upload/v1751636705/greenroasteries/gallery/gallery/ARABICA-Al%20Dhaid%20Blend_img_7fa6679d-0877-41f1-9477-16a622389224.webp,https://res.cloudinary.com/dgcexgq5g/image/upload/v1751636708/greenroasteries/gallery/gallery/ARABICA-Al%20Dhaid%20Blend_img_31f95dd6-ba8d-431b-84e0-f0eb0a4cbf8f.webp,https://res.cloudinary.com/dgcexgq5g/image/upload/v1751636712/greenroasteries/gallery/gallery/ARABICA-Al%20Dhaid%20Blend_img_b78053a6-8e42-47ff-9f78-121f5cd44b66.webp",,35d07cb7-fc42-4216-bb12-b30a3a3e9b28,Brown,250g,قهوة,unisex,adult,ar,Al Dhaid,القهوة العربية,زعفران,حبوب مطحونة
baf05d68-68bc-420a-a6b4-126e2ee3f7e5_ar,خلطـــة الذيـــد - 500g زعفران حبوب مطحونة,نفخر بنكهة القهوة العربية اإلماراتية المحضرة حسب أصولها، بدءا من انتقاء حبوب البن الخضراء وتحميصها بكل حب حتى ً إضافة الهيل والزعفران، استمتع بتجربة فريدة للتعرف على تقاليدنا وثقافتنا.,in stock,new,130.00 AED,https://thegreenroasteries.com/product/al-dhaid-blend?lang=ar,https://res.cloudinary.com/dgcexgq5g/image/upload/v1751636429/greenroasteries/variations/variations/ARABICA-Al%20Dhaid%20Blend_var_baf05d68-68bc-420a-a6b4-126e2ee3f7e5.webp,المحامص الخضراء,"Food, Beverages & Tobacco > Beverages > Coffee",القهوة العربية,"https://res.cloudinary.com/dgcexgq5g/image/upload/v1751636709/greenroasteries/gallery/gallery/ARABICA-Al%20Dhaid%20Blend_img_e4e85a4d-99d8-4fc1-937e-e045623af53a.webp,https://res.cloudinary.com/dgcexgq5g/image/upload/v1751636710/greenroasteries/gallery/gallery/ARABICA-Al%20Dhaid%20Blend_img_ed0b05bb-4669-4a22-8d1f-c5e810adad4a.webp,https://res.cloudinary.com/dgcexgq5g/image/upload/v1751636705/greenroasteries/gallery/gallery/ARABICA-Al%20Dhaid%20Blend_img_7fa6679d-0877-41f1-9477-16a622389224.webp,https://res.cloudinary.com/dgcexgq5g/image/upload/v1751636708/greenroasteries/gallery/gallery/ARABICA-Al%20Dhaid%20Blend_img_31f95dd6-ba8d-431b-84e0-f0eb0a4cbf8f.webp,https://res.cloudinary.com/dgcexgq5g/image/upload/v1751636712/greenroasteries/gallery/gallery/ARABICA-Al%20Dhaid%20Blend_img_b78053a6-8e42-47ff-9f78-121f5cd44b66.webp",,35d07cb7-fc42-4216-bb12-b30a3a3e9b28,Brown,500g,قهوة,unisex,adult,ar,Al Dhaid,القهوة العربية,زعفران,حبوب مطحونة
0aeaed08-221b-4e33-9384-2c3380eb7b92_ar,خلطـــة الذيـــد - 250g هيل و زعفران حبوب كاملة,نفخر بنكهة القهوة العربية اإلماراتية المحضرة حسب أصولها، بدءا من انتقاء حبوب البن الخضراء وتحميصها بكل حب حتى ً إضافة الهيل والزعفران، استمتع بتجربة فريدة للتعرف على تقاليدنا وثقافتنا.,in stock,new,77.95 AED,https://thegreenroasteries.com/product/al-dhaid-blend?lang=ar,https://res.cloudinary.com/dgcexgq5g/image/upload/v1751636469/greenroasteries/variations/variations/ARABICA-Al%20Dhaid%20Blend_var_0aeaed08-221b-4e33-9384-2c3380eb7b92.webp,المحامص الخضراء,"Food, Beverages & Tobacco > Beverages > Coffee",القهوة العربية,"https://res.cloudinary.com/dgcexgq5g/image/upload/v1751636709/greenroasteries/gallery/gallery/ARABICA-Al%20Dhaid%20Blend_img_e4e85a4d-99d8-4fc1-937e-e045623af53a.webp,https://res.cloudinary.com/dgcexgq5g/image/upload/v1751636710/greenroasteries/gallery/gallery/ARABICA-Al%20Dhaid%20Blend_img_ed0b05bb-4669-4a22-8d1f-c5e810adad4a.webp,https://res.cloudinary.com/dgcexgq5g/image/upload/v1751636705/greenroasteries/gallery/gallery/ARABICA-Al%20Dhaid%20Blend_img_7fa6679d-0877-41f1-9477-16a622389224.webp,https://res.cloudinary.com/dgcexgq5g/image/upload/v1751636708/greenroasteries/gallery/gallery/ARABICA-Al%20Dhaid%20Blend_img_31f95dd6-ba8d-431b-84e0-f0eb0a4cbf8f.webp,https://res.cloudinary.com/dgcexgq5g/image/upload/v1751636712/greenroasteries/gallery/gallery/ARABICA-Al%20Dhaid%20Blend_img_b78053a6-8e42-47ff-9f78-121f5cd44b66.webp",,35d07cb7-fc42-4216-bb12-b30a3a3e9b28,Brown,250g,قهوة,unisex,adult,ar,Al Dhaid,القهوة العربية,هيل و زعفران,حبوب كاملة
0a8240b2-9e43-499c-b409-f2e0f4e6965c_ar,خلطـــة الذيـــد - 250g هيل حبوب مطحونة,نفخر بنكهة القهوة العربية اإلماراتية المحضرة حسب أصولها، بدءا من انتقاء حبوب البن الخضراء وتحميصها بكل حب حتى ً إضافة الهيل والزعفران، استمتع بتجربة فريدة للتعرف على تقاليدنا وثقافتنا.,in stock,new,67.95 AED,https://thegreenroasteries.com/product/al-dhaid-blend?lang=ar,https://res.cloudinary.com/dgcexgq5g/image/upload/v1751636480/greenroasteries/variations/variations/ARABICA-Al%20Dhaid%20Blend_var_0a8240b2-9e43-499c-b409-f2e0f4e6965c.webp,المحامص الخضراء,"Food, Beverages & Tobacco > Beverages > Coffee",القهوة العربية,"https://res.cloudinary.com/dgcexgq5g/image/upload/v1751636709/greenroasteries/gallery/gallery/ARABICA-Al%20Dhaid%20Blend_img_e4e85a4d-99d8-4fc1-937e-e045623af53a.webp,https://res.cloudinary.com/dgcexgq5g/image/upload/v1751636710/greenroasteries/gallery/gallery/ARABICA-Al%20Dhaid%20Blend_img_ed0b05bb-4669-4a22-8d1f-c5e810adad4a.webp,https://res.cloudinary.com/dgcexgq5g/image/upload/v1751636705/greenroasteries/gallery/gallery/ARABICA-Al%20Dhaid%20Blend_img_7fa6679d-0877-41f1-9477-16a622389224.webp,https://res.cloudinary.com/dgcexgq5g/image/upload/v1751636708/greenroasteries/gallery/gallery/ARABICA-Al%20Dhaid%20Blend_img_31f95dd6-ba8d-431b-84e0-f0eb0a4cbf8f.webp,https://res.cloudinary.com/dgcexgq5g/image/upload/v1751636712/greenroasteries/gallery/gallery/ARABICA-Al%20Dhaid%20Blend_img_b78053a6-8e42-47ff-9f78-121f5cd44b66.webp",,35d07cb7-fc42-4216-bb12-b30a3a3e9b28,Brown,250g,قهوة,unisex,adult,ar,Al Dhaid,القهوة العربية,هيل,حبوب مطحونة
2fd51453-8165-4d14-87ed-5a5195826f87_ar,خلطـــة الذيـــد - 1000g هيل حبوب كاملة,نفخر بنكهة القهوة العربية اإلماراتية المحضرة حسب أصولها، بدءا من انتقاء حبوب البن الخضراء وتحميصها بكل حب حتى ً إضافة الهيل والزعفران، استمتع بتجربة فريدة للتعرف على تقاليدنا وثقافتنا.,in stock,new,233.00 AED,https://thegreenroasteries.com/product/al-dhaid-blend?lang=ar,https://res.cloudinary.com/dgcexgq5g/image/upload/v1751636482/greenroasteries/variations/variations/ARABICA-Al%20Dhaid%20Blend_var_2fd51453-8165-4d14-87ed-5a5195826f87.webp,المحامص الخضراء,"Food, Beverages & Tobacco > Beverages > Coffee",القهوة العربية,"https://res.cloudinary.com/dgcexgq5g/image/upload/v1751636709/greenroasteries/gallery/gallery/ARABICA-Al%20Dhaid%20Blend_img_e4e85a4d-99d8-4fc1-937e-e045623af53a.webp,https://res.cloudinary.com/dgcexgq5g/image/upload/v1751636710/greenroasteries/gallery/gallery/ARABICA-Al%20Dhaid%20Blend_img_ed0b05bb-4669-4a22-8d1f-c5e810adad4a.webp,https://res.cloudinary.com/dgcexgq5g/image/upload/v1751636705/greenroasteries/gallery/gallery/ARABICA-Al%20Dhaid%20Blend_img_7fa6679d-0877-41f1-9477-16a622389224.webp,https://res.cloudinary.com/dgcexgq5g/image/upload/v1751636708/greenroasteries/gallery/gallery/ARABICA-Al%20Dhaid%20Blend_img_31f95dd6-ba8d-431b-84e0-f0eb0a4cbf8f.webp,https://res.cloudinary.com/dgcexgq5g/image/upload/v1751636712/greenroasteries/gallery/gallery/ARABICA-Al%20Dhaid%20Blend_img_b78053a6-8e42-47ff-9f78-121f5cd44b66.webp",,35d07cb7-fc42-4216-bb12-b30a3a3e9b28,Brown,1000g,قهوة,unisex,adult,ar,Al Dhaid,القهوة العربية,هيل,حبوب كاملة
b0f3219b-be07-4ae5-8d44-c3019f3aa901_ar,خلطـــة الذيـــد - 250g هيل و زعفران حبوب مطحونة,نفخر بنكهة القهوة العربية اإلماراتية المحضرة حسب أصولها، بدءا من انتقاء حبوب البن الخضراء وتحميصها بكل حب حتى ً إضافة الهيل والزعفران، استمتع بتجربة فريدة للتعرف على تقاليدنا وثقافتنا.,in stock,new,77.95 AED,https://thegreenroasteries.com/product/al-dhaid-blend?lang=ar,https://res.cloudinary.com/dgcexgq5g/image/upload/v1751636504/greenroasteries/variations/variations/ARABICA-Al%20Dhaid%20Blend_var_b0f3219b-be07-4ae5-8d44-c3019f3aa901.webp,المحامص الخضراء,"Food, Beverages & Tobacco > Beverages > Coffee",القهوة العربية,"https://res.cloudinary.com/dgcexgq5g/image/upload/v1751636709/greenroasteries/gallery/gallery/ARABICA-Al%20Dhaid%20Blend_img_e4e85a4d-99d8-4fc1-937e-e045623af53a.webp,https://res.cloudinary.com/dgcexgq5g/image/upload/v1751636710/greenroasteries/gallery/gallery/ARABICA-Al%20Dhaid%20Blend_img_ed0b05bb-4669-4a22-8d1f-c5e810adad4a.webp,https://res.cloudinary.com/dgcexgq5g/image/upload/v1751636705/greenroasteries/gallery/gallery/ARABICA-Al%20Dhaid%20Blend_img_7fa6679d-0877-41f1-9477-16a622389224.webp,https://res.cloudinary.com/dgcexgq5g/image/upload/v1751636708/greenroasteries/gallery/gallery/ARABICA-Al%20Dhaid%20Blend_img_31f95dd6-ba8d-431b-84e0-f0eb0a4cbf8f.webp,https://res.cloudinary.com/dgcexgq5g/image/upload/v1751636712/greenroasteries/gallery/gallery/ARABICA-Al%20Dhaid%20Blend_img_b78053a6-8e42-47ff-9f78-121f5cd44b66.webp",,35d07cb7-fc42-4216-bb12-b30a3a3e9b28,Brown,250g,قهوة,unisex,adult,ar,Al Dhaid,القهوة العربية,هيل و زعفران,حبوب مطحونة
5e5ab1d8-5eb6-4007-b9cf-a785ed50377e_ar,خلطـــة الذيـــد - 250g زعفران حبوب كاملة,نفخر بنكهة القهوة العربية اإلماراتية المحضرة حسب أصولها، بدءا من انتقاء حبوب البن الخضراء وتحميصها بكل حب حتى ً إضافة الهيل والزعفران، استمتع بتجربة فريدة للتعرف على تقاليدنا وثقافتنا.,in stock,new,74.95 AED,https://thegreenroasteries.com/product/al-dhaid-blend?lang=ar,https://res.cloudinary.com/dgcexgq5g/image/upload/v1751636371/greenroasteries/variations/variations/ARABICA-Al%20Dhaid%20Blend_var_5e5ab1d8-5eb6-4007-b9cf-a785ed50377e.webp,المحامص الخضراء,"Food, Beverages & Tobacco > Beverages > Coffee",القهوة العربية,"https://res.cloudinary.com/dgcexgq5g/image/upload/v1751636709/greenroasteries/gallery/gallery/ARABICA-Al%20Dhaid%20Blend_img_e4e85a4d-99d8-4fc1-937e-e045623af53a.webp,https://res.cloudinary.com/dgcexgq5g/image/upload/v1751636710/greenroasteries/gallery/gallery/ARABICA-Al%20Dhaid%20Blend_img_ed0b05bb-4669-4a22-8d1f-c5e810adad4a.webp,https://res.cloudinary.com/dgcexgq5g/image/upload/v1751636705/greenroasteries/gallery/gallery/ARABICA-Al%20Dhaid%20Blend_img_7fa6679d-0877-41f1-9477-16a622389224.webp,https://res.cloudinary.com/dgcexgq5g/image/upload/v1751636708/greenroasteries/gallery/gallery/ARABICA-Al%20Dhaid%20Blend_img_31f95dd6-ba8d-431b-84e0-f0eb0a4cbf8f.webp,https://res.cloudinary.com/dgcexgq5g/image/upload/v1751636712/greenroasteries/gallery/gallery/ARABICA-Al%20Dhaid%20Blend_img_b78053a6-8e42-47ff-9f78-121f5cd44b66.webp",,35d07cb7-fc42-4216-bb12-b30a3a3e9b28,Brown,250g,قهوة,unisex,adult,ar,Al Dhaid,القهوة العربية,زعفران,حبوب كاملة
c3ccba6c-9da7-40ce-aa5a-7762f9b30030_ar,خلطـــة الذيـــد - 1000g هيل و زعفران حبوب مطحونة,نفخر بنكهة القهوة العربية اإلماراتية المحضرة حسب أصولها، بدءا من انتقاء حبوب البن الخضراء وتحميصها بكل حب حتى ً إضافة الهيل والزعفران، استمتع بتجربة فريدة للتعرف على تقاليدنا وثقافتنا.,in stock,new,245.00 AED,https://thegreenroasteries.com/product/al-dhaid-blend?lang=ar,https://res.cloudinary.com/dgcexgq5g/image/upload/v1751636377/greenroasteries/variations/variations/ARABICA-Al%20Dhaid%20Blend_var_c3ccba6c-9da7-40ce-aa5a-7762f9b30030.webp,المحامص الخضراء,"Food, Beverages & Tobacco > Beverages > Coffee",القهوة العربية,"https://res.cloudinary.com/dgcexgq5g/image/upload/v1751636709/greenroasteries/gallery/gallery/ARABICA-Al%20Dhaid%20Blend_img_e4e85a4d-99d8-4fc1-937e-e045623af53a.webp,https://res.cloudinary.com/dgcexgq5g/image/upload/v1751636710/greenroasteries/gallery/gallery/ARABICA-Al%20Dhaid%20Blend_img_ed0b05bb-4669-4a22-8d1f-c5e810adad4a.webp,https://res.cloudinary.com/dgcexgq5g/image/upload/v1751636705/greenroasteries/gallery/gallery/ARABICA-Al%20Dhaid%20Blend_img_7fa6679d-0877-41f1-9477-16a622389224.webp,https://res.cloudinary.com/dgcexgq5g/image/upload/v1751636708/greenroasteries/gallery/gallery/ARABICA-Al%20Dhaid%20Blend_img_31f95dd6-ba8d-431b-84e0-f0eb0a4cbf8f.webp,https://res.cloudinary.com/dgcexgq5g/image/upload/v1751636712/greenroasteries/gallery/gallery/ARABICA-Al%20Dhaid%20Blend_img_b78053a6-8e42-47ff-9f78-121f5cd44b66.webp",,35d07cb7-fc42-4216-bb12-b30a3a3e9b28,Brown,1000g,قهوة,unisex,adult,ar,Al Dhaid,القهوة العربية,هيل و زعفران,حبوب مطحونة
5d8739c5-2371-46bc-9fab-00ffefe0dd34_ar,خلطـــة الذيـــد - 250g هيل حبوب كاملة,نفخر بنكهة القهوة العربية اإلماراتية المحضرة حسب أصولها، بدءا من انتقاء حبوب البن الخضراء وتحميصها بكل حب حتى ً إضافة الهيل والزعفران، استمتع بتجربة فريدة للتعرف على تقاليدنا وثقافتنا.,in stock,new,67.95 AED,https://thegreenroasteries.com/product/al-dhaid-blend?lang=ar,https://res.cloudinary.com/dgcexgq5g/image/upload/v1751636402/greenroasteries/variations/variations/ARABICA-Al%20Dhaid%20Blend_var_5d8739c5-2371-46bc-9fab-00ffefe0dd34.webp,المحامص الخضراء,"Food, Beverages & Tobacco > Beverages > Coffee",القهوة العربية,"https://res.cloudinary.com/dgcexgq5g/image/upload/v1751636709/greenroasteries/gallery/gallery/ARABICA-Al%20Dhaid%20Blend_img_e4e85a4d-99d8-4fc1-937e-e045623af53a.webp,https://res.cloudinary.com/dgcexgq5g/image/upload/v1751636710/greenroasteries/gallery/gallery/ARABICA-Al%20Dhaid%20Blend_img_ed0b05bb-4669-4a22-8d1f-c5e810adad4a.webp,https://res.cloudinary.com/dgcexgq5g/image/upload/v1751636705/greenroasteries/gallery/gallery/ARABICA-Al%20Dhaid%20Blend_img_7fa6679d-0877-41f1-9477-16a622389224.webp,https://res.cloudinary.com/dgcexgq5g/image/upload/v1751636708/greenroasteries/gallery/gallery/ARABICA-Al%20Dhaid%20Blend_img_31f95dd6-ba8d-431b-84e0-f0eb0a4cbf8f.webp,https://res.cloudinary.com/dgcexgq5g/image/upload/v1751636712/greenroasteries/gallery/gallery/ARABICA-Al%20Dhaid%20Blend_img_b78053a6-8e42-47ff-9f78-121f5cd44b66.webp",,35d07cb7-fc42-4216-bb12-b30a3a3e9b28,Brown,250g,قهوة,unisex,adult,ar,Al Dhaid,القهوة العربية,هيل,حبوب كاملة
c4cc4d2e-9a5e-48ce-87e8-43864999f51c_en,Al hosn blend - 1000g whole beans,A distinctive crop of green roasters with rich and beautiful notes that suit lovers of classic filter drinks that are free of complexity. The sweetness of the crop is highlighted with milk drinks of all kinds. This crop is considered a special blend of our selection of the finest crops.,in stock,new,215.00 AED,https://thegreenroasteries.com/product/al-hosn-blend,https://res.cloudinary.com/dgcexgq5g/image/upload/v1751636535/greenroasteries/variations/variations/ESS-MOR-ALHS_var_c4cc4d2e-9a5e-48ce-87e8-43864999f51c.webp,Green Roasteries,"Food, Beverages & Tobacco > Beverages > Coffee",ESPRESSO ROAST,https://res.cloudinary.com/dgcexgq5g/image/upload/v1751636744/greenroasteries/gallery/gallery/ESS-MOR-ALHS_img_a51237bc-0ce7-47fc-9b91-9e3ec10c637f.webp,,3bcfe552-4597-4715-a8b0-b8c1ea2dc57d,Brown,1000g,Coffee,unisex,adult,en,Premium Origin,ESPRESSO ROAST,Medium Roast,whole beans
6a9e2afa-ad71-4309-8953-9e1d46d3d073_en,Al hosn blend - 1000g Ground grains,A distinctive crop of green roasters with rich and beautiful notes that suit lovers of classic filter drinks that are free of complexity. The sweetness of the crop is highlighted with milk drinks of all kinds. This crop is considered a special blend of our selection of the finest crops.,in stock,new,215.00 AED,https://thegreenroasteries.com/product/al-hosn-blend,https://res.cloudinary.com/dgcexgq5g/image/upload/v1751636540/greenroasteries/variations/variations/ESS-MOR-ALHS_var_6a9e2afa-ad71-4309-8953-9e1d46d3d073.webp,Green Roasteries,"Food, Beverages & Tobacco > Beverages > Coffee",ESPRESSO ROAST,https://res.cloudinary.com/dgcexgq5g/image/upload/v1751636744/greenroasteries/gallery/gallery/ESS-MOR-ALHS_img_a51237bc-0ce7-47fc-9b91-9e3ec10c637f.webp,,3bcfe552-4597-4715-a8b0-b8c1ea2dc57d,Brown,1000g,Coffee,unisex,adult,en,Premium Origin,ESPRESSO ROAST,Medium Roast,Ground grains
22cccac4-0aa1-4d3c-89b6-05e1a5d25f0a_en,Al hosn blend - 500g Ground grains,A distinctive crop of green roasters with rich and beautiful notes that suit lovers of classic filter drinks that are free of complexity. The sweetness of the crop is highlighted with milk drinks of all kinds. This crop is considered a special blend of our selection of the finest crops.,in stock,new,115.00 AED,https://thegreenroasteries.com/product/al-hosn-blend,https://res.cloudinary.com/dgcexgq5g/image/upload/v1751636569/greenroasteries/variations/variations/ESS-MOR-ALHS_var_22cccac4-0aa1-4d3c-89b6-05e1a5d25f0a.webp,Green Roasteries,"Food, Beverages & Tobacco > Beverages > Coffee",ESPRESSO ROAST,https://res.cloudinary.com/dgcexgq5g/image/upload/v1751636744/greenroasteries/gallery/gallery/ESS-MOR-ALHS_img_a51237bc-0ce7-47fc-9b91-9e3ec10c637f.webp,,3bcfe552-4597-4715-a8b0-b8c1ea2dc57d,Brown,500g,Coffee,unisex,adult,en,Premium Origin,ESPRESSO ROAST,Medium Roast,Ground grains
5cad7116-3f96-4795-a119-138790cd61c7_en,Al hosn blend - 250g whole beans,A distinctive crop of green roasters with rich and beautiful notes that suit lovers of classic filter drinks that are free of complexity. The sweetness of the crop is highlighted with milk drinks of all kinds. This crop is considered a special blend of our selection of the finest crops.,in stock,new,64.95 AED,https://thegreenroasteries.com/product/al-hosn-blend,https://res.cloudinary.com/dgcexgq5g/image/upload/v1751636601/greenroasteries/variations/variations/ESS-MOR-ALHS_var_5cad7116-3f96-4795-a119-138790cd61c7.webp,Green Roasteries,"Food, Beverages & Tobacco > Beverages > Coffee",ESPRESSO ROAST,https://res.cloudinary.com/dgcexgq5g/image/upload/v1751636744/greenroasteries/gallery/gallery/ESS-MOR-ALHS_img_a51237bc-0ce7-47fc-9b91-9e3ec10c637f.webp,,3bcfe552-4597-4715-a8b0-b8c1ea2dc57d,Brown,250g,Coffee,unisex,adult,en,Premium Origin,ESPRESSO ROAST,Medium Roast,whole beans
4b221f68-d6af-42b4-9b9d-687a52e118c9_en,Al hosn blend - 500g whole beans,A distinctive crop of green roasters with rich and beautiful notes that suit lovers of classic filter drinks that are free of complexity. The sweetness of the crop is highlighted with milk drinks of all kinds. This crop is considered a special blend of our selection of the finest crops.,in stock,new,115.00 AED,https://thegreenroasteries.com/product/al-hosn-blend,https://res.cloudinary.com/dgcexgq5g/image/upload/v1751636573/greenroasteries/variations/variations/ESS-MOR-ALHS_var_4b221f68-d6af-42b4-9b9d-687a52e118c9.webp,Green Roasteries,"Food, Beverages & Tobacco > Beverages > Coffee",ESPRESSO ROAST,https://res.cloudinary.com/dgcexgq5g/image/upload/v1751636744/greenroasteries/gallery/gallery/ESS-MOR-ALHS_img_a51237bc-0ce7-47fc-9b91-9e3ec10c637f.webp,,3bcfe552-4597-4715-a8b0-b8c1ea2dc57d,Brown,500g,Coffee,unisex,adult,en,Premium Origin,ESPRESSO ROAST,Medium Roast,whole beans
97026a27-05f6-432f-8fb9-bebb7077773b_en,Al hosn blend - 250g Ground grains,A distinctive crop of green roasters with rich and beautiful notes that suit lovers of classic filter drinks that are free of complexity. The sweetness of the crop is highlighted with milk drinks of all kinds. This crop is considered a special blend of our selection of the finest crops.,in stock,new,64.95 AED,https://thegreenroasteries.com/product/al-hosn-blend,https://res.cloudinary.com/dgcexgq5g/image/upload/v1751636590/greenroasteries/variations/variations/ESS-MOR-ALHS_var_97026a27-05f6-432f-8fb9-bebb7077773b.webp,Green Roasteries,"Food, Beverages & Tobacco > Beverages > Coffee",ESPRESSO ROAST,https://res.cloudinary.com/dgcexgq5g/image/upload/v1751636744/greenroasteries/gallery/gallery/ESS-MOR-ALHS_img_a51237bc-0ce7-47fc-9b91-9e3ec10c637f.webp,,3bcfe552-4597-4715-a8b0-b8c1ea2dc57d,Brown,250g,Coffee,unisex,adult,en,Premium Origin,ESPRESSO ROAST,Medium Roast,Ground grains
c4cc4d2e-9a5e-48ce-87e8-43864999f51c_ar,خلطـــة الحصـــن - 1000g حبوب كاملة,محصول مميز من المحامص الخضراء يتمتع المحصول بنوتات غنية وجميلة تتناسب مع محبي مشروبات الفلتر الكالسيكي الخالي من التعقيد وتبرز حالوة المحصول مع مشروبات الحليب بكل أنواعه ويعتبر هذا المحصول مزيج خاص من اختيارنا الجود المحاصيل.,in stock,new,215.00 AED,https://thegreenroasteries.com/product/al-hosn-blend?lang=ar,https://res.cloudinary.com/dgcexgq5g/image/upload/v1751636535/greenroasteries/variations/variations/ESS-MOR-ALHS_var_c4cc4d2e-9a5e-48ce-87e8-43864999f51c.webp,المحامص الخضراء,"Food, Beverages & Tobacco > Beverages > Coffee",تحميص الإسبريسو,https://res.cloudinary.com/dgcexgq5g/image/upload/v1751636744/greenroasteries/gallery/gallery/ESS-MOR-ALHS_img_a51237bc-0ce7-47fc-9b91-9e3ec10c637f.webp,,3bcfe552-4597-4715-a8b0-b8c1ea2dc57d,Brown,1000g,قهوة,unisex,adult,ar,أصل مميز,تحميص الإسبريسو,تحميص متوسط,حبوب كاملة
6a9e2afa-ad71-4309-8953-9e1d46d3d073_ar,خلطـــة الحصـــن - 1000g حبوب مطحونة,محصول مميز من المحامص الخضراء يتمتع المحصول بنوتات غنية وجميلة تتناسب مع محبي مشروبات الفلتر الكالسيكي الخالي من التعقيد وتبرز حالوة المحصول مع مشروبات الحليب بكل أنواعه ويعتبر هذا المحصول مزيج خاص من اختيارنا الجود المحاصيل.,in stock,new,215.00 AED,https://thegreenroasteries.com/product/al-hosn-blend?lang=ar,https://res.cloudinary.com/dgcexgq5g/image/upload/v1751636540/greenroasteries/variations/variations/ESS-MOR-ALHS_var_6a9e2afa-ad71-4309-8953-9e1d46d3d073.webp,المحامص الخضراء,"Food, Beverages & Tobacco > Beverages > Coffee",تحميص الإسبريسو,https://res.cloudinary.com/dgcexgq5g/image/upload/v1751636744/greenroasteries/gallery/gallery/ESS-MOR-ALHS_img_a51237bc-0ce7-47fc-9b91-9e3ec10c637f.webp,,3bcfe552-4597-4715-a8b0-b8c1ea2dc57d,Brown,1000g,قهوة,unisex,adult,ar,أصل مميز,تحميص الإسبريسو,تحميص متوسط,حبوب مطحونة
22cccac4-0aa1-4d3c-89b6-05e1a5d25f0a_ar,خلطـــة الحصـــن - 500g حبوب مطحونة,محصول مميز من المحامص الخضراء يتمتع المحصول بنوتات غنية وجميلة تتناسب مع محبي مشروبات الفلتر الكالسيكي الخالي من التعقيد وتبرز حالوة المحصول مع مشروبات الحليب بكل أنواعه ويعتبر هذا المحصول مزيج خاص من اختيارنا الجود المحاصيل.,in stock,new,115.00 AED,https://thegreenroasteries.com/product/al-hosn-blend?lang=ar,https://res.cloudinary.com/dgcexgq5g/image/upload/v1751636569/greenroasteries/variations/variations/ESS-MOR-ALHS_var_22cccac4-0aa1-4d3c-89b6-05e1a5d25f0a.webp,المحامص الخضراء,"Food, Beverages & Tobacco > Beverages > Coffee",تحميص الإسبريسو,https://res.cloudinary.com/dgcexgq5g/image/upload/v1751636744/greenroasteries/gallery/gallery/ESS-MOR-ALHS_img_a51237bc-0ce7-47fc-9b91-9e3ec10c637f.webp,,3bcfe552-4597-4715-a8b0-b8c1ea2dc57d,Brown,500g,قهوة,unisex,adult,ar,أصل مميز,تحميص الإسبريسو,تحميص متوسط,حبوب مطحونة
5cad7116-3f96-4795-a119-138790cd61c7_ar,خلطـــة الحصـــن - 250g حبوب كاملة,محصول مميز من المحامص الخضراء يتمتع المحصول بنوتات غنية وجميلة تتناسب مع محبي مشروبات الفلتر الكالسيكي الخالي من التعقيد وتبرز حالوة المحصول مع مشروبات الحليب بكل أنواعه ويعتبر هذا المحصول مزيج خاص من اختيارنا الجود المحاصيل.,in stock,new,64.95 AED,https://thegreenroasteries.com/product/al-hosn-blend?lang=ar,https://res.cloudinary.com/dgcexgq5g/image/upload/v1751636601/greenroasteries/variations/variations/ESS-MOR-ALHS_var_5cad7116-3f96-4795-a119-138790cd61c7.webp,المحامص الخضراء,"Food, Beverages & Tobacco > Beverages > Coffee",تحميص الإسبريسو,https://res.cloudinary.com/dgcexgq5g/image/upload/v1751636744/greenroasteries/gallery/gallery/ESS-MOR-ALHS_img_a51237bc-0ce7-47fc-9b91-9e3ec10c637f.webp,,3bcfe552-4597-4715-a8b0-b8c1ea2dc57d,Brown,250g,قهوة,unisex,adult,ar,أصل مميز,تحميص الإسبريسو,تحميص متوسط,حبوب كاملة
4b221f68-d6af-42b4-9b9d-687a52e118c9_ar,خلطـــة الحصـــن - 500g حبوب كاملة,محصول مميز من المحامص الخضراء يتمتع المحصول بنوتات غنية وجميلة تتناسب مع محبي مشروبات الفلتر الكالسيكي الخالي من التعقيد وتبرز حالوة المحصول مع مشروبات الحليب بكل أنواعه ويعتبر هذا المحصول مزيج خاص من اختيارنا الجود المحاصيل.,in stock,new,115.00 AED,https://thegreenroasteries.com/product/al-hosn-blend?lang=ar,https://res.cloudinary.com/dgcexgq5g/image/upload/v1751636573/greenroasteries/variations/variations/ESS-MOR-ALHS_var_4b221f68-d6af-42b4-9b9d-687a52e118c9.webp,المحامص الخضراء,"Food, Beverages & Tobacco > Beverages > Coffee",تحميص الإسبريسو,https://res.cloudinary.com/dgcexgq5g/image/upload/v1751636744/greenroasteries/gallery/gallery/ESS-MOR-ALHS_img_a51237bc-0ce7-47fc-9b91-9e3ec10c637f.webp,,3bcfe552-4597-4715-a8b0-b8c1ea2dc57d,Brown,500g,قهوة,unisex,adult,ar,أصل مميز,تحميص الإسبريسو,تحميص متوسط,حبوب كاملة
97026a27-05f6-432f-8fb9-bebb7077773b_ar,خلطـــة الحصـــن - 250g حبوب مطحونة,محصول مميز من المحامص الخضراء يتمتع المحصول بنوتات غنية وجميلة تتناسب مع محبي مشروبات الفلتر الكالسيكي الخالي من التعقيد وتبرز حالوة المحصول مع مشروبات الحليب بكل أنواعه ويعتبر هذا المحصول مزيج خاص من اختيارنا الجود المحاصيل.,in stock,new,64.95 AED,https://thegreenroasteries.com/product/al-hosn-blend?lang=ar,https://res.cloudinary.com/dgcexgq5g/image/upload/v1751636590/greenroasteries/variations/variations/ESS-MOR-ALHS_var_97026a27-05f6-432f-8fb9-bebb7077773b.webp,المحامص الخضراء,"Food, Beverages & Tobacco > Beverages > Coffee",تحميص الإسبريسو,https://res.cloudinary.com/dgcexgq5g/image/upload/v1751636744/greenroasteries/gallery/gallery/ESS-MOR-ALHS_img_a51237bc-0ce7-47fc-9b91-9e3ec10c637f.webp,,3bcfe552-4597-4715-a8b0-b8c1ea2dc57d,Brown,250g,قهوة,unisex,adult,ar,أصل مميز,تحميص الإسبريسو,تحميص متوسط,حبوب مطحونة
cc55def4-2129-409a-a7ee-5cf42f772ea7_en,Barbecue Mixed Nuts - 500g,"Get a taste of backyard flavor with our Smoky Barbecue Mixed Nuts. A hearty blend of almonds, cashews, pecans, and peanuts, each nut is dry-roasted to perfection and dusted with a savory barbecue spice mix featuring smoky paprika, garlic, onion, and a hint of brown sugar. Perfect for game nights, road trips, or anytime you crave a bold, crunchy snack with a sweet-smoky kick.",in stock,new,53.95 AED,https://thegreenroasteries.com/product/barbecue-mixed-nuts,https://res.cloudinary.com/dgcexgq5g/image/upload/v1751636349/greenroasteries/products/products/NT-BBQ-MX.webp,Green Roasteries,"Food, Beverages & Tobacco > Food Items > Snack Foods > Nuts & Seeds",NUTS & DRIED FRUITS,"https://thegreenroasteries.com/uploads/products/gallery/c3409f2e-836d-43a0-8879-a0794b8db239.webp,https://thegreenroasteries.com/uploads/products/gallery/9b073e50-79a8-47bd-be88-b5fe2e530e2f.webp,https://thegreenroasteries.com/uploads/products/gallery/d5909e5a-6eeb-452a-bd75-68f3eb93a526.webp",,4f4c0baa-b180-4a2a-aa6a-2556c87825b3,Brown,500g,Coffee,unisex,adult,en,Premium Origin,NUTS & DRIED FRUITS,Medium Roast,Arabica Beans
51782871-0cf3-42d4-bef2-dd2f4dd77a7c_en,Barbecue Mixed Nuts - 1000g,"Get a taste of backyard flavor with our Smoky Barbecue Mixed Nuts. A hearty blend of almonds, cashews, pecans, and peanuts, each nut is dry-roasted to perfection and dusted with a savory barbecue spice mix featuring smoky paprika, garlic, onion, and a hint of brown sugar. Perfect for game nights, road trips, or anytime you crave a bold, crunchy snack with a sweet-smoky kick.",in stock,new,99.95 AED,https://thegreenroasteries.com/product/barbecue-mixed-nuts,https://res.cloudinary.com/dgcexgq5g/image/upload/v1751636349/greenroasteries/products/products/NT-BBQ-MX.webp,Green Roasteries,"Food, Beverages & Tobacco > Food Items > Snack Foods > Nuts & Seeds",NUTS & DRIED FRUITS,"https://thegreenroasteries.com/uploads/products/gallery/c3409f2e-836d-43a0-8879-a0794b8db239.webp,https://thegreenroasteries.com/uploads/products/gallery/9b073e50-79a8-47bd-be88-b5fe2e530e2f.webp,https://thegreenroasteries.com/uploads/products/gallery/d5909e5a-6eeb-452a-bd75-68f3eb93a526.webp",,4f4c0baa-b180-4a2a-aa6a-2556c87825b3,Brown,1000g,Coffee,unisex,adult,en,Premium Origin,NUTS & DRIED FRUITS,Medium Roast,Arabica Beans
678fa792-e611-449d-8581-adb2b8db3a7c_en,Barbecue Mixed Nuts - 250g,"Get a taste of backyard flavor with our Smoky Barbecue Mixed Nuts. A hearty blend of almonds, cashews, pecans, and peanuts, each nut is dry-roasted to perfection and dusted with a savory barbecue spice mix featuring smoky paprika, garlic, onion, and a hint of brown sugar. Perfect for game nights, road trips, or anytime you crave a bold, crunchy snack with a sweet-smoky kick.",in stock,new,32.95 AED,https://thegreenroasteries.com/product/barbecue-mixed-nuts,https://res.cloudinary.com/dgcexgq5g/image/upload/v1751636349/greenroasteries/products/products/NT-BBQ-MX.webp,Green Roasteries,"Food, Beverages & Tobacco > Food Items > Snack Foods > Nuts & Seeds",NUTS & DRIED FRUITS,"https://thegreenroasteries.com/uploads/products/gallery/c3409f2e-836d-43a0-8879-a0794b8db239.webp,https://thegreenroasteries.com/uploads/products/gallery/9b073e50-79a8-47bd-be88-b5fe2e530e2f.webp,https://thegreenroasteries.com/uploads/products/gallery/d5909e5a-6eeb-452a-bd75-68f3eb93a526.webp",,4f4c0baa-b180-4a2a-aa6a-2556c87825b3,Brown,250g,Coffee,unisex,adult,en,Premium Origin,NUTS & DRIED FRUITS,Medium Roast,Arabica Beans
cc55def4-2129-409a-a7ee-5cf42f772ea7_ar,مكسرات مشكلة بنكهة الباربكيو - 500g,استمتع بنكهة الشواء المنزلية مع مكسراتنا المشكلة بنكهة الباربكيو الدخانية. مزيج متوازن من اللوز والكاجو وجوز البقان والفول السوداني، محمص بعناية ثم مغطى بخليط توابل الباربكيو الغني من البابريكا المدخنة والثوم والبصل وقليل من السكر البني. مثالي للسهرة مع الأصدقاء، أو أثناء السفر، أو كوجبة خفيفة جريئة ومقرمشة تضيف لمسة حلوة ودخانية لشهيتك.,in stock,new,53.95 AED,https://thegreenroasteries.com/product/barbecue-mixed-nuts?lang=ar,https://res.cloudinary.com/dgcexgq5g/image/upload/v1751636349/greenroasteries/products/products/NT-BBQ-MX.webp,المحامص الخضراء,"Food, Beverages & Tobacco > Beverages > Coffee",مكسرات وفواكه مجففة,"https://thegreenroasteries.com/uploads/products/gallery/c3409f2e-836d-43a0-8879-a0794b8db239.webp,https://thegreenroasteries.com/uploads/products/gallery/9b073e50-79a8-47bd-be88-b5fe2e530e2f.webp,https://thegreenroasteries.com/uploads/products/gallery/d5909e5a-6eeb-452a-bd75-68f3eb93a526.webp",,4f4c0baa-b180-4a2a-aa6a-2556c87825b3,Brown,500g,قهوة,unisex,adult,ar,أصل مميز,مكسرات وفواكه مجففة,تحميص متوسط,حبوب عربية
51782871-0cf3-42d4-bef2-dd2f4dd77a7c_ar,مكسرات مشكلة بنكهة الباربكيو - 1000g,استمتع بنكهة الشواء المنزلية مع مكسراتنا المشكلة بنكهة الباربكيو الدخانية. مزيج متوازن من اللوز والكاجو وجوز البقان والفول السوداني، محمص بعناية ثم مغطى بخليط توابل الباربكيو الغني من البابريكا المدخنة والثوم والبصل وقليل من السكر البني. مثالي للسهرة مع الأصدقاء، أو أثناء السفر، أو كوجبة خفيفة جريئة ومقرمشة تضيف لمسة حلوة ودخانية لشهيتك.,in stock,new,99.95 AED,https://thegreenroasteries.com/product/barbecue-mixed-nuts?lang=ar,https://res.cloudinary.com/dgcexgq5g/image/upload/v1751636349/greenroasteries/products/products/NT-BBQ-MX.webp,المحامص الخضراء,"Food, Beverages & Tobacco > Beverages > Coffee",مكسرات وفواكه مجففة,"https://thegreenroasteries.com/uploads/products/gallery/c3409f2e-836d-43a0-8879-a0794b8db239.webp,https://thegreenroasteries.com/uploads/products/gallery/9b073e50-79a8-47bd-be88-b5fe2e530e2f.webp,https://thegreenroasteries.com/uploads/products/gallery/d5909e5a-6eeb-452a-bd75-68f3eb93a526.webp",,4f4c0baa-b180-4a2a-aa6a-2556c87825b3,Brown,1000g,قهوة,unisex,adult,ar,أصل مميز,مكسرات وفواكه مجففة,تحميص متوسط,حبوب عربية
678fa792-e611-449d-8581-adb2b8db3a7c_ar,مكسرات مشكلة بنكهة الباربكيو - 250g,استمتع بنكهة الشواء المنزلية مع مكسراتنا المشكلة بنكهة الباربكيو الدخانية. مزيج متوازن من اللوز والكاجو وجوز البقان والفول السوداني، محمص بعناية ثم مغطى بخليط توابل الباربكيو الغني من البابريكا المدخنة والثوم والبصل وقليل من السكر البني. مثالي للسهرة مع الأصدقاء، أو أثناء السفر، أو كوجبة خفيفة جريئة ومقرمشة تضيف لمسة حلوة ودخانية لشهيتك.,in stock,new,32.95 AED,https://thegreenroasteries.com/product/barbecue-mixed-nuts?lang=ar,https://res.cloudinary.com/dgcexgq5g/image/upload/v1751636349/greenroasteries/products/products/NT-BBQ-MX.webp,المحامص الخضراء,"Food, Beverages & Tobacco > Beverages > Coffee",مكسرات وفواكه مجففة,"https://thegreenroasteries.com/uploads/products/gallery/c3409f2e-836d-43a0-8879-a0794b8db239.webp,https://thegreenroasteries.com/uploads/products/gallery/9b073e50-79a8-47bd-be88-b5fe2e530e2f.webp,https://thegreenroasteries.com/uploads/products/gallery/d5909e5a-6eeb-452a-bd75-68f3eb93a526.webp",,4f4c0baa-b180-4a2a-aa6a-2556c87825b3,Brown,250g,قهوة,unisex,adult,ar,أصل مميز,مكسرات وفواكه مجففة,تحميص متوسط,حبوب عربية
ae5a10f8-f210-4c8d-9fa7-eb4c638e3984_en,Black sunflower seeds - 250g,"Black Sunflower Seeds – Roasted & Unshelled Enjoy the rich, nutty flavor of our premium black sunflower seeds. Carefully roasted to perfection, these seeds offer a satisfying crunch and a natural source of energy, protein, and healthy fats. Perfect for snacking anytime, whether you're at home, on the go, or sharing with friends.  ✓ 100% Natural ✓ No Added Preservatives ✓ Packed with Nutrients",in stock,new,9.95 AED,https://thegreenroasteries.com/product/black-sunflower-seeds,https://res.cloudinary.com/dgcexgq5g/image/upload/v1751636319/greenroasteries/products/products/SNK-FLWR.jpg,Green Roasteries,"Food, Beverages & Tobacco > Food Items > Snack Foods > Nuts & Seeds",NUTS & DRIED FRUITS,https://thegreenroasteries.com/uploads/products/gallery/ab066e23-4443-4630-8fb0-68a335522a23.webp,,c88fb462-0105-49dd-b76d-0cc8d9ad98d5,Brown,250g,Coffee,unisex,adult,en,Premium Origin,NUTS & DRIED FRUITS,Medium Roast,Arabica Beans
748cd028-277f-4680-98a0-2325d8e69966_en,Black sunflower seeds - 500g,"Black Sunflower Seeds – Roasted & Unshelled Enjoy the rich, nutty flavor of our premium black sunflower seeds. Carefully roasted to perfection, these seeds offer a satisfying crunch and a natural source of energy, protein, and healthy fats. Perfect for snacking anytime, whether you're at home, on the go, or sharing with friends.  ✓ 100% Natural ✓ No Added Preservatives ✓ Packed with Nutrients",in stock,new,16.95 AED,https://thegreenroasteries.com/product/black-sunflower-seeds,https://res.cloudinary.com/dgcexgq5g/image/upload/v1751636319/greenroasteries/products/products/SNK-FLWR.jpg,Green Roasteries,"Food, Beverages & Tobacco > Food Items > Snack Foods > Nuts & Seeds",NUTS & DRIED FRUITS,https://thegreenroasteries.com/uploads/products/gallery/ab066e23-4443-4630-8fb0-68a335522a23.webp,,c88fb462-0105-49dd-b76d-0cc8d9ad98d5,Brown,500g,Coffee,unisex,adult,en,Premium Origin,NUTS & DRIED FRUITS,Medium Roast,Arabica Beans
0b21865e-d14f-41c0-8224-5a5c9d822592_en,Black sunflower seeds - 1000g,"Black Sunflower Seeds – Roasted & Unshelled Enjoy the rich, nutty flavor of our premium black sunflower seeds. Carefully roasted to perfection, these seeds offer a satisfying crunch and a natural source of energy, protein, and healthy fats. Perfect for snacking anytime, whether you're at home, on the go, or sharing with friends.  ✓ 100% Natural ✓ No Added Preservatives ✓ Packed with Nutrients",in stock,new,29.95 AED,https://thegreenroasteries.com/product/black-sunflower-seeds,https://res.cloudinary.com/dgcexgq5g/image/upload/v1751636319/greenroasteries/products/products/SNK-FLWR.jpg,Green Roasteries,"Food, Beverages & Tobacco > Food Items > Snack Foods > Nuts & Seeds",NUTS & DRIED FRUITS,https://thegreenroasteries.com/uploads/products/gallery/ab066e23-4443-4630-8fb0-68a335522a23.webp,,c88fb462-0105-49dd-b76d-0cc8d9ad98d5,Brown,1000g,Coffee,unisex,adult,en,Premium Origin,NUTS & DRIED FRUITS,Medium Roast,Arabica Beans
ae5a10f8-f210-4c8d-9fa7-eb4c638e3984_ar,بذور دوار الشمس  محمصة - 250g,الزريعة السوداء – بذور دوار الشمس المحمصة وغير المقشرة استمتع بالنكهة الغنية والمقرمشة لبذور دوار الشمس السوداء الفاخرة. تم تحميصها بعناية لتمنحك طعماً شهياً ومغذياً، ومصدرًا طبيعيًا للطاقة والبروتين والدهون الصحية. مثالية كوجبة خفيفة في أي وقت – في المنزل، أو أثناء التنقل، أو مع الأصدقاء.  ✓ طبيعية 100٪ ✓ بدون مواد حافظة مضافة ✓ غنية بالعناصر الغذائية,in stock,new,9.95 AED,https://thegreenroasteries.com/product/black-sunflower-seeds?lang=ar,https://res.cloudinary.com/dgcexgq5g/image/upload/v1751636319/greenroasteries/products/products/SNK-FLWR.jpg,المحامص الخضراء,"Food, Beverages & Tobacco > Beverages > Coffee",مكسرات وفواكه مجففة,https://thegreenroasteries.com/uploads/products/gallery/ab066e23-4443-4630-8fb0-68a335522a23.webp,,c88fb462-0105-49dd-b76d-0cc8d9ad98d5,Brown,250g,قهوة,unisex,adult,ar,أصل مميز,مكسرات وفواكه مجففة,تحميص متوسط,حبوب عربية
748cd028-277f-4680-98a0-2325d8e69966_ar,بذور دوار الشمس  محمصة - 500g,الزريعة السوداء – بذور دوار الشمس المحمصة وغير المقشرة استمتع بالنكهة الغنية والمقرمشة لبذور دوار الشمس السوداء الفاخرة. تم تحميصها بعناية لتمنحك طعماً شهياً ومغذياً، ومصدرًا طبيعيًا للطاقة والبروتين والدهون الصحية. مثالية كوجبة خفيفة في أي وقت – في المنزل، أو أثناء التنقل، أو مع الأصدقاء.  ✓ طبيعية 100٪ ✓ بدون مواد حافظة مضافة ✓ غنية بالعناصر الغذائية,in stock,new,16.95 AED,https://thegreenroasteries.com/product/black-sunflower-seeds?lang=ar,https://res.cloudinary.com/dgcexgq5g/image/upload/v1751636319/greenroasteries/products/products/SNK-FLWR.jpg,المحامص الخضراء,"Food, Beverages & Tobacco > Beverages > Coffee",مكسرات وفواكه مجففة,https://thegreenroasteries.com/uploads/products/gallery/ab066e23-4443-4630-8fb0-68a335522a23.webp,,c88fb462-0105-49dd-b76d-0cc8d9ad98d5,Brown,500g,قهوة,unisex,adult,ar,أصل مميز,مكسرات وفواكه مجففة,تحميص متوسط,حبوب عربية
0b21865e-d14f-41c0-8224-5a5c9d822592_ar,بذور دوار الشمس  محمصة - 1000g,الزريعة السوداء – بذور دوار الشمس المحمصة وغير المقشرة استمتع بالنكهة الغنية والمقرمشة لبذور دوار الشمس السوداء الفاخرة. تم تحميصها بعناية لتمنحك طعماً شهياً ومغذياً، ومصدرًا طبيعيًا للطاقة والبروتين والدهون الصحية. مثالية كوجبة خفيفة في أي وقت – في المنزل، أو أثناء التنقل، أو مع الأصدقاء.  ✓ طبيعية 100٪ ✓ بدون مواد حافظة مضافة ✓ غنية بالعناصر الغذائية,in stock,new,29.95 AED,https://thegreenroasteries.com/product/black-sunflower-seeds?lang=ar,https://res.cloudinary.com/dgcexgq5g/image/upload/v1751636319/greenroasteries/products/products/SNK-FLWR.jpg,المحامص الخضراء,"Food, Beverages & Tobacco > Beverages > Coffee",مكسرات وفواكه مجففة,https://thegreenroasteries.com/uploads/products/gallery/ab066e23-4443-4630-8fb0-68a335522a23.webp,,c88fb462-0105-49dd-b76d-0cc8d9ad98d5,Brown,1000g,قهوة,unisex,adult,ar,أصل مميز,مكسرات وفواكه مجففة,تحميص متوسط,حبوب عربية
dec81dff-c76f-4e03-b0d0-1c7ab5bb93d3_en,Brazil - 1000g Ground grains,"Enjoy the original taste of coffee through a distinctive and carefully selected Brazilian crop. It provides a balanced taste with clear, classic overtones such as hazelnut and chocolate. It is suitable for milk drinks, black coffee and filter coffee.",in stock,new,165.00 AED,https://thegreenroasteries.com/product/brazil,https://res.cloudinary.com/dgcexgq5g/image/upload/v1751636415/greenroasteries/variations/variations/BRE-MED-ROAS_var_dec81dff-c76f-4e03-b0d0-1c7ab5bb93d3.webp,Green Roasteries,"Food, Beverages & Tobacco > Beverages > Coffee",FILTER COFFEE,https://res.cloudinary.com/dgcexgq5g/image/upload/v1751636770/greenroasteries/gallery/gallery/BRE-MED-ROAS_img_14c5df3c-137d-4cc3-95cf-b505a72969eb.webp,,00b7933a-ece0-4008-976c-345687377ca4,Brown,1000g,Coffee,unisex,adult,en,Brazil,FILTER COFFEE,Medium Roast,Ground grains
2483c890-33b0-4908-a7fe-5f0fd77fb5d5_en,Brazil - 250g Ground grains,"Enjoy the original taste of coffee through a distinctive and carefully selected Brazilian crop. It provides a balanced taste with clear, classic overtones such as hazelnut and chocolate. It is suitable for milk drinks, black coffee and filter coffee.",in stock,new,49.95 AED,https://thegreenroasteries.com/product/brazil,https://res.cloudinary.com/dgcexgq5g/image/upload/v1751636418/greenroasteries/variations/variations/BRE-MED-ROAS_var_2483c890-33b0-4908-a7fe-5f0fd77fb5d5.webp,Green Roasteries,"Food, Beverages & Tobacco > Beverages > Coffee",FILTER COFFEE,https://res.cloudinary.com/dgcexgq5g/image/upload/v1751636770/greenroasteries/gallery/gallery/BRE-MED-ROAS_img_14c5df3c-137d-4cc3-95cf-b505a72969eb.webp,,00b7933a-ece0-4008-976c-345687377ca4,Brown,250g,Coffee,unisex,adult,en,Brazil,FILTER COFFEE,Medium Roast,Ground grains
f8cbe933-0237-4631-ad77-bda7ef4fc70b_en,Brazil - 500g whole beans,"Enjoy the original taste of coffee through a distinctive and carefully selected Brazilian crop. It provides a balanced taste with clear, classic overtones such as hazelnut and chocolate. It is suitable for milk drinks, black coffee and filter coffee.",in stock,new,89.95 AED,https://thegreenroasteries.com/product/brazil,https://res.cloudinary.com/dgcexgq5g/image/upload/v1751636420/greenroasteries/variations/variations/BRE-MED-ROAS_var_f8cbe933-0237-4631-ad77-bda7ef4fc70b.webp,Green Roasteries,"Food, Beverages & Tobacco > Beverages > Coffee",FILTER COFFEE,https://res.cloudinary.com/dgcexgq5g/image/upload/v1751636770/greenroasteries/gallery/gallery/BRE-MED-ROAS_img_14c5df3c-137d-4cc3-95cf-b505a72969eb.webp,,00b7933a-ece0-4008-976c-345687377ca4,Brown,500g,Coffee,unisex,adult,en,Brazil,FILTER COFFEE,Medium Roast,whole beans
62f5d62b-8068-4fdc-a65b-a30a4b336eeb_en,Brazil - 250g whole beans,"Enjoy the original taste of coffee through a distinctive and carefully selected Brazilian crop. It provides a balanced taste with clear, classic overtones such as hazelnut and chocolate. It is suitable for milk drinks, black coffee and filter coffee.",in stock,new,49.95 AED,https://thegreenroasteries.com/product/brazil,https://res.cloudinary.com/dgcexgq5g/image/upload/v1751636635/greenroasteries/variations/variations/BRE-MED-ROAS_var_62f5d62b-8068-4fdc-a65b-a30a4b336eeb.webp,Green Roasteries,"Food, Beverages & Tobacco > Beverages > Coffee",FILTER COFFEE,https://res.cloudinary.com/dgcexgq5g/image/upload/v1751636770/greenroasteries/gallery/gallery/BRE-MED-ROAS_img_14c5df3c-137d-4cc3-95cf-b505a72969eb.webp,,00b7933a-ece0-4008-976c-345687377ca4,Brown,250g,Coffee,unisex,adult,en,Brazil,FILTER COFFEE,Medium Roast,whole beans
13119e39-6c3d-4681-8a41-b4ac032186f9_en,Brazil - 1000g whole beans,"Enjoy the original taste of coffee through a distinctive and carefully selected Brazilian crop. It provides a balanced taste with clear, classic overtones such as hazelnut and chocolate. It is suitable for milk drinks, black coffee and filter coffee.",in stock,new,165.00 AED,https://thegreenroasteries.com/product/brazil,https://res.cloudinary.com/dgcexgq5g/image/upload/v1751636414/greenroasteries/variations/variations/BRE-MED-ROAS_var_13119e39-6c3d-4681-8a41-b4ac032186f9.webp,Green Roasteries,"Food, Beverages & Tobacco > Beverages > Coffee",FILTER COFFEE,https://res.cloudinary.com/dgcexgq5g/image/upload/v1751636770/greenroasteries/gallery/gallery/BRE-MED-ROAS_img_14c5df3c-137d-4cc3-95cf-b505a72969eb.webp,,00b7933a-ece0-4008-976c-345687377ca4,Brown,1000g,Coffee,unisex,adult,en,Brazil,FILTER COFFEE,Medium Roast,whole beans
79386f5d-d6c4-456c-b2a8-474a4b04104f_en,Brazil - 500g Ground grains,"Enjoy the original taste of coffee through a distinctive and carefully selected Brazilian crop. It provides a balanced taste with clear, classic overtones such as hazelnut and chocolate. It is suitable for milk drinks, black coffee and filter coffee.",in stock,new,89.77 AED,https://thegreenroasteries.com/product/brazil,https://res.cloudinary.com/dgcexgq5g/image/upload/v1751636432/greenroasteries/variations/variations/BRE-MED-ROAS_var_79386f5d-d6c4-456c-b2a8-474a4b04104f.webp,Green Roasteries,"Food, Beverages & Tobacco > Beverages > Coffee",FILTER COFFEE,https://res.cloudinary.com/dgcexgq5g/image/upload/v1751636770/greenroasteries/gallery/gallery/BRE-MED-ROAS_img_14c5df3c-137d-4cc3-95cf-b505a72969eb.webp,,00b7933a-ece0-4008-976c-345687377ca4,Brown,500g,Coffee,unisex,adult,en,Brazil,FILTER COFFEE,Medium Roast,Ground grains
dec81dff-c76f-4e03-b0d0-1c7ab5bb93d3_ar,برازيـــل - 1000g حبوب مطحونة,ستمتع بمذاق القهوة االصلي من خالل محصول برازيلي مميز ومنتقي بعناية، يتيح مذاق متوازن وبإيحاءات كالسيكية واضحة كالبندق ، الشوكوالتة يتناسب مع مشروبات الحليب والقهوة السوداء.,in stock,new,165.00 AED,https://thegreenroasteries.com/product/brazil?lang=ar,https://res.cloudinary.com/dgcexgq5g/image/upload/v1751636415/greenroasteries/variations/variations/BRE-MED-ROAS_var_dec81dff-c76f-4e03-b0d0-1c7ab5bb93d3.webp,المحامص الخضراء,"Food, Beverages & Tobacco > Beverages > Coffee",قهوة مقطرة,https://res.cloudinary.com/dgcexgq5g/image/upload/v1751636770/greenroasteries/gallery/gallery/BRE-MED-ROAS_img_14c5df3c-137d-4cc3-95cf-b505a72969eb.webp,,00b7933a-ece0-4008-976c-345687377ca4,Brown,1000g,قهوة,unisex,adult,ar,Brazil,قهوة مقطرة,تحميص متوسط,حبوب مطحونة
2483c890-33b0-4908-a7fe-5f0fd77fb5d5_ar,برازيـــل - 250g حبوب مطحونة,ستمتع بمذاق القهوة االصلي من خالل محصول برازيلي مميز ومنتقي بعناية، يتيح مذاق متوازن وبإيحاءات كالسيكية واضحة كالبندق ، الشوكوالتة يتناسب مع مشروبات الحليب والقهوة السوداء.,in stock,new,49.95 AED,https://thegreenroasteries.com/product/brazil?lang=ar,https://res.cloudinary.com/dgcexgq5g/image/upload/v1751636418/greenroasteries/variations/variations/BRE-MED-ROAS_var_2483c890-33b0-4908-a7fe-5f0fd77fb5d5.webp,المحامص الخضراء,"Food, Beverages & Tobacco > Beverages > Coffee",قهوة مقطرة,https://res.cloudinary.com/dgcexgq5g/image/upload/v1751636770/greenroasteries/gallery/gallery/BRE-MED-ROAS_img_14c5df3c-137d-4cc3-95cf-b505a72969eb.webp,,00b7933a-ece0-4008-976c-345687377ca4,Brown,250g,قهوة,unisex,adult,ar,Brazil,قهوة مقطرة,تحميص متوسط,حبوب مطحونة
f8cbe933-0237-4631-ad77-bda7ef4fc70b_ar,برازيـــل - 500g حبوب كاملة,ستمتع بمذاق القهوة االصلي من خالل محصول برازيلي مميز ومنتقي بعناية، يتيح مذاق متوازن وبإيحاءات كالسيكية واضحة كالبندق ، الشوكوالتة يتناسب مع مشروبات الحليب والقهوة السوداء.,in stock,new,89.95 AED,https://thegreenroasteries.com/product/brazil?lang=ar,https://res.cloudinary.com/dgcexgq5g/image/upload/v1751636420/greenroasteries/variations/variations/BRE-MED-ROAS_var_f8cbe933-0237-4631-ad77-bda7ef4fc70b.webp,المحامص الخضراء,"Food, Beverages & Tobacco > Beverages > Coffee",قهوة مقطرة,https://res.cloudinary.com/dgcexgq5g/image/upload/v1751636770/greenroasteries/gallery/gallery/BRE-MED-ROAS_img_14c5df3c-137d-4cc3-95cf-b505a72969eb.webp,,00b7933a-ece0-4008-976c-345687377ca4,Brown,500g,قهوة,unisex,adult,ar,Brazil,قهوة مقطرة,تحميص متوسط,حبوب كاملة
62f5d62b-8068-4fdc-a65b-a30a4b336eeb_ar,برازيـــل - 250g حبوب كاملة,ستمتع بمذاق القهوة االصلي من خالل محصول برازيلي مميز ومنتقي بعناية، يتيح مذاق متوازن وبإيحاءات كالسيكية واضحة كالبندق ، الشوكوالتة يتناسب مع مشروبات الحليب والقهوة السوداء.,in stock,new,49.95 AED,https://thegreenroasteries.com/product/brazil?lang=ar,https://res.cloudinary.com/dgcexgq5g/image/upload/v1751636635/greenroasteries/variations/variations/BRE-MED-ROAS_var_62f5d62b-8068-4fdc-a65b-a30a4b336eeb.webp,المحامص الخضراء,"Food, Beverages & Tobacco > Beverages > Coffee",قهوة مقطرة,https://res.cloudinary.com/dgcexgq5g/image/upload/v1751636770/greenroasteries/gallery/gallery/BRE-MED-ROAS_img_14c5df3c-137d-4cc3-95cf-b505a72969eb.webp,,00b7933a-ece0-4008-976c-345687377ca4,Brown,250g,قهوة,unisex,adult,ar,Brazil,قهوة مقطرة,تحميص متوسط,حبوب كاملة
13119e39-6c3d-4681-8a41-b4ac032186f9_ar,برازيـــل - 1000g حبوب كاملة,ستمتع بمذاق القهوة االصلي من خالل محصول برازيلي مميز ومنتقي بعناية، يتيح مذاق متوازن وبإيحاءات كالسيكية واضحة كالبندق ، الشوكوالتة يتناسب مع مشروبات الحليب والقهوة السوداء.,in stock,new,165.00 AED,https://thegreenroasteries.com/product/brazil?lang=ar,https://res.cloudinary.com/dgcexgq5g/image/upload/v1751636414/greenroasteries/variations/variations/BRE-MED-ROAS_var_13119e39-6c3d-4681-8a41-b4ac032186f9.webp,المحامص الخضراء,"Food, Beverages & Tobacco > Beverages > Coffee",قهوة مقطرة,https://res.cloudinary.com/dgcexgq5g/image/upload/v1751636770/greenroasteries/gallery/gallery/BRE-MED-ROAS_img_14c5df3c-137d-4cc3-95cf-b505a72969eb.webp,,00b7933a-ece0-4008-976c-345687377ca4,Brown,1000g,قهوة,unisex,adult,ar,Brazil,قهوة مقطرة,تحميص متوسط,حبوب كاملة
79386f5d-d6c4-456c-b2a8-474a4b04104f_ar,برازيـــل - 500g حبوب مطحونة,ستمتع بمذاق القهوة االصلي من خالل محصول برازيلي مميز ومنتقي بعناية، يتيح مذاق متوازن وبإيحاءات كالسيكية واضحة كالبندق ، الشوكوالتة يتناسب مع مشروبات الحليب والقهوة السوداء.,in stock,new,89.77 AED,https://thegreenroasteries.com/product/brazil?lang=ar,https://res.cloudinary.com/dgcexgq5g/image/upload/v1751636432/greenroasteries/variations/variations/BRE-MED-ROAS_var_79386f5d-d6c4-456c-b2a8-474a4b04104f.webp,المحامص الخضراء,"Food, Beverages & Tobacco > Beverages > Coffee",قهوة مقطرة,https://res.cloudinary.com/dgcexgq5g/image/upload/v1751636770/greenroasteries/gallery/gallery/BRE-MED-ROAS_img_14c5df3c-137d-4cc3-95cf-b505a72969eb.webp,,00b7933a-ece0-4008-976c-345687377ca4,Brown,500g,قهوة,unisex,adult,ar,Brazil,قهوة مقطرة,تحميص متوسط,حبوب مطحونة
ba289b9a-6339-4e7b-9c06-f9ae7e6c1dae_en,Brazil - 500g cardamom whole beans,"We are proud of the flavor of Emirati Arabic coffee, prepared according to its origins, from selecting green coffee beans and roasting them with love until adding cardamom and saffron. Enjoy a unique experience to learn about our traditions and culture.",in stock,new,79.95 AED,https://thegreenroasteries.com/product/brazil,https://res.cloudinary.com/dgcexgq5g/image/upload/v1751636359/greenroasteries/variations/variations/ARABICA-Brazil_var_ba289b9a-6339-4e7b-9c06-f9ae7e6c1dae.webp,Green Roasteries,"Food, Beverages & Tobacco > Beverages > Coffee",ARABIC COFFEE,https://res.cloudinary.com/dgcexgq5g/image/upload/v1751636722/greenroasteries/gallery/gallery/ARABICA-Brazil_img_095eda2a-7036-4fa9-b43a-984da71ab8ec.webp,,8bb07130-5531-4201-a8e6-d949948e5508,Brown,500g,Coffee,unisex,adult,en,Brazil,ARABIC COFFEE,cardamom,whole beans
faebcf18-7cd2-4bf5-8278-c20a7bc16c5a_en,Brazil - 1000g cardamom Ground grains,"We are proud of the flavor of Emirati Arabic coffee, prepared according to its origins, from selecting green coffee beans and roasting them with love until adding cardamom and saffron. Enjoy a unique experience to learn about our traditions and culture.",in stock,new,174.00 AED,https://thegreenroasteries.com/product/brazil,https://res.cloudinary.com/dgcexgq5g/image/upload/v1751636373/greenroasteries/variations/variations/ARABICA-Brazil_var_faebcf18-7cd2-4bf5-8278-c20a7bc16c5a.webp,Green Roasteries,"Food, Beverages & Tobacco > Beverages > Coffee",ARABIC COFFEE,https://res.cloudinary.com/dgcexgq5g/image/upload/v1751636722/greenroasteries/gallery/gallery/ARABICA-Brazil_img_095eda2a-7036-4fa9-b43a-984da71ab8ec.webp,,8bb07130-5531-4201-a8e6-d949948e5508,Brown,1000g,Coffee,unisex,adult,en,Brazil,ARABIC COFFEE,cardamom,Ground grains
c6c3b5cf-09dd-4940-b658-ac8ac7387ce8_en,Brazil - 250g cardamom whole beans,"We are proud of the flavor of Emirati Arabic coffee, prepared according to its origins, from selecting green coffee beans and roasting them with love until adding cardamom and saffron. Enjoy a unique experience to learn about our traditions and culture.",in stock,new,45.95 AED,https://thegreenroasteries.com/product/brazil,https://res.cloudinary.com/dgcexgq5g/image/upload/v1751636416/greenroasteries/variations/variations/ARABICA-Brazil_var_c6c3b5cf-09dd-4940-b658-ac8ac7387ce8.webp,Green Roasteries,"Food, Beverages & Tobacco > Beverages > Coffee",ARABIC COFFEE,https://res.cloudinary.com/dgcexgq5g/image/upload/v1751636722/greenroasteries/gallery/gallery/ARABICA-Brazil_img_095eda2a-7036-4fa9-b43a-984da71ab8ec.webp,,8bb07130-5531-4201-a8e6-d949948e5508,Brown,250g,Coffee,unisex,adult,en,Brazil,ARABIC COFFEE,cardamom,whole beans
120ead2e-03a9-4ec8-8e87-2abccef261c0_en,Brazil - 250g saffron whole beans,"We are proud of the flavor of Emirati Arabic coffee, prepared according to its origins, from selecting green coffee beans and roasting them with love until adding cardamom and saffron. Enjoy a unique experience to learn about our traditions and culture.",in stock,new,43.95 AED,https://thegreenroasteries.com/product/brazil,https://res.cloudinary.com/dgcexgq5g/image/upload/v1751636519/greenroasteries/variations/variations/ARABICA-Brazil_var_120ead2e-03a9-4ec8-8e87-2abccef261c0.webp,Green Roasteries,"Food, Beverages & Tobacco > Beverages > Coffee",ARABIC COFFEE,https://res.cloudinary.com/dgcexgq5g/image/upload/v1751636722/greenroasteries/gallery/gallery/ARABICA-Brazil_img_095eda2a-7036-4fa9-b43a-984da71ab8ec.webp,,8bb07130-5531-4201-a8e6-d949948e5508,Brown,250g,Coffee,unisex,adult,en,Brazil,ARABIC COFFEE,saffron,whole beans
aa382756-5734-48da-98ec-c87524fd6092_en,Brazil - 500g  cardamom & saffron Ground grains,"We are proud of the flavor of Emirati Arabic coffee, prepared according to its origins, from selecting green coffee beans and roasting them with love until adding cardamom and saffron. Enjoy a unique experience to learn about our traditions and culture.",in stock,new,96.00 AED,https://thegreenroasteries.com/product/brazil,https://res.cloudinary.com/dgcexgq5g/image/upload/v1751636521/greenroasteries/variations/variations/ARABICA-Brazil_var_aa382756-5734-48da-98ec-c87524fd6092.webp,Green Roasteries,"Food, Beverages & Tobacco > Beverages > Coffee",ARABIC COFFEE,https://res.cloudinary.com/dgcexgq5g/image/upload/v1751636722/greenroasteries/gallery/gallery/ARABICA-Brazil_img_095eda2a-7036-4fa9-b43a-984da71ab8ec.webp,,8bb07130-5531-4201-a8e6-d949948e5508,Brown,500g,Coffee,unisex,adult,en,Brazil,ARABIC COFFEE, cardamom & saffron,Ground grains
cdd74ae7-0d0d-405e-91ba-da9708601d4e_en,Brazil - 1000g saffron whole beans,"We are proud of the flavor of Emirati Arabic coffee, prepared according to its origins, from selecting green coffee beans and roasting them with love until adding cardamom and saffron. Enjoy a unique experience to learn about our traditions and culture.",in stock,new,156.00 AED,https://thegreenroasteries.com/product/brazil,https://res.cloudinary.com/dgcexgq5g/image/upload/v1751636522/greenroasteries/variations/variations/ARABICA-Brazil_var_cdd74ae7-0d0d-405e-91ba-da9708601d4e.webp,Green Roasteries,"Food, Beverages & Tobacco > Beverages > Coffee",ARABIC COFFEE,https://res.cloudinary.com/dgcexgq5g/image/upload/v1751636722/greenroasteries/gallery/gallery/ARABICA-Brazil_img_095eda2a-7036-4fa9-b43a-984da71ab8ec.webp,,8bb07130-5531-4201-a8e6-d949948e5508,Brown,1000g,Coffee,unisex,adult,en,Brazil,ARABIC COFFEE,saffron,whole beans
27f6b9fe-4823-4253-9794-a30db9c58415_en,Brazil - 250g  cardamom & saffron whole beans,"We are proud of the flavor of Emirati Arabic coffee, prepared according to its origins, from selecting green coffee beans and roasting them with love until adding cardamom and saffron. Enjoy a unique experience to learn about our traditions and culture.",in stock,new,55.95 AED,https://thegreenroasteries.com/product/brazil,https://res.cloudinary.com/dgcexgq5g/image/upload/v1751636524/greenroasteries/variations/variations/ARABICA-Brazil_var_27f6b9fe-4823-4253-9794-a30db9c58415.webp,Green Roasteries,"Food, Beverages & Tobacco > Beverages > Coffee",ARABIC COFFEE,https://res.cloudinary.com/dgcexgq5g/image/upload/v1751636722/greenroasteries/gallery/gallery/ARABICA-Brazil_img_095eda2a-7036-4fa9-b43a-984da71ab8ec.webp,,8bb07130-5531-4201-a8e6-d949948e5508,Brown,250g,Coffee,unisex,adult,en,Brazil,ARABIC COFFEE, cardamom & saffron,whole beans
6520488d-84b1-4ec8-b528-612f8afa7fed_en,Brazil - 500g saffron whole beans,"We are proud of the flavor of Emirati Arabic coffee, prepared according to its origins, from selecting green coffee beans and roasting them with love until adding cardamom and saffron. Enjoy a unique experience to learn about our traditions and culture.",in stock,new,89.95 AED,https://thegreenroasteries.com/product/brazil,https://res.cloudinary.com/dgcexgq5g/image/upload/v1751636525/greenroasteries/variations/variations/ARABICA-Brazil_var_6520488d-84b1-4ec8-b528-612f8afa7fed.webp,Green Roasteries,"Food, Beverages & Tobacco > Beverages > Coffee",ARABIC COFFEE,https://res.cloudinary.com/dgcexgq5g/image/upload/v1751636722/greenroasteries/gallery/gallery/ARABICA-Brazil_img_095eda2a-7036-4fa9-b43a-984da71ab8ec.webp,,8bb07130-5531-4201-a8e6-d949948e5508,Brown,500g,Coffee,unisex,adult,en,Brazil,ARABIC COFFEE,saffron,whole beans
e9ca4489-b990-4ef1-8502-e0e97588acc9_en,Brazil - 500g  cardamom & saffron whole beans,"We are proud of the flavor of Emirati Arabic coffee, prepared according to its origins, from selecting green coffee beans and roasting them with love until adding cardamom and saffron. Enjoy a unique experience to learn about our traditions and culture.",in stock,new,96.00 AED,https://thegreenroasteries.com/product/brazil,https://res.cloudinary.com/dgcexgq5g/image/upload/v1751636527/greenroasteries/variations/variations/ARABICA-Brazil_var_e9ca4489-b990-4ef1-8502-e0e97588acc9.webp,Green Roasteries,"Food, Beverages & Tobacco > Beverages > Coffee",ARABIC COFFEE,https://res.cloudinary.com/dgcexgq5g/image/upload/v1751636722/greenroasteries/gallery/gallery/ARABICA-Brazil_img_095eda2a-7036-4fa9-b43a-984da71ab8ec.webp,,8bb07130-5531-4201-a8e6-d949948e5508,Brown,500g,Coffee,unisex,adult,en,Brazil,ARABIC COFFEE, cardamom & saffron,whole beans
b3b55b51-6f3f-4edc-93a8-cb116ea6df6c_en,Brazil - 1000g  cardamom & saffron whole beans,"We are proud of the flavor of Emirati Arabic coffee, prepared according to its origins, from selecting green coffee beans and roasting them with love until adding cardamom and saffron. Enjoy a unique experience to learn about our traditions and culture.",in stock,new,165.00 AED,https://thegreenroasteries.com/product/brazil,https://res.cloudinary.com/dgcexgq5g/image/upload/v1751636528/greenroasteries/variations/variations/ARABICA-Brazil_var_b3b55b51-6f3f-4edc-93a8-cb116ea6df6c.webp,Green Roasteries,"Food, Beverages & Tobacco > Beverages > Coffee",ARABIC COFFEE,https://res.cloudinary.com/dgcexgq5g/image/upload/v1751636722/greenroasteries/gallery/gallery/ARABICA-Brazil_img_095eda2a-7036-4fa9-b43a-984da71ab8ec.webp,,8bb07130-5531-4201-a8e6-d949948e5508,Brown,1000g,Coffee,unisex,adult,en,Brazil,ARABIC COFFEE, cardamom & saffron,whole beans
a0779d5d-9560-4c75-bed2-4546f5598207_en,Brazil - 500g saffron Ground grains,"We are proud of the flavor of Emirati Arabic coffee, prepared according to its origins, from selecting green coffee beans and roasting them with love until adding cardamom and saffron. Enjoy a unique experience to learn about our traditions and culture.",in stock,new,89.95 AED,https://thegreenroasteries.com/product/brazil,https://res.cloudinary.com/dgcexgq5g/image/upload/v1751636529/greenroasteries/variations/variations/ARABICA-Brazil_var_a0779d5d-9560-4c75-bed2-4546f5598207.webp,Green Roasteries,"Food, Beverages & Tobacco > Beverages > Coffee",ARABIC COFFEE,https://res.cloudinary.com/dgcexgq5g/image/upload/v1751636722/greenroasteries/gallery/gallery/ARABICA-Brazil_img_095eda2a-7036-4fa9-b43a-984da71ab8ec.webp,,8bb07130-5531-4201-a8e6-d949948e5508,Brown,500g,Coffee,unisex,adult,en,Brazil,ARABIC COFFEE,saffron,Ground grains
ab3928d1-3847-48dc-bc24-b8723180de0d_en,Brazil - 500g cardamom Ground grains,"We are proud of the flavor of Emirati Arabic coffee, prepared according to its origins, from selecting green coffee beans and roasting them with love until adding cardamom and saffron. Enjoy a unique experience to learn about our traditions and culture.",in stock,new,79.95 AED,https://thegreenroasteries.com/product/brazil,https://res.cloudinary.com/dgcexgq5g/image/upload/v1751636357/greenroasteries/variations/variations/ARABICA-Brazil_var_ab3928d1-3847-48dc-bc24-b8723180de0d.webp,Green Roasteries,"Food, Beverages & Tobacco > Beverages > Coffee",ARABIC COFFEE,https://res.cloudinary.com/dgcexgq5g/image/upload/v1751636722/greenroasteries/gallery/gallery/ARABICA-Brazil_img_095eda2a-7036-4fa9-b43a-984da71ab8ec.webp,,8bb07130-5531-4201-a8e6-d949948e5508,Brown,500g,Coffee,unisex,adult,en,Brazil,ARABIC COFFEE,cardamom,Ground grains
0c803d31-d17e-436d-8c6a-05a25c16cd1f_en,Brazil - 250g cardamom Ground grains,"We are proud of the flavor of Emirati Arabic coffee, prepared according to its origins, from selecting green coffee beans and roasting them with love until adding cardamom and saffron. Enjoy a unique experience to learn about our traditions and culture.",in stock,new,45.95 AED,https://thegreenroasteries.com/product/brazil,https://res.cloudinary.com/dgcexgq5g/image/upload/v1751636515/greenroasteries/variations/variations/ARABICA-Brazil_var_0c803d31-d17e-436d-8c6a-05a25c16cd1f.webp,Green Roasteries,"Food, Beverages & Tobacco > Beverages > Coffee",ARABIC COFFEE,https://res.cloudinary.com/dgcexgq5g/image/upload/v1751636722/greenroasteries/gallery/gallery/ARABICA-Brazil_img_095eda2a-7036-4fa9-b43a-984da71ab8ec.webp,,8bb07130-5531-4201-a8e6-d949948e5508,Brown,250g,Coffee,unisex,adult,en,Brazil,ARABIC COFFEE,cardamom,Ground grains
5d3c573d-fbaa-4506-9443-1d25be2ccf74_en,Brazil - 1000g  cardamom & saffron Ground grains,"We are proud of the flavor of Emirati Arabic coffee, prepared according to its origins, from selecting green coffee beans and roasting them with love until adding cardamom and saffron. Enjoy a unique experience to learn about our traditions and culture.",in stock,new,165.00 AED,https://thegreenroasteries.com/product/brazil,https://res.cloudinary.com/dgcexgq5g/image/upload/v1751636520/greenroasteries/variations/variations/ARABICA-Brazil_var_5d3c573d-fbaa-4506-9443-1d25be2ccf74.webp,Green Roasteries,"Food, Beverages & Tobacco > Beverages > Coffee",ARABIC COFFEE,https://res.cloudinary.com/dgcexgq5g/image/upload/v1751636722/greenroasteries/gallery/gallery/ARABICA-Brazil_img_095eda2a-7036-4fa9-b43a-984da71ab8ec.webp,,8bb07130-5531-4201-a8e6-d949948e5508,Brown,1000g,Coffee,unisex,adult,en,Brazil,ARABIC COFFEE, cardamom & saffron,Ground grains
59e5e0ad-cfc6-46fb-88d4-d8e1e43979d0_en,Brazil - 250g saffron Ground grains,"We are proud of the flavor of Emirati Arabic coffee, prepared according to its origins, from selecting green coffee beans and roasting them with love until adding cardamom and saffron. Enjoy a unique experience to learn about our traditions and culture.",in stock,new,43.95 AED,https://thegreenroasteries.com/product/brazil,https://res.cloudinary.com/dgcexgq5g/image/upload/v1751636526/greenroasteries/variations/variations/ARABICA-Brazil_var_59e5e0ad-cfc6-46fb-88d4-d8e1e43979d0.webp,Green Roasteries,"Food, Beverages & Tobacco > Beverages > Coffee",ARABIC COFFEE,https://res.cloudinary.com/dgcexgq5g/image/upload/v1751636722/greenroasteries/gallery/gallery/ARABICA-Brazil_img_095eda2a-7036-4fa9-b43a-984da71ab8ec.webp,,8bb07130-5531-4201-a8e6-d949948e5508,Brown,250g,Coffee,unisex,adult,en,Brazil,ARABIC COFFEE,saffron,Ground grains
0828fe76-0d79-456a-9b2e-27ddceaa4314_en,Brazil - 250g  cardamom & saffron Ground grains,"We are proud of the flavor of Emirati Arabic coffee, prepared according to its origins, from selecting green coffee beans and roasting them with love until adding cardamom and saffron. Enjoy a unique experience to learn about our traditions and culture.",in stock,new,55.95 AED,https://thegreenroasteries.com/product/brazil,https://res.cloudinary.com/dgcexgq5g/image/upload/v1751636532/greenroasteries/variations/variations/ARABICA-Brazil_var_0828fe76-0d79-456a-9b2e-27ddceaa4314.webp,Green Roasteries,"Food, Beverages & Tobacco > Beverages > Coffee",ARABIC COFFEE,https://res.cloudinary.com/dgcexgq5g/image/upload/v1751636722/greenroasteries/gallery/gallery/ARABICA-Brazil_img_095eda2a-7036-4fa9-b43a-984da71ab8ec.webp,,8bb07130-5531-4201-a8e6-d949948e5508,Brown,250g,Coffee,unisex,adult,en,Brazil,ARABIC COFFEE, cardamom & saffron,Ground grains
09b367ed-201d-4a12-a543-b140a82d6a94_en,Brazil - 1000g cardamom whole beans,"We are proud of the flavor of Emirati Arabic coffee, prepared according to its origins, from selecting green coffee beans and roasting them with love until adding cardamom and saffron. Enjoy a unique experience to learn about our traditions and culture.",in stock,new,174.00 AED,https://thegreenroasteries.com/product/brazil,https://res.cloudinary.com/dgcexgq5g/image/upload/v1751636667/greenroasteries/variations/variations/ARABICA-Brazil_var_09b367ed-201d-4a12-a543-b140a82d6a94.webp,Green Roasteries,"Food, Beverages & Tobacco > Beverages > Coffee",ARABIC COFFEE,https://res.cloudinary.com/dgcexgq5g/image/upload/v1751636722/greenroasteries/gallery/gallery/ARABICA-Brazil_img_095eda2a-7036-4fa9-b43a-984da71ab8ec.webp,,8bb07130-5531-4201-a8e6-d949948e5508,Brown,1000g,Coffee,unisex,adult,en,Brazil,ARABIC COFFEE,cardamom,whole beans
32df07ae-ba76-459c-86ea-b2fe5ea4bbac_en,Brazil - 1000g saffron Ground grains,"We are proud of the flavor of Emirati Arabic coffee, prepared according to its origins, from selecting green coffee beans and roasting them with love until adding cardamom and saffron. Enjoy a unique experience to learn about our traditions and culture.",in stock,new,156.00 AED,https://thegreenroasteries.com/product/brazil,https://res.cloudinary.com/dgcexgq5g/image/upload/v1751636669/greenroasteries/variations/variations/ARABICA-Brazil_var_32df07ae-ba76-459c-86ea-b2fe5ea4bbac.webp,Green Roasteries,"Food, Beverages & Tobacco > Beverages > Coffee",ARABIC COFFEE,https://res.cloudinary.com/dgcexgq5g/image/upload/v1751636722/greenroasteries/gallery/gallery/ARABICA-Brazil_img_095eda2a-7036-4fa9-b43a-984da71ab8ec.webp,,8bb07130-5531-4201-a8e6-d949948e5508,Brown,1000g,Coffee,unisex,adult,en,Brazil,ARABIC COFFEE,saffron,Ground grains
ba289b9a-6339-4e7b-9c06-f9ae7e6c1dae_ar,برازيـــل - 500g هيل حبوب كاملة,نفخر بنكهة القهوة العربية اإلماراتية المحضرة حسب أصولها، بدءا من انتقاء حبوب البن الخضراء وتحميصها بكل حب حتى ً إضافة الهيل والزعفران، استمتع بتجربة فريدة للتعرف على تقاليدنا وثقافتنا.,in stock,new,79.95 AED,https://thegreenroasteries.com/product/brazil?lang=ar,https://res.cloudinary.com/dgcexgq5g/image/upload/v1751636359/greenroasteries/variations/variations/ARABICA-Brazil_var_ba289b9a-6339-4e7b-9c06-f9ae7e6c1dae.webp,المحامص الخضراء,"Food, Beverages & Tobacco > Beverages > Coffee",القهوة العربية,https://res.cloudinary.com/dgcexgq5g/image/upload/v1751636722/greenroasteries/gallery/gallery/ARABICA-Brazil_img_095eda2a-7036-4fa9-b43a-984da71ab8ec.webp,,8bb07130-5531-4201-a8e6-d949948e5508,Brown,500g,قهوة,unisex,adult,ar,Brazil,القهوة العربية,هيل,حبوب كاملة
faebcf18-7cd2-4bf5-8278-c20a7bc16c5a_ar,برازيـــل - 1000g هيل حبوب مطحونة,نفخر بنكهة القهوة العربية اإلماراتية المحضرة حسب أصولها، بدءا من انتقاء حبوب البن الخضراء وتحميصها بكل حب حتى ً إضافة الهيل والزعفران، استمتع بتجربة فريدة للتعرف على تقاليدنا وثقافتنا.,in stock,new,174.00 AED,https://thegreenroasteries.com/product/brazil?lang=ar,https://res.cloudinary.com/dgcexgq5g/image/upload/v1751636373/greenroasteries/variations/variations/ARABICA-Brazil_var_faebcf18-7cd2-4bf5-8278-c20a7bc16c5a.webp,المحامص الخضراء,"Food, Beverages & Tobacco > Beverages > Coffee",القهوة العربية,https://res.cloudinary.com/dgcexgq5g/image/upload/v1751636722/greenroasteries/gallery/gallery/ARABICA-Brazil_img_095eda2a-7036-4fa9-b43a-984da71ab8ec.webp,,8bb07130-5531-4201-a8e6-d949948e5508,Brown,1000g,قهوة,unisex,adult,ar,Brazil,القهوة العربية,هيل,حبوب مطحونة
c6c3b5cf-09dd-4940-b658-ac8ac7387ce8_ar,برازيـــل - 250g هيل حبوب كاملة,نفخر بنكهة القهوة العربية اإلماراتية المحضرة حسب أصولها، بدءا من انتقاء حبوب البن الخضراء وتحميصها بكل حب حتى ً إضافة الهيل والزعفران، استمتع بتجربة فريدة للتعرف على تقاليدنا وثقافتنا.,in stock,new,45.95 AED,https://thegreenroasteries.com/product/brazil?lang=ar,https://res.cloudinary.com/dgcexgq5g/image/upload/v1751636416/greenroasteries/variations/variations/ARABICA-Brazil_var_c6c3b5cf-09dd-4940-b658-ac8ac7387ce8.webp,المحامص الخضراء,"Food, Beverages & Tobacco > Beverages > Coffee",القهوة العربية,https://res.cloudinary.com/dgcexgq5g/image/upload/v1751636722/greenroasteries/gallery/gallery/ARABICA-Brazil_img_095eda2a-7036-4fa9-b43a-984da71ab8ec.webp,,8bb07130-5531-4201-a8e6-d949948e5508,Brown,250g,قهوة,unisex,adult,ar,Brazil,القهوة العربية,هيل,حبوب كاملة
120ead2e-03a9-4ec8-8e87-2abccef261c0_ar,برازيـــل - 250g زعفران حبوب كاملة,نفخر بنكهة القهوة العربية اإلماراتية المحضرة حسب أصولها، بدءا من انتقاء حبوب البن الخضراء وتحميصها بكل حب حتى ً إضافة الهيل والزعفران، استمتع بتجربة فريدة للتعرف على تقاليدنا وثقافتنا.,in stock,new,43.95 AED,https://thegreenroasteries.com/product/brazil?lang=ar,https://res.cloudinary.com/dgcexgq5g/image/upload/v1751636519/greenroasteries/variations/variations/ARABICA-Brazil_var_120ead2e-03a9-4ec8-8e87-2abccef261c0.webp,المحامص الخضراء,"Food, Beverages & Tobacco > Beverages > Coffee",القهوة العربية,https://res.cloudinary.com/dgcexgq5g/image/upload/v1751636722/greenroasteries/gallery/gallery/ARABICA-Brazil_img_095eda2a-7036-4fa9-b43a-984da71ab8ec.webp,,8bb07130-5531-4201-a8e6-d949948e5508,Brown,250g,قهوة,unisex,adult,ar,Brazil,القهوة العربية,زعفران,حبوب كاملة
aa382756-5734-48da-98ec-c87524fd6092_ar,برازيـــل - 500g هيل و زعفران حبوب مطحونة,نفخر بنكهة القهوة العربية اإلماراتية المحضرة حسب أصولها، بدءا من انتقاء حبوب البن الخضراء وتحميصها بكل حب حتى ً إضافة الهيل والزعفران، استمتع بتجربة فريدة للتعرف على تقاليدنا وثقافتنا.,in stock,new,96.00 AED,https://thegreenroasteries.com/product/brazil?lang=ar,https://res.cloudinary.com/dgcexgq5g/image/upload/v1751636521/greenroasteries/variations/variations/ARABICA-Brazil_var_aa382756-5734-48da-98ec-c87524fd6092.webp,المحامص الخضراء,"Food, Beverages & Tobacco > Beverages > Coffee",القهوة العربية,https://res.cloudinary.com/dgcexgq5g/image/upload/v1751636722/greenroasteries/gallery/gallery/ARABICA-Brazil_img_095eda2a-7036-4fa9-b43a-984da71ab8ec.webp,,8bb07130-5531-4201-a8e6-d949948e5508,Brown,500g,قهوة,unisex,adult,ar,Brazil,القهوة العربية,هيل و زعفران,حبوب مطحونة
cdd74ae7-0d0d-405e-91ba-da9708601d4e_ar,برازيـــل - 1000g زعفران حبوب كاملة,نفخر بنكهة القهوة العربية اإلماراتية المحضرة حسب أصولها، بدءا من انتقاء حبوب البن الخضراء وتحميصها بكل حب حتى ً إضافة الهيل والزعفران، استمتع بتجربة فريدة للتعرف على تقاليدنا وثقافتنا.,in stock,new,156.00 AED,https://thegreenroasteries.com/product/brazil?lang=ar,https://res.cloudinary.com/dgcexgq5g/image/upload/v1751636522/greenroasteries/variations/variations/ARABICA-Brazil_var_cdd74ae7-0d0d-405e-91ba-da9708601d4e.webp,المحامص الخضراء,"Food, Beverages & Tobacco > Beverages > Coffee",القهوة العربية,https://res.cloudinary.com/dgcexgq5g/image/upload/v1751636722/greenroasteries/gallery/gallery/ARABICA-Brazil_img_095eda2a-7036-4fa9-b43a-984da71ab8ec.webp,,8bb07130-5531-4201-a8e6-d949948e5508,Brown,1000g,قهوة,unisex,adult,ar,Brazil,القهوة العربية,زعفران,حبوب كاملة
27f6b9fe-4823-4253-9794-a30db9c58415_ar,برازيـــل - 250g هيل و زعفران حبوب كاملة,نفخر بنكهة القهوة العربية اإلماراتية المحضرة حسب أصولها، بدءا من انتقاء حبوب البن الخضراء وتحميصها بكل حب حتى ً إضافة الهيل والزعفران، استمتع بتجربة فريدة للتعرف على تقاليدنا وثقافتنا.,in stock,new,55.95 AED,https://thegreenroasteries.com/product/brazil?lang=ar,https://res.cloudinary.com/dgcexgq5g/image/upload/v1751636524/greenroasteries/variations/variations/ARABICA-Brazil_var_27f6b9fe-4823-4253-9794-a30db9c58415.webp,المحامص الخضراء,"Food, Beverages & Tobacco > Beverages > Coffee",القهوة العربية,https://res.cloudinary.com/dgcexgq5g/image/upload/v1751636722/greenroasteries/gallery/gallery/ARABICA-Brazil_img_095eda2a-7036-4fa9-b43a-984da71ab8ec.webp,,8bb07130-5531-4201-a8e6-d949948e5508,Brown,250g,قهوة,unisex,adult,ar,Brazil,القهوة العربية,هيل و زعفران,حبوب كاملة
6520488d-84b1-4ec8-b528-612f8afa7fed_ar,برازيـــل - 500g زعفران حبوب كاملة,نفخر بنكهة القهوة العربية اإلماراتية المحضرة حسب أصولها، بدءا من انتقاء حبوب البن الخضراء وتحميصها بكل حب حتى ً إضافة الهيل والزعفران، استمتع بتجربة فريدة للتعرف على تقاليدنا وثقافتنا.,in stock,new,89.95 AED,https://thegreenroasteries.com/product/brazil?lang=ar,https://res.cloudinary.com/dgcexgq5g/image/upload/v1751636525/greenroasteries/variations/variations/ARABICA-Brazil_var_6520488d-84b1-4ec8-b528-612f8afa7fed.webp,المحامص الخضراء,"Food, Beverages & Tobacco > Beverages > Coffee",القهوة العربية,https://res.cloudinary.com/dgcexgq5g/image/upload/v1751636722/greenroasteries/gallery/gallery/ARABICA-Brazil_img_095eda2a-7036-4fa9-b43a-984da71ab8ec.webp,,8bb07130-5531-4201-a8e6-d949948e5508,Brown,500g,قهوة,unisex,adult,ar,Brazil,القهوة العربية,زعفران,حبوب كاملة
e9ca4489-b990-4ef1-8502-e0e97588acc9_ar,برازيـــل - 500g هيل و زعفران حبوب كاملة,نفخر بنكهة القهوة العربية اإلماراتية المحضرة حسب أصولها، بدءا من انتقاء حبوب البن الخضراء وتحميصها بكل حب حتى ً إضافة الهيل والزعفران، استمتع بتجربة فريدة للتعرف على تقاليدنا وثقافتنا.,in stock,new,96.00 AED,https://thegreenroasteries.com/product/brazil?lang=ar,https://res.cloudinary.com/dgcexgq5g/image/upload/v1751636527/greenroasteries/variations/variations/ARABICA-Brazil_var_e9ca4489-b990-4ef1-8502-e0e97588acc9.webp,المحامص الخضراء,"Food, Beverages & Tobacco > Beverages > Coffee",القهوة العربية,https://res.cloudinary.com/dgcexgq5g/image/upload/v1751636722/greenroasteries/gallery/gallery/ARABICA-Brazil_img_095eda2a-7036-4fa9-b43a-984da71ab8ec.webp,,8bb07130-5531-4201-a8e6-d949948e5508,Brown,500g,قهوة,unisex,adult,ar,Brazil,القهوة العربية,هيل و زعفران,حبوب كاملة
b3b55b51-6f3f-4edc-93a8-cb116ea6df6c_ar,برازيـــل - 1000g هيل و زعفران حبوب كاملة,نفخر بنكهة القهوة العربية اإلماراتية المحضرة حسب أصولها، بدءا من انتقاء حبوب البن الخضراء وتحميصها بكل حب حتى ً إضافة الهيل والزعفران، استمتع بتجربة فريدة للتعرف على تقاليدنا وثقافتنا.,in stock,new,165.00 AED,https://thegreenroasteries.com/product/brazil?lang=ar,https://res.cloudinary.com/dgcexgq5g/image/upload/v1751636528/greenroasteries/variations/variations/ARABICA-Brazil_var_b3b55b51-6f3f-4edc-93a8-cb116ea6df6c.webp,المحامص الخضراء,"Food, Beverages & Tobacco > Beverages > Coffee",القهوة العربية,https://res.cloudinary.com/dgcexgq5g/image/upload/v1751636722/greenroasteries/gallery/gallery/ARABICA-Brazil_img_095eda2a-7036-4fa9-b43a-984da71ab8ec.webp,,8bb07130-5531-4201-a8e6-d949948e5508,Brown,1000g,قهوة,unisex,adult,ar,Brazil,القهوة العربية,هيل و زعفران,حبوب كاملة
a0779d5d-9560-4c75-bed2-4546f5598207_ar,برازيـــل - 500g زعفران حبوب مطحونة,نفخر بنكهة القهوة العربية اإلماراتية المحضرة حسب أصولها، بدءا من انتقاء حبوب البن الخضراء وتحميصها بكل حب حتى ً إضافة الهيل والزعفران، استمتع بتجربة فريدة للتعرف على تقاليدنا وثقافتنا.,in stock,new,89.95 AED,https://thegreenroasteries.com/product/brazil?lang=ar,https://res.cloudinary.com/dgcexgq5g/image/upload/v1751636529/greenroasteries/variations/variations/ARABICA-Brazil_var_a0779d5d-9560-4c75-bed2-4546f5598207.webp,المحامص الخضراء,"Food, Beverages & Tobacco > Beverages > Coffee",القهوة العربية,https://res.cloudinary.com/dgcexgq5g/image/upload/v1751636722/greenroasteries/gallery/gallery/ARABICA-Brazil_img_095eda2a-7036-4fa9-b43a-984da71ab8ec.webp,,8bb07130-5531-4201-a8e6-d949948e5508,Brown,500g,قهوة,unisex,adult,ar,Brazil,القهوة العربية,زعفران,حبوب مطحونة
ab3928d1-3847-48dc-bc24-b8723180de0d_ar,برازيـــل - 500g هيل حبوب مطحونة,نفخر بنكهة القهوة العربية اإلماراتية المحضرة حسب أصولها، بدءا من انتقاء حبوب البن الخضراء وتحميصها بكل حب حتى ً إضافة الهيل والزعفران، استمتع بتجربة فريدة للتعرف على تقاليدنا وثقافتنا.,in stock,new,79.95 AED,https://thegreenroasteries.com/product/brazil?lang=ar,https://res.cloudinary.com/dgcexgq5g/image/upload/v1751636357/greenroasteries/variations/variations/ARABICA-Brazil_var_ab3928d1-3847-48dc-bc24-b8723180de0d.webp,المحامص الخضراء,"Food, Beverages & Tobacco > Beverages > Coffee",القهوة العربية,https://res.cloudinary.com/dgcexgq5g/image/upload/v1751636722/greenroasteries/gallery/gallery/ARABICA-Brazil_img_095eda2a-7036-4fa9-b43a-984da71ab8ec.webp,,8bb07130-5531-4201-a8e6-d949948e5508,Brown,500g,قهوة,unisex,adult,ar,Brazil,القهوة العربية,هيل,حبوب مطحونة
0c803d31-d17e-436d-8c6a-05a25c16cd1f_ar,برازيـــل - 250g هيل حبوب مطحونة,نفخر بنكهة القهوة العربية اإلماراتية المحضرة حسب أصولها، بدءا من انتقاء حبوب البن الخضراء وتحميصها بكل حب حتى ً إضافة الهيل والزعفران، استمتع بتجربة فريدة للتعرف على تقاليدنا وثقافتنا.,in stock,new,45.95 AED,https://thegreenroasteries.com/product/brazil?lang=ar,https://res.cloudinary.com/dgcexgq5g/image/upload/v1751636515/greenroasteries/variations/variations/ARABICA-Brazil_var_0c803d31-d17e-436d-8c6a-05a25c16cd1f.webp,المحامص الخضراء,"Food, Beverages & Tobacco > Beverages > Coffee",القهوة العربية,https://res.cloudinary.com/dgcexgq5g/image/upload/v1751636722/greenroasteries/gallery/gallery/ARABICA-Brazil_img_095eda2a-7036-4fa9-b43a-984da71ab8ec.webp,,8bb07130-5531-4201-a8e6-d949948e5508,Brown,250g,قهوة,unisex,adult,ar,Brazil,القهوة العربية,هيل,حبوب مطحونة
5d3c573d-fbaa-4506-9443-1d25be2ccf74_ar,برازيـــل - 1000g هيل و زعفران حبوب مطحونة,نفخر بنكهة القهوة العربية اإلماراتية المحضرة حسب أصولها، بدءا من انتقاء حبوب البن الخضراء وتحميصها بكل حب حتى ً إضافة الهيل والزعفران، استمتع بتجربة فريدة للتعرف على تقاليدنا وثقافتنا.,in stock,new,165.00 AED,https://thegreenroasteries.com/product/brazil?lang=ar,https://res.cloudinary.com/dgcexgq5g/image/upload/v1751636520/greenroasteries/variations/variations/ARABICA-Brazil_var_5d3c573d-fbaa-4506-9443-1d25be2ccf74.webp,المحامص الخضراء,"Food, Beverages & Tobacco > Beverages > Coffee",القهوة العربية,https://res.cloudinary.com/dgcexgq5g/image/upload/v1751636722/greenroasteries/gallery/gallery/ARABICA-Brazil_img_095eda2a-7036-4fa9-b43a-984da71ab8ec.webp,,8bb07130-5531-4201-a8e6-d949948e5508,Brown,1000g,قهوة,unisex,adult,ar,Brazil,القهوة العربية,هيل و زعفران,حبوب مطحونة
59e5e0ad-cfc6-46fb-88d4-d8e1e43979d0_ar,برازيـــل - 250g زعفران حبوب مطحونة,نفخر بنكهة القهوة العربية اإلماراتية المحضرة حسب أصولها، بدءا من انتقاء حبوب البن الخضراء وتحميصها بكل حب حتى ً إضافة الهيل والزعفران، استمتع بتجربة فريدة للتعرف على تقاليدنا وثقافتنا.,in stock,new,43.95 AED,https://thegreenroasteries.com/product/brazil?lang=ar,https://res.cloudinary.com/dgcexgq5g/image/upload/v1751636526/greenroasteries/variations/variations/ARABICA-Brazil_var_59e5e0ad-cfc6-46fb-88d4-d8e1e43979d0.webp,المحامص الخضراء,"Food, Beverages & Tobacco > Beverages > Coffee",القهوة العربية,https://res.cloudinary.com/dgcexgq5g/image/upload/v1751636722/greenroasteries/gallery/gallery/ARABICA-Brazil_img_095eda2a-7036-4fa9-b43a-984da71ab8ec.webp,,8bb07130-5531-4201-a8e6-d949948e5508,Brown,250g,قهوة,unisex,adult,ar,Brazil,القهوة العربية,زعفران,حبوب مطحونة
0828fe76-0d79-456a-9b2e-27ddceaa4314_ar,برازيـــل - 250g هيل و زعفران حبوب مطحونة,نفخر بنكهة القهوة العربية اإلماراتية المحضرة حسب أصولها، بدءا من انتقاء حبوب البن الخضراء وتحميصها بكل حب حتى ً إضافة الهيل والزعفران، استمتع بتجربة فريدة للتعرف على تقاليدنا وثقافتنا.,in stock,new,55.95 AED,https://thegreenroasteries.com/product/brazil?lang=ar,https://res.cloudinary.com/dgcexgq5g/image/upload/v1751636532/greenroasteries/variations/variations/ARABICA-Brazil_var_0828fe76-0d79-456a-9b2e-27ddceaa4314.webp,المحامص الخضراء,"Food, Beverages & Tobacco > Beverages > Coffee",القهوة العربية,https://res.cloudinary.com/dgcexgq5g/image/upload/v1751636722/greenroasteries/gallery/gallery/ARABICA-Brazil_img_095eda2a-7036-4fa9-b43a-984da71ab8ec.webp,,8bb07130-5531-4201-a8e6-d949948e5508,Brown,250g,قهوة,unisex,adult,ar,Brazil,القهوة العربية,هيل و زعفران,حبوب مطحونة
09b367ed-201d-4a12-a543-b140a82d6a94_ar,برازيـــل - 1000g هيل حبوب كاملة,نفخر بنكهة القهوة العربية اإلماراتية المحضرة حسب أصولها، بدءا من انتقاء حبوب البن الخضراء وتحميصها بكل حب حتى ً إضافة الهيل والزعفران، استمتع بتجربة فريدة للتعرف على تقاليدنا وثقافتنا.,in stock,new,174.00 AED,https://thegreenroasteries.com/product/brazil?lang=ar,https://res.cloudinary.com/dgcexgq5g/image/upload/v1751636667/greenroasteries/variations/variations/ARABICA-Brazil_var_09b367ed-201d-4a12-a543-b140a82d6a94.webp,المحامص الخضراء,"Food, Beverages & Tobacco > Beverages > Coffee",القهوة العربية,https://res.cloudinary.com/dgcexgq5g/image/upload/v1751636722/greenroasteries/gallery/gallery/ARABICA-Brazil_img_095eda2a-7036-4fa9-b43a-984da71ab8ec.webp,,8bb07130-5531-4201-a8e6-d949948e5508,Brown,1000g,قهوة,unisex,adult,ar,Brazil,القهوة العربية,هيل,حبوب كاملة
32df07ae-ba76-459c-86ea-b2fe5ea4bbac_ar,برازيـــل - 1000g زعفران حبوب مطحونة,نفخر بنكهة القهوة العربية اإلماراتية المحضرة حسب أصولها، بدءا من انتقاء حبوب البن الخضراء وتحميصها بكل حب حتى ً إضافة الهيل والزعفران، استمتع بتجربة فريدة للتعرف على تقاليدنا وثقافتنا.,in stock,new,156.00 AED,https://thegreenroasteries.com/product/brazil?lang=ar,https://res.cloudinary.com/dgcexgq5g/image/upload/v1751636669/greenroasteries/variations/variations/ARABICA-Brazil_var_32df07ae-ba76-459c-86ea-b2fe5ea4bbac.webp,المحامص الخضراء,"Food, Beverages & Tobacco > Beverages > Coffee",القهوة العربية,https://res.cloudinary.com/dgcexgq5g/image/upload/v1751636722/greenroasteries/gallery/gallery/ARABICA-Brazil_img_095eda2a-7036-4fa9-b43a-984da71ab8ec.webp,,8bb07130-5531-4201-a8e6-d949948e5508,Brown,1000g,قهوة,unisex,adult,ar,Brazil,القهوة العربية,زعفران,حبوب مطحونة
2e8a1794-41f1-4f9d-acc9-8372d7ac0222_en,Brazilian almond - 500g,"Savor the classic crunch of our Premium Roasted Peanut Kernels. Carefully shelled, dry-roasted to a golden brown, and lightly seasoned with just the right amount of sea salt, these whole peanut halves deliver unbeatable flavor and texture. Perfect for snacking straight from the jar, tossing into trail mix, or adding a protein-packed punch to salads and stir-fries. Rich in plant-based protein, fiber, and heart-healthy unsaturated fats, they’re a nutritious treat that keeps you energized all day long.",in stock,new,67.95 AED,https://thegreenroasteries.com/product/brazilian-almond,https://res.cloudinary.com/dgcexgq5g/image/upload/v1751636294/greenroasteries/products/products/WLT-NW.webp,Green Roasteries,"Food, Beverages & Tobacco > Food Items > Snack Foods > Nuts & Seeds",NUTS & DRIED FRUITS,,,bdbda3e8-9ec7-42ba-8e46-18c1995f305d,Brown,500g,Coffee,unisex,adult,en,Premium Origin,NUTS & DRIED FRUITS,Medium Roast,Arabica Beans
0ad957e8-406c-497a-85df-35f11195a9f5_en,Brazilian almond - 1000g,"Savor the classic crunch of our Premium Roasted Peanut Kernels. Carefully shelled, dry-roasted to a golden brown, and lightly seasoned with just the right amount of sea salt, these whole peanut halves deliver unbeatable flavor and texture. Perfect for snacking straight from the jar, tossing into trail mix, or adding a protein-packed punch to salads and stir-fries. Rich in plant-based protein, fiber, and heart-healthy unsaturated fats, they’re a nutritious treat that keeps you energized all day long.",in stock,new,171.95 AED,https://thegreenroasteries.com/product/brazilian-almond,https://res.cloudinary.com/dgcexgq5g/image/upload/v1751636294/greenroasteries/products/products/WLT-NW.webp,Green Roasteries,"Food, Beverages & Tobacco > Food Items > Snack Foods > Nuts & Seeds",NUTS & DRIED FRUITS,,,bdbda3e8-9ec7-42ba-8e46-18c1995f305d,Brown,1000g,Coffee,unisex,adult,en,Premium Origin,NUTS & DRIED FRUITS,Medium Roast,Arabica Beans
f3175a8a-a881-4df4-ad54-1d7fe4728406_en,Brazilian almond - 250g,"Savor the classic crunch of our Premium Roasted Peanut Kernels. Carefully shelled, dry-roasted to a golden brown, and lightly seasoned with just the right amount of sea salt, these whole peanut halves deliver unbeatable flavor and texture. Perfect for snacking straight from the jar, tossing into trail mix, or adding a protein-packed punch to salads and stir-fries. Rich in plant-based protein, fiber, and heart-healthy unsaturated fats, they’re a nutritious treat that keeps you energized all day long.",in stock,new,49.95 AED,https://thegreenroasteries.com/product/brazilian-almond,https://res.cloudinary.com/dgcexgq5g/image/upload/v1751636294/greenroasteries/products/products/WLT-NW.webp,Green Roasteries,"Food, Beverages & Tobacco > Food Items > Snack Foods > Nuts & Seeds",NUTS & DRIED FRUITS,,,bdbda3e8-9ec7-42ba-8e46-18c1995f305d,Brown,250g,Coffee,unisex,adult,en,Premium Origin,NUTS & DRIED FRUITS,Medium Roast,Arabica Beans
2e8a1794-41f1-4f9d-acc9-8372d7ac0222_ar,اللوز البرازيلي - 500g,استمتع بالقرمشة الكلاسيكية لنواة الفول السوداني المحمصة الفاخرة. مُقشّرة بعناية، ومحمصة جافّة حتى تحوّلها إلى اللون الذهبي، ومرشوشة بملح البحر بكميات تضمن التوازن المثالي في النكهة. تقدم هذه الأنصاف الكاملة طعماً وملمساً لا يُضاهى، مثالية للتناول مباشرةً، أو لإضافتها لمزيج المكسرات والفواكه المجففة، أو لإثراء السلطات والأطباق السريعة بالبروتين. غنية بالبروتين النباتي، والألياف، والدهون غير المشبعة المفيدة للقلب، لتكون وجبة صحية تمنحك الحيوية طوال اليوم.,in stock,new,67.95 AED,https://thegreenroasteries.com/product/brazilian-almond?lang=ar,https://res.cloudinary.com/dgcexgq5g/image/upload/v1751636294/greenroasteries/products/products/WLT-NW.webp,المحامص الخضراء,"Food, Beverages & Tobacco > Beverages > Coffee",مكسرات وفواكه مجففة,,,bdbda3e8-9ec7-42ba-8e46-18c1995f305d,Brown,500g,قهوة,unisex,adult,ar,أصل مميز,مكسرات وفواكه مجففة,تحميص متوسط,حبوب عربية
0ad957e8-406c-497a-85df-35f11195a9f5_ar,اللوز البرازيلي - 1000g,استمتع بالقرمشة الكلاسيكية لنواة الفول السوداني المحمصة الفاخرة. مُقشّرة بعناية، ومحمصة جافّة حتى تحوّلها إلى اللون الذهبي، ومرشوشة بملح البحر بكميات تضمن التوازن المثالي في النكهة. تقدم هذه الأنصاف الكاملة طعماً وملمساً لا يُضاهى، مثالية للتناول مباشرةً، أو لإضافتها لمزيج المكسرات والفواكه المجففة، أو لإثراء السلطات والأطباق السريعة بالبروتين. غنية بالبروتين النباتي، والألياف، والدهون غير المشبعة المفيدة للقلب، لتكون وجبة صحية تمنحك الحيوية طوال اليوم.,in stock,new,171.95 AED,https://thegreenroasteries.com/product/brazilian-almond?lang=ar,https://res.cloudinary.com/dgcexgq5g/image/upload/v1751636294/greenroasteries/products/products/WLT-NW.webp,المحامص الخضراء,"Food, Beverages & Tobacco > Beverages > Coffee",مكسرات وفواكه مجففة,,,bdbda3e8-9ec7-42ba-8e46-18c1995f305d,Brown,1000g,قهوة,unisex,adult,ar,أصل مميز,مكسرات وفواكه مجففة,تحميص متوسط,حبوب عربية
f3175a8a-a881-4df4-ad54-1d7fe4728406_ar,اللوز البرازيلي - 250g,استمتع بالقرمشة الكلاسيكية لنواة الفول السوداني المحمصة الفاخرة. مُقشّرة بعناية، ومحمصة جافّة حتى تحوّلها إلى اللون الذهبي، ومرشوشة بملح البحر بكميات تضمن التوازن المثالي في النكهة. تقدم هذه الأنصاف الكاملة طعماً وملمساً لا يُضاهى، مثالية للتناول مباشرةً، أو لإضافتها لمزيج المكسرات والفواكه المجففة، أو لإثراء السلطات والأطباق السريعة بالبروتين. غنية بالبروتين النباتي، والألياف، والدهون غير المشبعة المفيدة للقلب، لتكون وجبة صحية تمنحك الحيوية طوال اليوم.,in stock,new,49.95 AED,https://thegreenroasteries.com/product/brazilian-almond?lang=ar,https://res.cloudinary.com/dgcexgq5g/image/upload/v1751636294/greenroasteries/products/products/WLT-NW.webp,المحامص الخضراء,"Food, Beverages & Tobacco > Beverages > Coffee",مكسرات وفواكه مجففة,,,bdbda3e8-9ec7-42ba-8e46-18c1995f305d,Brown,250g,قهوة,unisex,adult,ar,أصل مميز,مكسرات وفواكه مجففة,تحميص متوسط,حبوب عربية
835404b5-ce43-4e2b-a684-c286af7a8cb4_en,Cheese Crunchy Peanuts - 250g,"These Spicy Crunchy Peanuts take the classic peanut to new heights with a bold, golden-orange savory coating that delivers an addictive crunch and a kick of heat in every bite. Each peanut is perfectly roasted, then dusted in a proprietary blend of spices—paprika, chili powder, garlic, and a hint of citrus—to balance smoky, spicy, and tangy notes. Ideal for snacking on their own, pairing with cold beverages, or scattering atop salads for a zesty texture boost. They’re a fun, flavor-packed treat that’s hard to stop once you start!",in stock,new,13.95 AED,https://thegreenroasteries.com/product/cheese-crunchy-peanuts,https://res.cloudinary.com/dgcexgq5g/image/upload/v1751636652/greenroasteries/variations/variations/NT-SP_var_835404b5-ce43-4e2b-a684-c286af7a8cb4.webp,Green Roasteries,"Food, Beverages & Tobacco > Food Items > Snack Foods > Nuts & Seeds",NUTS & DRIED FRUITS,https://res.cloudinary.com/dgcexgq5g/image/upload/v1751636792/greenroasteries/gallery/gallery/NT-SP_img_aa93d02e-22f4-49cb-88ab-5fd849e22f74.webp,,af32fa45-ed79-4cf1-8676-c46568ed9272,Brown,250g,Coffee,unisex,adult,en,Premium Origin,NUTS & DRIED FRUITS,Medium Roast,Arabica Beans
d059aaa1-ba02-4346-aa09-319c35285d6d_en,Cheese Crunchy Peanuts - 500g,"These Spicy Crunchy Peanuts take the classic peanut to new heights with a bold, golden-orange savory coating that delivers an addictive crunch and a kick of heat in every bite. Each peanut is perfectly roasted, then dusted in a proprietary blend of spices—paprika, chili powder, garlic, and a hint of citrus—to balance smoky, spicy, and tangy notes. Ideal for snacking on their own, pairing with cold beverages, or scattering atop salads for a zesty texture boost. They’re a fun, flavor-packed treat that’s hard to stop once you start!",in stock,new,24.95 AED,https://thegreenroasteries.com/product/cheese-crunchy-peanuts,https://res.cloudinary.com/dgcexgq5g/image/upload/v1751636657/greenroasteries/variations/variations/NT-SP_var_d059aaa1-ba02-4346-aa09-319c35285d6d.webp,Green Roasteries,"Food, Beverages & Tobacco > Food Items > Snack Foods > Nuts & Seeds",NUTS & DRIED FRUITS,https://res.cloudinary.com/dgcexgq5g/image/upload/v1751636792/greenroasteries/gallery/gallery/NT-SP_img_aa93d02e-22f4-49cb-88ab-5fd849e22f74.webp,,af32fa45-ed79-4cf1-8676-c46568ed9272,Brown,500g,Coffee,unisex,adult,en,Premium Origin,NUTS & DRIED FRUITS,Medium Roast,Arabica Beans
120840f2-3d3f-4d4a-8e36-73599eb16478_en,Cheese Crunchy Peanuts - 1000g,"These Spicy Crunchy Peanuts take the classic peanut to new heights with a bold, golden-orange savory coating that delivers an addictive crunch and a kick of heat in every bite. Each peanut is perfectly roasted, then dusted in a proprietary blend of spices—paprika, chili powder, garlic, and a hint of citrus—to balance smoky, spicy, and tangy notes. Ideal for snacking on their own, pairing with cold beverages, or scattering atop salads for a zesty texture boost. They’re a fun, flavor-packed treat that’s hard to stop once you start!",in stock,new,42.95 AED,https://thegreenroasteries.com/product/cheese-crunchy-peanuts,https://res.cloudinary.com/dgcexgq5g/image/upload/v1751636660/greenroasteries/variations/variations/NT-SP_var_120840f2-3d3f-4d4a-8e36-73599eb16478.webp,Green Roasteries,"Food, Beverages & Tobacco > Food Items > Snack Foods > Nuts & Seeds",NUTS & DRIED FRUITS,https://res.cloudinary.com/dgcexgq5g/image/upload/v1751636792/greenroasteries/gallery/gallery/NT-SP_img_aa93d02e-22f4-49cb-88ab-5fd849e22f74.webp,,af32fa45-ed79-4cf1-8676-c46568ed9272,Brown,1000g,Coffee,unisex,adult,en,Premium Origin,NUTS & DRIED FRUITS,Medium Roast,Arabica Beans
835404b5-ce43-4e2b-a684-c286af7a8cb4_ar,فول سوداني مقرمش بالجبن - 250g,يقدم هذا الفول السوداني المقرمش والمتبل تجربة فريدة مع طلاء خارجي ذهبي برتقالي يُضفي قرمشة لا تُقاوم ولمسة من الحارة مع كل قضمة. تُحمّص حبات الفول بعناية ثم تُغلف بخليط خاص من التوابل—بابريكا، مسحوق الفلفل الحار، ثوم مسحوق، ورشة من الحمضيات—لتوازن بين النكهات المدخنة والحارة والحامضة. مثالية للتناول بمفردها، أو مع المشروبات الباردة، أو لإضفاء لمسة مميزة على السلطات. وجبة خفيفة ممتعة ومليئة بالنكهات تجعل من الصعب التوقف عن التهامها!,in stock,new,13.95 AED,https://thegreenroasteries.com/product/cheese-crunchy-peanuts?lang=ar,https://res.cloudinary.com/dgcexgq5g/image/upload/v1751636652/greenroasteries/variations/variations/NT-SP_var_835404b5-ce43-4e2b-a684-c286af7a8cb4.webp,المحامص الخضراء,"Food, Beverages & Tobacco > Beverages > Coffee",مكسرات وفواكه مجففة,https://res.cloudinary.com/dgcexgq5g/image/upload/v1751636792/greenroasteries/gallery/gallery/NT-SP_img_aa93d02e-22f4-49cb-88ab-5fd849e22f74.webp,,af32fa45-ed79-4cf1-8676-c46568ed9272,Brown,250g,قهوة,unisex,adult,ar,أصل مميز,مكسرات وفواكه مجففة,تحميص متوسط,حبوب عربية
d059aaa1-ba02-4346-aa09-319c35285d6d_ar,فول سوداني مقرمش بالجبن - 500g,يقدم هذا الفول السوداني المقرمش والمتبل تجربة فريدة مع طلاء خارجي ذهبي برتقالي يُضفي قرمشة لا تُقاوم ولمسة من الحارة مع كل قضمة. تُحمّص حبات الفول بعناية ثم تُغلف بخليط خاص من التوابل—بابريكا، مسحوق الفلفل الحار، ثوم مسحوق، ورشة من الحمضيات—لتوازن بين النكهات المدخنة والحارة والحامضة. مثالية للتناول بمفردها، أو مع المشروبات الباردة، أو لإضفاء لمسة مميزة على السلطات. وجبة خفيفة ممتعة ومليئة بالنكهات تجعل من الصعب التوقف عن التهامها!,in stock,new,24.95 AED,https://thegreenroasteries.com/product/cheese-crunchy-peanuts?lang=ar,https://res.cloudinary.com/dgcexgq5g/image/upload/v1751636657/greenroasteries/variations/variations/NT-SP_var_d059aaa1-ba02-4346-aa09-319c35285d6d.webp,المحامص الخضراء,"Food, Beverages & Tobacco > Beverages > Coffee",مكسرات وفواكه مجففة,https://res.cloudinary.com/dgcexgq5g/image/upload/v1751636792/greenroasteries/gallery/gallery/NT-SP_img_aa93d02e-22f4-49cb-88ab-5fd849e22f74.webp,,af32fa45-ed79-4cf1-8676-c46568ed9272,Brown,500g,قهوة,unisex,adult,ar,أصل مميز,مكسرات وفواكه مجففة,تحميص متوسط,حبوب عربية
120840f2-3d3f-4d4a-8e36-73599eb16478_ar,فول سوداني مقرمش بالجبن - 1000g,يقدم هذا الفول السوداني المقرمش والمتبل تجربة فريدة مع طلاء خارجي ذهبي برتقالي يُضفي قرمشة لا تُقاوم ولمسة من الحارة مع كل قضمة. تُحمّص حبات الفول بعناية ثم تُغلف بخليط خاص من التوابل—بابريكا، مسحوق الفلفل الحار، ثوم مسحوق، ورشة من الحمضيات—لتوازن بين النكهات المدخنة والحارة والحامضة. مثالية للتناول بمفردها، أو مع المشروبات الباردة، أو لإضفاء لمسة مميزة على السلطات. وجبة خفيفة ممتعة ومليئة بالنكهات تجعل من الصعب التوقف عن التهامها!,in stock,new,42.95 AED,https://thegreenroasteries.com/product/cheese-crunchy-peanuts?lang=ar,https://res.cloudinary.com/dgcexgq5g/image/upload/v1751636660/greenroasteries/variations/variations/NT-SP_var_120840f2-3d3f-4d4a-8e36-73599eb16478.webp,المحامص الخضراء,"Food, Beverages & Tobacco > Beverages > Coffee",مكسرات وفواكه مجففة,https://res.cloudinary.com/dgcexgq5g/image/upload/v1751636792/greenroasteries/gallery/gallery/NT-SP_img_aa93d02e-22f4-49cb-88ab-5fd849e22f74.webp,,af32fa45-ed79-4cf1-8676-c46568ed9272,Brown,1000g,قهوة,unisex,adult,ar,أصل مميز,مكسرات وفواكه مجففة,تحميص متوسط,حبوب عربية
850028fd-f52c-461e-ab54-6d440f7bd821_en,Chili-Spiced Roasted Corn Kernels - 1000g,"Kick your snack game up a notch with our Chili-Spiced Roasted Corn Kernels. Whole corn kernels are dry-roasted until perfectly crunchy, then generously dusted with a bold blend of chili powder, smoked paprika, garlic, and a hint of sea salt. The result is an addictive, fiery crunch that delivers a satisfying snap with every bite. Enjoy straight from the bowl, toss into trail mix for extra heat, or serve alongside dips for a spicy twist.",in stock,new,39.95 AED,https://thegreenroasteries.com/product/chili-spiced-roasted-corn-kernels,https://res.cloudinary.com/dgcexgq5g/image/upload/v1751636332/greenroasteries/products/products/CRN-RS-CH.webp,Green Roasteries,"Food, Beverages & Tobacco > Food Items > Snack Foods > Nuts & Seeds",NUTS & DRIED FRUITS,,,34c747b7-1c26-4301-973e-043d63e62ac0,Brown,1000g,Coffee,unisex,adult,en,Premium Origin,NUTS & DRIED FRUITS,Medium Roast,Arabica Beans
f8e9929d-9021-45dc-a2fa-a1d275d25d67_en,Chili-Spiced Roasted Corn Kernels - 500g,"Kick your snack game up a notch with our Chili-Spiced Roasted Corn Kernels. Whole corn kernels are dry-roasted until perfectly crunchy, then generously dusted with a bold blend of chili powder, smoked paprika, garlic, and a hint of sea salt. The result is an addictive, fiery crunch that delivers a satisfying snap with every bite. Enjoy straight from the bowl, toss into trail mix for extra heat, or serve alongside dips for a spicy twist.",in stock,new,22.95 AED,https://thegreenroasteries.com/product/chili-spiced-roasted-corn-kernels,https://res.cloudinary.com/dgcexgq5g/image/upload/v1751636332/greenroasteries/products/products/CRN-RS-CH.webp,Green Roasteries,"Food, Beverages & Tobacco > Food Items > Snack Foods > Nuts & Seeds",NUTS & DRIED FRUITS,,,34c747b7-1c26-4301-973e-043d63e62ac0,Brown,500g,Coffee,unisex,adult,en,Premium Origin,NUTS & DRIED FRUITS,Medium Roast,Arabica Beans
ca595b55-7ad2-4b95-acc4-e13c8bd3692a_en,Chili-Spiced Roasted Corn Kernels - 250g,"Kick your snack game up a notch with our Chili-Spiced Roasted Corn Kernels. Whole corn kernels are dry-roasted until perfectly crunchy, then generously dusted with a bold blend of chili powder, smoked paprika, garlic, and a hint of sea salt. The result is an addictive, fiery crunch that delivers a satisfying snap with every bite. Enjoy straight from the bowl, toss into trail mix for extra heat, or serve alongside dips for a spicy twist.",in stock,new,12.95 AED,https://thegreenroasteries.com/product/chili-spiced-roasted-corn-kernels,https://res.cloudinary.com/dgcexgq5g/image/upload/v1751636332/greenroasteries/products/products/CRN-RS-CH.webp,Green Roasteries,"Food, Beverages & Tobacco > Food Items > Snack Foods > Nuts & Seeds",NUTS & DRIED FRUITS,,,34c747b7-1c26-4301-973e-043d63e62ac0,Brown,250g,Coffee,unisex,adult,en,Premium Origin,NUTS & DRIED FRUITS,Medium Roast,Arabica Beans
850028fd-f52c-461e-ab54-6d440f7bd821_ar,ذرة محمصة بتتبيلة الفلفل الحار - 1000g,ارفع مستوى وجبتك الخفيفة مع ذرة محمصة بتتبيلة الفلفل الحار. تُحمص حبات الذرة كاملة جافاً حتى تصبح مقرمشة تماماً، ثم تُغلف بسخاء بخليط قوي من مسحوق الفلفل الحار، والبابريكا المدخنة، والثوم، ولمسة من ملح البحر. النتيجة قرمشة لا تُقاوم وحراقة لذيذة في كل قضمة. استمتع بها مباشرة من الوعاء، أو أضفها إلى خليط المكسرات لزيادة التوابل، أو قدمها بجانب الصلصات لطبق جانبي حار ومميز.,in stock,new,39.95 AED,https://thegreenroasteries.com/product/chili-spiced-roasted-corn-kernels?lang=ar,https://res.cloudinary.com/dgcexgq5g/image/upload/v1751636332/greenroasteries/products/products/CRN-RS-CH.webp,المحامص الخضراء,"Food, Beverages & Tobacco > Beverages > Coffee",مكسرات وفواكه مجففة,,,34c747b7-1c26-4301-973e-043d63e62ac0,Brown,1000g,قهوة,unisex,adult,ar,أصل مميز,مكسرات وفواكه مجففة,تحميص متوسط,حبوب عربية
f8e9929d-9021-45dc-a2fa-a1d275d25d67_ar,ذرة محمصة بتتبيلة الفلفل الحار - 500g,ارفع مستوى وجبتك الخفيفة مع ذرة محمصة بتتبيلة الفلفل الحار. تُحمص حبات الذرة كاملة جافاً حتى تصبح مقرمشة تماماً، ثم تُغلف بسخاء بخليط قوي من مسحوق الفلفل الحار، والبابريكا المدخنة، والثوم، ولمسة من ملح البحر. النتيجة قرمشة لا تُقاوم وحراقة لذيذة في كل قضمة. استمتع بها مباشرة من الوعاء، أو أضفها إلى خليط المكسرات لزيادة التوابل، أو قدمها بجانب الصلصات لطبق جانبي حار ومميز.,in stock,new,22.95 AED,https://thegreenroasteries.com/product/chili-spiced-roasted-corn-kernels?lang=ar,https://res.cloudinary.com/dgcexgq5g/image/upload/v1751636332/greenroasteries/products/products/CRN-RS-CH.webp,المحامص الخضراء,"Food, Beverages & Tobacco > Beverages > Coffee",مكسرات وفواكه مجففة,,,34c747b7-1c26-4301-973e-043d63e62ac0,Brown,500g,قهوة,unisex,adult,ar,أصل مميز,مكسرات وفواكه مجففة,تحميص متوسط,حبوب عربية
ca595b55-7ad2-4b95-acc4-e13c8bd3692a_ar,ذرة محمصة بتتبيلة الفلفل الحار - 250g,ارفع مستوى وجبتك الخفيفة مع ذرة محمصة بتتبيلة الفلفل الحار. تُحمص حبات الذرة كاملة جافاً حتى تصبح مقرمشة تماماً، ثم تُغلف بسخاء بخليط قوي من مسحوق الفلفل الحار، والبابريكا المدخنة، والثوم، ولمسة من ملح البحر. النتيجة قرمشة لا تُقاوم وحراقة لذيذة في كل قضمة. استمتع بها مباشرة من الوعاء، أو أضفها إلى خليط المكسرات لزيادة التوابل، أو قدمها بجانب الصلصات لطبق جانبي حار ومميز.,in stock,new,12.95 AED,https://thegreenroasteries.com/product/chili-spiced-roasted-corn-kernels?lang=ar,https://res.cloudinary.com/dgcexgq5g/image/upload/v1751636332/greenroasteries/products/products/CRN-RS-CH.webp,المحامص الخضراء,"Food, Beverages & Tobacco > Beverages > Coffee",مكسرات وفواكه مجففة,,,34c747b7-1c26-4301-973e-043d63e62ac0,Brown,250g,قهوة,unisex,adult,ar,أصل مميز,مكسرات وفواكه مجففة,تحميص متوسط,حبوب عربية
b48c5a79-0fab-4d6e-b410-6d96bde5c65c_en,Choco Balance 54 Pieces - 830g,"A harmonious selection of five refined flavors: Dark Chocolate, Cheesecake, Almond Stick, Rocky Road, and Pistachio Cream. 54 pieces that blend creaminess, crunch, and richness in every bite.",in stock,new,210.00 AED,https://thegreenroasteries.com/product/choco-balance-54-pieces,https://res.cloudinary.com/dgcexgq5g/image/upload/v1751636688/greenroasteries/variations/variations/choc-big-54_var_b48c5a79-0fab-4d6e-b410-6d96bde5c65c.jpg,Green Roasteries,"Food, Beverages & Tobacco > Beverages > Coffee",Chocolate,,,f0ffb6d1-4bd0-4ec5-aa7f-06adf09d2816,Brown,830g,Coffee,unisex,adult,en,Premium Origin,Chocolate,Medium Roast,Arabica Beans
b48c5a79-0fab-4d6e-b410-6d96bde5c65c_ar,توازن الشوكولاتة 54 قطعة - 830g,خمس نكهات تنسجم بتناغم مثالي: الشوكولاتة الداكنة، تشيز كيك، عصا اللوز، روكي رود، وكريمة الفستق. 54 قطعة تدمج بين النعومة والقرمشة والطعم العميق في كل قضمة.,in stock,new,210.00 AED,https://thegreenroasteries.com/product/choco-balance-54-pieces?lang=ar,https://res.cloudinary.com/dgcexgq5g/image/upload/v1751636688/greenroasteries/variations/variations/choc-big-54_var_b48c5a79-0fab-4d6e-b410-6d96bde5c65c.jpg,المحامص الخضراء,"Food, Beverages & Tobacco > Beverages > Coffee",الشوكولاته,,,f0ffb6d1-4bd0-4ec5-aa7f-06adf09d2816,Brown,830g,قهوة,unisex,adult,ar,أصل مميز,الشوكولاته,تحميص متوسط,حبوب عربية
0ce9f339-8f58-4ced-bb05-c235baba7b45_en,Choco Delight 36 Pieces - 585g,"A luxurious mix of six bold flavors: Rocky Road, Cheesecake, Oreo Biscuit, Milk Loacker Dome, Dark Chocolate, and Lotus Cream. 36 perfectly crafted pieces offering the ideal balance of crunch, creaminess, and rich indulgence.",in stock,new,145.00 AED,https://thegreenroasteries.com/product/choco-delight-36-pieces,https://res.cloudinary.com/dgcexgq5g/image/upload/v1751636691/greenroasteries/variations/variations/Choc-md-36_var_0ce9f339-8f58-4ced-bb05-c235baba7b45.jpg,Green Roasteries,"Food, Beverages & Tobacco > Beverages > Coffee",Chocolate,,,41627eaa-9012-4591-9166-2976a86a8302,Brown,585g,Coffee,unisex,adult,en,Premium Origin,Chocolate,Medium Roast,Arabica Beans
0ce9f339-8f58-4ced-bb05-c235baba7b45_ar,روعة الشوكولاتة  36 قطعة - 585g,ست نكهات غنية تتناغم في تجربة فاخرة: روكي رود، تشيز كيك، بسكويت أوريو، لوكر الحليب، الشوكولاتة الداكنة، وكريمة اللوتس. 36 قطعة تمنحك توازنًا مثاليًا بين القرمشة، النعومة، والطعم العميق.,in stock,new,145.00 AED,https://thegreenroasteries.com/product/choco-delight-36-pieces?lang=ar,https://res.cloudinary.com/dgcexgq5g/image/upload/v1751636691/greenroasteries/variations/variations/Choc-md-36_var_0ce9f339-8f58-4ced-bb05-c235baba7b45.jpg,المحامص الخضراء,"Food, Beverages & Tobacco > Beverages > Coffee",الشوكولاته,,,41627eaa-9012-4591-9166-2976a86a8302,Brown,585g,قهوة,unisex,adult,ar,أصل مميز,الشوكولاته,تحميص متوسط,حبوب عربية
adb38d8e-0dd8-444c-b950-f4998a26ea6f_en,Choco Elegance 16 Pieces - 325g,"An exquisite selection of five premium flavors: Cheesecake, Pistachio Cream, Rocky Road, Lotus Cream, and Milk Loacker Dome. Each piece offers a smooth, indulgent experience crafted to delight your senses. A perfect gift or a refined treat for yourself.",in stock,new,99.95 AED,https://thegreenroasteries.com/product/choco-elegance-16-pieces,https://res.cloudinary.com/dgcexgq5g/image/upload/v1751636694/greenroasteries/variations/variations/Choc-sm-16_var_adb38d8e-0dd8-444c-b950-f4998a26ea6f.jpg,Green Roasteries,"Food, Beverages & Tobacco > Beverages > Coffee",Chocolate,,,e8acb690-7728-4b29-a126-f8f3110d6ed5,Brown,325g,Coffee,unisex,adult,en,Premium Origin,Chocolate,Medium Roast,Arabica Beans
adb38d8e-0dd8-444c-b950-f4998a26ea6f_ar,رقة الشوكولاتة 16 قطعة - 325g,تشكيلة فاخرة من خمس نكهات مميزة: تشيز كيك، كريم الفستق، روكي رود، كريمة اللوتس، ولوكر الحليب. كل قطعة تمزج بين النعومة الغنية والمذاق الرفيع لتمنحك لحظات من الاستمتاع الهادئ. هدية مثالية أو لمسة راقية لنفسك.,in stock,new,99.95 AED,https://thegreenroasteries.com/product/choco-elegance-16-pieces?lang=ar,https://res.cloudinary.com/dgcexgq5g/image/upload/v1751636694/greenroasteries/variations/variations/Choc-sm-16_var_adb38d8e-0dd8-444c-b950-f4998a26ea6f.jpg,المحامص الخضراء,"Food, Beverages & Tobacco > Beverages > Coffee",الشوكولاته,,,e8acb690-7728-4b29-a126-f8f3110d6ed5,Brown,325g,قهوة,unisex,adult,ar,أصل مميز,الشوكولاته,تحميص متوسط,حبوب عربية
35d917da-2579-4915-95aa-12577cf0c2c5_en,Choco Harmony 34 Pieces - 535g,"A rich blend of six perfectly balanced flavors: Pistachio Cream, Dark Chocolate, Chocolate Stick, Latte Crepe, Cheesecake, and Almond Chocolate Stick. A harmonious mix of smoothness and depth crafted into 34 luxurious pieces to please every taste.",in stock,new,159.00 AED,https://thegreenroasteries.com/product/choco-harmony-34-pieces,https://res.cloudinary.com/dgcexgq5g/image/upload/v1751636686/greenroasteries/variations/variations/Choc-md-34_var_35d917da-2579-4915-95aa-12577cf0c2c5.jpg,Green Roasteries,"Food, Beverages & Tobacco > Beverages > Coffee",Chocolate,,,a096c26d-3ecb-4c0b-bd29-0adddd7c25b5,Brown,535g,Coffee,unisex,adult,en,Premium Origin,Chocolate,Medium Roast,Arabica Beans
35d917da-2579-4915-95aa-12577cf0c2c5_ar,توليفة الشوكولاتة 34 قطعة - 535g,تشكيلة غنية من 6 نكهات متناسقة: كريم الفستق، الشوكولاتة الداكنة، عصا الشوكولاتة، كريب لاتيه، تشيز كيك، وشوكولاتة اللوز. مزيج متكامل من النعومة والعمق يُرضي جميع الأذواق، مقدم في 34 قطعة من الفخامة المتوازنة.,in stock,new,159.00 AED,https://thegreenroasteries.com/product/choco-harmony-34-pieces?lang=ar,https://res.cloudinary.com/dgcexgq5g/image/upload/v1751636686/greenroasteries/variations/variations/Choc-md-34_var_35d917da-2579-4915-95aa-12577cf0c2c5.jpg,المحامص الخضراء,"Food, Beverages & Tobacco > Beverages > Coffee",الشوكولاته,,,a096c26d-3ecb-4c0b-bd29-0adddd7c25b5,Brown,535g,قهوة,unisex,adult,ar,أصل مميز,الشوكولاته,تحميص متوسط,حبوب عربية
976f8cf3-86d4-427c-ac38-db8fc6c9688b_en,Choco Magic 46 Pieces - 805g,"An unforgettable blend of eight luxurious flavors: Cheesecake, Pistachio Cream, Milk Loacker Dome, Chocolate Stick, Dark Chocolate, Rocky Road, Almond Chocolate Stick, and Latte Crepe. 46 pieces of magic crafted to delight every bite.",in stock,new,199.00 AED,https://thegreenroasteries.com/product/choco-magic-46-pieces,https://res.cloudinary.com/dgcexgq5g/image/upload/v1751636690/greenroasteries/variations/variations/choc-big-46_var_976f8cf3-86d4-427c-ac38-db8fc6c9688b.jpg,Green Roasteries,"Food, Beverages & Tobacco > Beverages > Coffee",Chocolate,,,beec3382-5996-49b3-9965-2aaf231146dc,Brown,805g,Coffee,unisex,adult,en,Premium Origin,Chocolate,Medium Roast,Arabica Beans
976f8cf3-86d4-427c-ac38-db8fc6c9688b_ar,سحر الشوكولاتة  46 قطعة - 805g,ثماني نكهات فاخرة تجتمع في تجربة واحدة لا تُنسى: تشيز كيك، كريم الفستق، لوكر الحليب، عصا الشوكولاتة، الشوكولاتة الداكنة، روكي رود، شوكولاتة اللوز، وكريب لاتيه. 46 قطعة من السحر والتميز في كل قضمة.,in stock,new,199.00 AED,https://thegreenroasteries.com/product/choco-magic-46-pieces?lang=ar,https://res.cloudinary.com/dgcexgq5g/image/upload/v1751636690/greenroasteries/variations/variations/choc-big-46_var_976f8cf3-86d4-427c-ac38-db8fc6c9688b.jpg,المحامص الخضراء,"Food, Beverages & Tobacco > Beverages > Coffee",الشوكولاته,,,beec3382-5996-49b3-9965-2aaf231146dc,Brown,805g,قهوة,unisex,adult,ar,أصل مميز,الشوكولاته,تحميص متوسط,حبوب عربية
86c89944-5346-46ae-87ee-10e5583d14c5_en,Choco Moments 26 Pieces - 375g,"Pure moments of joy with rich almond chocolate and elegant chocolate sticks. A simple yet refined duo for those who appreciate classic flavors and satisfying textures. Crafted for pure enjoyment, piece by piece.",in stock,new,99.00 AED,https://thegreenroasteries.com/product/choco-moments-26-pieces,https://res.cloudinary.com/dgcexgq5g/image/upload/v1751636665/greenroasteries/variations/variations/Choc-sm-26_var_86c89944-5346-46ae-87ee-10e5583d14c5.jpg,Green Roasteries,"Food, Beverages & Tobacco > Beverages > Coffee",Chocolate,,,16fc9826-e7f0-4bc5-83da-c33c4f9c5d9b,Brown,375g,Coffee,unisex,adult,en,Premium Origin,Chocolate,Medium Roast,Arabica Beans
86c89944-5346-46ae-87ee-10e5583d14c5_ar,لحظات الشوكولاتة 26 قطعة - 375g,لحظات من المتعة الخالصة مع شوكولاتة اللوز الغنية وعصا الشوكولاتة الفاخرة. توليفة بسيطة لكنها أنيقة لعشاق الطعم الأصيل والقوام المميز. كل قطعة تُصنع لتُستمتع بها.,in stock,new,99.00 AED,https://thegreenroasteries.com/product/choco-moments-26-pieces?lang=ar,https://res.cloudinary.com/dgcexgq5g/image/upload/v1751636665/greenroasteries/variations/variations/Choc-sm-26_var_86c89944-5346-46ae-87ee-10e5583d14c5.jpg,المحامص الخضراء,"Food, Beverages & Tobacco > Beverages > Coffee",الشوكولاته,,,16fc9826-e7f0-4bc5-83da-c33c4f9c5d9b,Brown,375g,قهوة,unisex,adult,ar,أصل مميز,الشوكولاته,تحميص متوسط,حبوب عربية
ed80c031-d80f-40c4-a7b0-a58664798427_en,Choco Prestige 50 Pieces - 815g,"An indulgent experience featuring 8 beloved flavors: Oreo Biscuit, Lotus Cream, Rocky Road, Chocolate Stick, Dark Chocolate, Cheesecake, Almond Chocolate Stick, and Milk Loacker Dome. 50 premium pieces crafted to captivate the senses and elevate every moment.",in stock,new,205.00 AED,https://thegreenroasteries.com/product/choco-prestige-50-pieces,https://res.cloudinary.com/dgcexgq5g/image/upload/v1751636328/greenroasteries/products/products/Choc-big-50.jpg,Green Roasteries,"Food, Beverages & Tobacco > Beverages > Coffee",Chocolate,,,d344d945-5294-416b-b54b-1bbf597a1591,Brown,815g,Coffee,unisex,adult,en,Premium Origin,Chocolate,Medium Roast,Arabica Beans
ed80c031-d80f-40c4-a7b0-a58664798427_ar,فخامة الشوكولاتة 50 قطعة - 815g,تجربة مترفة من 8 نكهات محببة: بسكويت أوريو، كريمة اللوتس، روكي رود، عصا الشوكولاتة، الشوكولاتة الداكنة، تشيز كيك، شوكولاتة اللوز، ولوكر الحليب. 50 قطعة مصممة لتأسر الحواس وتقدم لحظات من الذوق الرفيع.,in stock,new,205.00 AED,https://thegreenroasteries.com/product/choco-prestige-50-pieces?lang=ar,https://res.cloudinary.com/dgcexgq5g/image/upload/v1751636328/greenroasteries/products/products/Choc-big-50.jpg,المحامص الخضراء,"Food, Beverages & Tobacco > Beverages > Coffee",الشوكولاته,,,d344d945-5294-416b-b54b-1bbf597a1591,Brown,815g,قهوة,unisex,adult,ar,أصل مميز,الشوكولاته,تحميص متوسط,حبوب عربية
3d2b7b12-c368-49fb-9d22-b9bbde4b732c_en,Choco Touch 18 Pieces - 305g,"An indulgent blend of four irresistible flavors in every bite. Savor the creamy touch of cheesecake, the smooth richness of lotus cream, the bold depth of dark chocolate, and the delightful crunch of Oreo biscuit. 18 pieces of handcrafted luxury made to elevate every moment.",in stock,new,95.00 AED,https://thegreenroasteries.com/product/choco-touch-18-pieces,https://res.cloudinary.com/dgcexgq5g/image/upload/v1751636696/greenroasteries/variations/variations/Choc-sm-18_var_3d2b7b12-c368-49fb-9d22-b9bbde4b732c.jpg,Green Roasteries,"Food, Beverages & Tobacco > Beverages > Coffee",Chocolate,,,1e673775-1db8-414e-bd1e-1ebea2763ecb,Brown,305g,Coffee,unisex,adult,en,Premium Origin,Chocolate,Medium Roast,Arabica Beans
3d2b7b12-c368-49fb-9d22-b9bbde4b732c_ar,لمسة شوكولاتة 18 قطعة - 305g,تجربة غنية تجمع بين أربع نكهات ساحرة في كل قطعة. استمتع بلمسة التشيز كيك الكريمية، وانغمس في نعومة كريمة اللوتس، وعمق الشوكولاتة الداكنة، مع قرمشة بسكويت الأوريو الفريدة. 18 قطعة من الفخامة صممت لتمنحك لحظات من المتعة في كل قضمة.,in stock,new,95.00 AED,https://thegreenroasteries.com/product/choco-touch-18-pieces?lang=ar,https://res.cloudinary.com/dgcexgq5g/image/upload/v1751636696/greenroasteries/variations/variations/Choc-sm-18_var_3d2b7b12-c368-49fb-9d22-b9bbde4b732c.jpg,المحامص الخضراء,"Food, Beverages & Tobacco > Beverages > Coffee",الشوكولاته,,,1e673775-1db8-414e-bd1e-1ebea2763ecb,Brown,305g,قهوة,unisex,adult,ar,أصل مميز,الشوكولاته,تحميص متوسط,حبوب عربية
a03c0d3f-7b3c-4120-9d1c-56ad6ba1d511_en,Classic Blanched Roasted Cashews - 1000g,"Discover the pure, buttery goodness of our Classic Blanched Roasted Cashews. Each cashew is carefully blanched to remove its skin, then gently dry-roasted to a light golden hue. With a smooth, melt-in-your-mouth texture and a naturally sweet, nutty flavor, these cashews are perfect for everyday snacking, baking into desserts, or tossing into your favorite trail mix. Unsalted and unseasoned, they let the true taste of premium cashews shine.",in stock,new,112.95 AED,https://thegreenroasteries.com/product/classic-blanched-roasted-cashews,https://res.cloudinary.com/dgcexgq5g/image/upload/v1751636289/greenroasteries/products/products/NT-CSH-CLS.webp,Green Roasteries,"Food, Beverages & Tobacco > Food Items > Snack Foods > Nuts & Seeds",NUTS & DRIED FRUITS,,,c9959179-a625-4c1d-82b2-919cbc67ffb5,Brown,1000g,Coffee,unisex,adult,en,Premium Origin,NUTS & DRIED FRUITS,Medium Roast,Arabica Beans
22bfdbd7-d4cb-46e4-a536-84a5edded2c8_en,Classic Blanched Roasted Cashews - 500g,"Discover the pure, buttery goodness of our Classic Blanched Roasted Cashews. Each cashew is carefully blanched to remove its skin, then gently dry-roasted to a light golden hue. With a smooth, melt-in-your-mouth texture and a naturally sweet, nutty flavor, these cashews are perfect for everyday snacking, baking into desserts, or tossing into your favorite trail mix. Unsalted and unseasoned, they let the true taste of premium cashews shine.",in stock,new,67.95 AED,https://thegreenroasteries.com/product/classic-blanched-roasted-cashews,https://res.cloudinary.com/dgcexgq5g/image/upload/v1751636289/greenroasteries/products/products/NT-CSH-CLS.webp,Green Roasteries,"Food, Beverages & Tobacco > Food Items > Snack Foods > Nuts & Seeds",NUTS & DRIED FRUITS,,,c9959179-a625-4c1d-82b2-919cbc67ffb5,Brown,500g,Coffee,unisex,adult,en,Premium Origin,NUTS & DRIED FRUITS,Medium Roast,Arabica Beans
b2a58046-b810-400b-acc6-cb7efe6beaaf_en,Classic Blanched Roasted Cashews - 250g,"Discover the pure, buttery goodness of our Classic Blanched Roasted Cashews. Each cashew is carefully blanched to remove its skin, then gently dry-roasted to a light golden hue. With a smooth, melt-in-your-mouth texture and a naturally sweet, nutty flavor, these cashews are perfect for everyday snacking, baking into desserts, or tossing into your favorite trail mix. Unsalted and unseasoned, they let the true taste of premium cashews shine.",in stock,new,49.95 AED,https://thegreenroasteries.com/product/classic-blanched-roasted-cashews,https://res.cloudinary.com/dgcexgq5g/image/upload/v1751636289/greenroasteries/products/products/NT-CSH-CLS.webp,Green Roasteries,"Food, Beverages & Tobacco > Food Items > Snack Foods > Nuts & Seeds",NUTS & DRIED FRUITS,,,c9959179-a625-4c1d-82b2-919cbc67ffb5,Brown,250g,Coffee,unisex,adult,en,Premium Origin,NUTS & DRIED FRUITS,Medium Roast,Arabica Beans
a03c0d3f-7b3c-4120-9d1c-56ad6ba1d511_ar,كاجو مقشر محمص كلاسيكي - 1000g,اكتشف نكهة الزبدة النقية في كاجو مقشر محمص كلاسيكي. تُقشر حبات الكاجو بعناية لإزالة القشرة الخارجية، ثم تُحمص جافاً برفق حتى تكتسب لوناً ذهبياً فاتحاً. تتميّز بقوام ناعم يذوب في الفم ونكهة طبيعية حلوة ومكسرية، مما يجعلها مثالية للوجبات الخفيفة اليومية، أو الاستخدام في الحلويات، أو إضافة لمزيج المكسرات المفضّل لديك. غير مملحة وخالية من التوابل، لتمنحك النكهة الأصيلة للكاجو الفاخر.,in stock,new,112.95 AED,https://thegreenroasteries.com/product/classic-blanched-roasted-cashews?lang=ar,https://res.cloudinary.com/dgcexgq5g/image/upload/v1751636289/greenroasteries/products/products/NT-CSH-CLS.webp,المحامص الخضراء,"Food, Beverages & Tobacco > Beverages > Coffee",مكسرات وفواكه مجففة,,,c9959179-a625-4c1d-82b2-919cbc67ffb5,Brown,1000g,قهوة,unisex,adult,ar,أصل مميز,مكسرات وفواكه مجففة,تحميص متوسط,حبوب عربية
22bfdbd7-d4cb-46e4-a536-84a5edded2c8_ar,كاجو مقشر محمص كلاسيكي - 500g,اكتشف نكهة الزبدة النقية في كاجو مقشر محمص كلاسيكي. تُقشر حبات الكاجو بعناية لإزالة القشرة الخارجية، ثم تُحمص جافاً برفق حتى تكتسب لوناً ذهبياً فاتحاً. تتميّز بقوام ناعم يذوب في الفم ونكهة طبيعية حلوة ومكسرية، مما يجعلها مثالية للوجبات الخفيفة اليومية، أو الاستخدام في الحلويات، أو إضافة لمزيج المكسرات المفضّل لديك. غير مملحة وخالية من التوابل، لتمنحك النكهة الأصيلة للكاجو الفاخر.,in stock,new,67.95 AED,https://thegreenroasteries.com/product/classic-blanched-roasted-cashews?lang=ar,https://res.cloudinary.com/dgcexgq5g/image/upload/v1751636289/greenroasteries/products/products/NT-CSH-CLS.webp,المحامص الخضراء,"Food, Beverages & Tobacco > Beverages > Coffee",مكسرات وفواكه مجففة,,,c9959179-a625-4c1d-82b2-919cbc67ffb5,Brown,500g,قهوة,unisex,adult,ar,أصل مميز,مكسرات وفواكه مجففة,تحميص متوسط,حبوب عربية
b2a58046-b810-400b-acc6-cb7efe6beaaf_ar,كاجو مقشر محمص كلاسيكي - 250g,اكتشف نكهة الزبدة النقية في كاجو مقشر محمص كلاسيكي. تُقشر حبات الكاجو بعناية لإزالة القشرة الخارجية، ثم تُحمص جافاً برفق حتى تكتسب لوناً ذهبياً فاتحاً. تتميّز بقوام ناعم يذوب في الفم ونكهة طبيعية حلوة ومكسرية، مما يجعلها مثالية للوجبات الخفيفة اليومية، أو الاستخدام في الحلويات، أو إضافة لمزيج المكسرات المفضّل لديك. غير مملحة وخالية من التوابل، لتمنحك النكهة الأصيلة للكاجو الفاخر.,in stock,new,49.95 AED,https://thegreenroasteries.com/product/classic-blanched-roasted-cashews?lang=ar,https://res.cloudinary.com/dgcexgq5g/image/upload/v1751636289/greenroasteries/products/products/NT-CSH-CLS.webp,المحامص الخضراء,"Food, Beverages & Tobacco > Beverages > Coffee",مكسرات وفواكه مجففة,,,c9959179-a625-4c1d-82b2-919cbc67ffb5,Brown,250g,قهوة,unisex,adult,ar,أصل مميز,مكسرات وفواكه مجففة,تحميص متوسط,حبوب عربية
07c2fcc4-11a0-412d-8efa-aa139327a0e9_en,Classic Salt Roasted Chickpeas - 250g,"Discover the irresistible crunch of our Classic Salt Roasted Chickpeas. Premium chickpeas are dry-roasted to a golden crisp, then lightly dusted with pure sea salt to enhance their naturally nutty flavor. These bite-sized, protein-packed snacks deliver a satisfying snap with every mouthful—and are perfect for on-the-go munching, sprinkling over salads, or pairing with dips for a wholesome twist.",in stock,new,10.95 AED,https://thegreenroasteries.com/product/classic-salt-roasted-chickpeas,https://res.cloudinary.com/dgcexgq5g/image/upload/v1751636293/greenroasteries/products/products/CHKP-CLS.webp,Green Roasteries,"Food, Beverages & Tobacco > Food Items > Snack Foods > Nuts & Seeds",NUTS & DRIED FRUITS,,,cc073cff-82c6-4cd8-949e-db4fc96a6591,Brown,250g,Coffee,unisex,adult,en,Premium Origin,NUTS & DRIED FRUITS,Medium Roast,Arabica Beans
6ec54d19-8b3c-4c36-9534-dfaeaf2bbaf2_en,Classic Salt Roasted Chickpeas - 1000g,"Discover the irresistible crunch of our Classic Salt Roasted Chickpeas. Premium chickpeas are dry-roasted to a golden crisp, then lightly dusted with pure sea salt to enhance their naturally nutty flavor. These bite-sized, protein-packed snacks deliver a satisfying snap with every mouthful—and are perfect for on-the-go munching, sprinkling over salads, or pairing with dips for a wholesome twist.",in stock,new,34.95 AED,https://thegreenroasteries.com/product/classic-salt-roasted-chickpeas,https://res.cloudinary.com/dgcexgq5g/image/upload/v1751636293/greenroasteries/products/products/CHKP-CLS.webp,Green Roasteries,"Food, Beverages & Tobacco > Food Items > Snack Foods > Nuts & Seeds",NUTS & DRIED FRUITS,,,cc073cff-82c6-4cd8-949e-db4fc96a6591,Brown,1000g,Coffee,unisex,adult,en,Premium Origin,NUTS & DRIED FRUITS,Medium Roast,Arabica Beans
9ab568c8-a793-4487-a2fc-647488fd9db0_en,Classic Salt Roasted Chickpeas - 500g,"Discover the irresistible crunch of our Classic Salt Roasted Chickpeas. Premium chickpeas are dry-roasted to a golden crisp, then lightly dusted with pure sea salt to enhance their naturally nutty flavor. These bite-sized, protein-packed snacks deliver a satisfying snap with every mouthful—and are perfect for on-the-go munching, sprinkling over salads, or pairing with dips for a wholesome twist.",in stock,new,19.95 AED,https://thegreenroasteries.com/product/classic-salt-roasted-chickpeas,https://res.cloudinary.com/dgcexgq5g/image/upload/v1751636293/greenroasteries/products/products/CHKP-CLS.webp,Green Roasteries,"Food, Beverages & Tobacco > Food Items > Snack Foods > Nuts & Seeds",NUTS & DRIED FRUITS,,,cc073cff-82c6-4cd8-949e-db4fc96a6591,Brown,500g,Coffee,unisex,adult,en,Premium Origin,NUTS & DRIED FRUITS,Medium Roast,Arabica Beans
07c2fcc4-11a0-412d-8efa-aa139327a0e9_ar,حمص محمص بالملح الكلاسيكي - 250g,اكتشف قرمشة لا تُقاوم مع حمص محمص بملح البحر الكلاسيكي. تُحمص حبات الحمص الفاخرة جافاً حتى تصبح ذهبية ومقرمشة، ثم يُرش عليها بخفة ملح البحر النقي لإبراز نكهتها المكسرية الطبيعية. هذه الوجبة الخفيفة المليئة بالبروتين تمنحك قرمشة مُرضية في كل قضمة—مثالية للتناول أثناء التنقل، أو لإضافتها إلى السلطات، أو لتقديمها مع الصلصات لمذاق صحي ومميز.,in stock,new,10.95 AED,https://thegreenroasteries.com/product/classic-salt-roasted-chickpeas?lang=ar,https://res.cloudinary.com/dgcexgq5g/image/upload/v1751636293/greenroasteries/products/products/CHKP-CLS.webp,المحامص الخضراء,"Food, Beverages & Tobacco > Beverages > Coffee",مكسرات وفواكه مجففة,,,cc073cff-82c6-4cd8-949e-db4fc96a6591,Brown,250g,قهوة,unisex,adult,ar,أصل مميز,مكسرات وفواكه مجففة,تحميص متوسط,حبوب عربية
6ec54d19-8b3c-4c36-9534-dfaeaf2bbaf2_ar,حمص محمص بالملح الكلاسيكي - 1000g,اكتشف قرمشة لا تُقاوم مع حمص محمص بملح البحر الكلاسيكي. تُحمص حبات الحمص الفاخرة جافاً حتى تصبح ذهبية ومقرمشة، ثم يُرش عليها بخفة ملح البحر النقي لإبراز نكهتها المكسرية الطبيعية. هذه الوجبة الخفيفة المليئة بالبروتين تمنحك قرمشة مُرضية في كل قضمة—مثالية للتناول أثناء التنقل، أو لإضافتها إلى السلطات، أو لتقديمها مع الصلصات لمذاق صحي ومميز.,in stock,new,34.95 AED,https://thegreenroasteries.com/product/classic-salt-roasted-chickpeas?lang=ar,https://res.cloudinary.com/dgcexgq5g/image/upload/v1751636293/greenroasteries/products/products/CHKP-CLS.webp,المحامص الخضراء,"Food, Beverages & Tobacco > Beverages > Coffee",مكسرات وفواكه مجففة,,,cc073cff-82c6-4cd8-949e-db4fc96a6591,Brown,1000g,قهوة,unisex,adult,ar,أصل مميز,مكسرات وفواكه مجففة,تحميص متوسط,حبوب عربية
9ab568c8-a793-4487-a2fc-647488fd9db0_ar,حمص محمص بالملح الكلاسيكي - 500g,اكتشف قرمشة لا تُقاوم مع حمص محمص بملح البحر الكلاسيكي. تُحمص حبات الحمص الفاخرة جافاً حتى تصبح ذهبية ومقرمشة، ثم يُرش عليها بخفة ملح البحر النقي لإبراز نكهتها المكسرية الطبيعية. هذه الوجبة الخفيفة المليئة بالبروتين تمنحك قرمشة مُرضية في كل قضمة—مثالية للتناول أثناء التنقل، أو لإضافتها إلى السلطات، أو لتقديمها مع الصلصات لمذاق صحي ومميز.,in stock,new,19.95 AED,https://thegreenroasteries.com/product/classic-salt-roasted-chickpeas?lang=ar,https://res.cloudinary.com/dgcexgq5g/image/upload/v1751636293/greenroasteries/products/products/CHKP-CLS.webp,المحامص الخضراء,"Food, Beverages & Tobacco > Beverages > Coffee",مكسرات وفواكه مجففة,,,cc073cff-82c6-4cd8-949e-db4fc96a6591,Brown,500g,قهوة,unisex,adult,ar,أصل مميز,مكسرات وفواكه مجففة,تحميص متوسط,حبوب عربية
776ce87a-4e6b-480e-8688-6a4de3a6e762_en,Coffee & Crunch Treat - 1000g,"Savor the bold, smooth notes of Nicaragua Arabia Coffee, paired perfectly with a BBQ Mix of premium nuts. As a bonus, enjoy a gift of assorted snacks all bundled at a low price that offers premium taste without compromise.  Whether for sharing, gifting, or relaxing alone — it's your passport to great taste.",in stock,new,305.00 AED,https://thegreenroasteries.com/product/coffee-crunch-treat,https://res.cloudinary.com/dgcexgq5g/image/upload/v1751636693/greenroasteries/variations/variations/off-slt-nac-1k_var_776ce87a-4e6b-480e-8688-6a4de3a6e762.webp,Green Roasteries,"Food, Beverages & Tobacco > Beverages > Coffee",Green Roaster’s Picks,,,918c374b-844a-448e-80de-a611a33230c7,Brown,1000g,Coffee,unisex,adult,en,Premium Origin,Green Roaster’s Picks,Medium Roast,Arabica Beans
776ce87a-4e6b-480e-8688-6a4de3a6e762_ar,قهوة وقرمشة - 1000g,انطلق في رحلة نكهة مع نكهات من العالم! استمتع بنكهات قهوة نيكاراغوا العربية الغنية والناعمة، مع تشكيلة مكسرات مالحة فاخرة. ولنكمل التجربة، أضفنا هدية من السناكات المتنوعة – وكل ذلك بسعر مميز يجمع بين الجودة والقيمة.  مثالية للمشاركة، الإهداء، أو لحظات الاسترخاء الخاصة بك.,in stock,new,305.00 AED,https://thegreenroasteries.com/product/coffee-crunch-treat?lang=ar,https://res.cloudinary.com/dgcexgq5g/image/upload/v1751636693/greenroasteries/variations/variations/off-slt-nac-1k_var_776ce87a-4e6b-480e-8688-6a4de3a6e762.webp,المحامص الخضراء,"Food, Beverages & Tobacco > Beverages > Coffee",Green Roaster’s Picks,,,918c374b-844a-448e-80de-a611a33230c7,Brown,1000g,قهوة,unisex,adult,ar,أصل مميز,Green Roaster’s Picks,تحميص متوسط,حبوب عربية
4451f4fb-42ad-4664-b304-8f71e8a37a0a_en,Colombia - 1000g cardamom Ground grains,"We are proud of the flavor of Emirati Arabic coffee, prepared according to its origins, from selecting green coffee beans and roasting them with love until adding cardamom and saffron. Enjoy a unique experience to learn about our traditions and culture.",in stock,new,164.00 AED,https://thegreenroasteries.com/product/colombia,https://res.cloudinary.com/dgcexgq5g/image/upload/v1751636387/greenroasteries/variations/variations/ARABICA-colombia_var_4451f4fb-42ad-4664-b304-8f71e8a37a0a.webp,Green Roasteries,"Food, Beverages & Tobacco > Beverages > Coffee",ARABIC COFFEE,https://res.cloudinary.com/dgcexgq5g/image/upload/v1751636714/greenroasteries/gallery/gallery/ARABICA-colombia_img_485d7a62-2a36-4939-8121-cc033b7919ec.webp,,97563013-0b7e-4ab2-bf0d-6b4bad7e78c6,Brown,1000g,Coffee,unisex,adult,en,Colombia,ARABIC COFFEE,cardamom,Ground grains
ab058c2f-a3c1-4e55-abe6-45faf85974f0_en,Colombia - 500g cardamom Ground grains,"We are proud of the flavor of Emirati Arabic coffee, prepared according to its origins, from selecting green coffee beans and roasting them with love until adding cardamom and saffron. Enjoy a unique experience to learn about our traditions and culture.",in stock,new,89.00 AED,https://thegreenroasteries.com/product/colombia,https://res.cloudinary.com/dgcexgq5g/image/upload/v1751636311/greenroasteries/products/products/ARABICA-colombia.webp,Green Roasteries,"Food, Beverages & Tobacco > Beverages > Coffee",ARABIC COFFEE,https://res.cloudinary.com/dgcexgq5g/image/upload/v1751636714/greenroasteries/gallery/gallery/ARABICA-colombia_img_485d7a62-2a36-4939-8121-cc033b7919ec.webp,,97563013-0b7e-4ab2-bf0d-6b4bad7e78c6,Brown,500g,Coffee,unisex,adult,en,Colombia,ARABIC COFFEE,cardamom,Ground grains
5538294c-07e5-47b5-949d-38e9a41d60b3_en,Colombia - 1000g saffron Ground grains,"We are proud of the flavor of Emirati Arabic coffee, prepared according to its origins, from selecting green coffee beans and roasting them with love until adding cardamom and saffron. Enjoy a unique experience to learn about our traditions and culture.",in stock,new,176.00 AED,https://thegreenroasteries.com/product/colombia,https://res.cloudinary.com/dgcexgq5g/image/upload/v1751636433/greenroasteries/variations/variations/ARABICA-colombia_var_5538294c-07e5-47b5-949d-38e9a41d60b3.webp,Green Roasteries,"Food, Beverages & Tobacco > Beverages > Coffee",ARABIC COFFEE,https://res.cloudinary.com/dgcexgq5g/image/upload/v1751636714/greenroasteries/gallery/gallery/ARABICA-colombia_img_485d7a62-2a36-4939-8121-cc033b7919ec.webp,,97563013-0b7e-4ab2-bf0d-6b4bad7e78c6,Brown,1000g,Coffee,unisex,adult,en,Colombia,ARABIC COFFEE,saffron,Ground grains
febc24ba-fd9a-4ed5-9b60-4fc907a93ff5_en,Colombia - 1000g  cardamom & saffron Ground grains,"We are proud of the flavor of Emirati Arabic coffee, prepared according to its origins, from selecting green coffee beans and roasting them with love until adding cardamom and saffron. Enjoy a unique experience to learn about our traditions and culture.",in stock,new,185.00 AED,https://thegreenroasteries.com/product/colombia,https://res.cloudinary.com/dgcexgq5g/image/upload/v1751636470/greenroasteries/variations/variations/ARABICA-colombia_var_febc24ba-fd9a-4ed5-9b60-4fc907a93ff5.webp,Green Roasteries,"Food, Beverages & Tobacco > Beverages > Coffee",ARABIC COFFEE,https://res.cloudinary.com/dgcexgq5g/image/upload/v1751636714/greenroasteries/gallery/gallery/ARABICA-colombia_img_485d7a62-2a36-4939-8121-cc033b7919ec.webp,,97563013-0b7e-4ab2-bf0d-6b4bad7e78c6,Brown,1000g,Coffee,unisex,adult,en,Colombia,ARABIC COFFEE, cardamom & saffron,Ground grains
df8b28a9-3295-4a6b-bc8a-225599566c1a_en,Colombia - 500g  cardamom & saffron Ground grains,"We are proud of the flavor of Emirati Arabic coffee, prepared according to its origins, from selecting green coffee beans and roasting them with love until adding cardamom and saffron. Enjoy a unique experience to learn about our traditions and culture.",in stock,new,106.00 AED,https://thegreenroasteries.com/product/colombia,https://res.cloudinary.com/dgcexgq5g/image/upload/v1751636486/greenroasteries/variations/variations/ARABICA-colombia_var_df8b28a9-3295-4a6b-bc8a-225599566c1a.webp,Green Roasteries,"Food, Beverages & Tobacco > Beverages > Coffee",ARABIC COFFEE,https://res.cloudinary.com/dgcexgq5g/image/upload/v1751636714/greenroasteries/gallery/gallery/ARABICA-colombia_img_485d7a62-2a36-4939-8121-cc033b7919ec.webp,,97563013-0b7e-4ab2-bf0d-6b4bad7e78c6,Brown,500g,Coffee,unisex,adult,en,Colombia,ARABIC COFFEE, cardamom & saffron,Ground grains
81e176e3-d190-4356-8eca-0b5ea7fd4638_en,Colombia - 250g saffron whole beans,"We are proud of the flavor of Emirati Arabic coffee, prepared according to its origins, from selecting green coffee beans and roasting them with love until adding cardamom and saffron. Enjoy a unique experience to learn about our traditions and culture.",in stock,new,57.95 AED,https://thegreenroasteries.com/product/colombia,https://res.cloudinary.com/dgcexgq5g/image/upload/v1751636491/greenroasteries/variations/variations/ARABICA-colombia_var_81e176e3-d190-4356-8eca-0b5ea7fd4638.webp,Green Roasteries,"Food, Beverages & Tobacco > Beverages > Coffee",ARABIC COFFEE,https://res.cloudinary.com/dgcexgq5g/image/upload/v1751636714/greenroasteries/gallery/gallery/ARABICA-colombia_img_485d7a62-2a36-4939-8121-cc033b7919ec.webp,,97563013-0b7e-4ab2-bf0d-6b4bad7e78c6,Brown,250g,Coffee,unisex,adult,en,Colombia,ARABIC COFFEE,saffron,whole beans
be323c30-1227-45df-a9ce-009fc6492196_en,Colombia - 250g  cardamom & saffron Ground grains,"We are proud of the flavor of Emirati Arabic coffee, prepared according to its origins, from selecting green coffee beans and roasting them with love until adding cardamom and saffron. Enjoy a unique experience to learn about our traditions and culture.",in stock,new,62.95 AED,https://thegreenroasteries.com/product/colombia,https://res.cloudinary.com/dgcexgq5g/image/upload/v1751636492/greenroasteries/variations/variations/ARABICA-colombia_var_be323c30-1227-45df-a9ce-009fc6492196.webp,Green Roasteries,"Food, Beverages & Tobacco > Beverages > Coffee",ARABIC COFFEE,https://res.cloudinary.com/dgcexgq5g/image/upload/v1751636714/greenroasteries/gallery/gallery/ARABICA-colombia_img_485d7a62-2a36-4939-8121-cc033b7919ec.webp,,97563013-0b7e-4ab2-bf0d-6b4bad7e78c6,Brown,250g,Coffee,unisex,adult,en,Colombia,ARABIC COFFEE, cardamom & saffron,Ground grains
b958825c-6125-4742-b5f0-13427ceba735_en,Colombia - 500g saffron whole beans,"We are proud of the flavor of Emirati Arabic coffee, prepared according to its origins, from selecting green coffee beans and roasting them with love until adding cardamom and saffron. Enjoy a unique experience to learn about our traditions and culture.",in stock,new,99.95 AED,https://thegreenroasteries.com/product/colombia,https://res.cloudinary.com/dgcexgq5g/image/upload/v1751636495/greenroasteries/variations/variations/ARABICA-colombia_var_b958825c-6125-4742-b5f0-13427ceba735.webp,Green Roasteries,"Food, Beverages & Tobacco > Beverages > Coffee",ARABIC COFFEE,https://res.cloudinary.com/dgcexgq5g/image/upload/v1751636714/greenroasteries/gallery/gallery/ARABICA-colombia_img_485d7a62-2a36-4939-8121-cc033b7919ec.webp,,97563013-0b7e-4ab2-bf0d-6b4bad7e78c6,Brown,500g,Coffee,unisex,adult,en,Colombia,ARABIC COFFEE,saffron,whole beans
4072b2d5-f51b-4005-b44d-5f85b50c0407_en,Colombia - 500g saffron Ground grains,"We are proud of the flavor of Emirati Arabic coffee, prepared according to its origins, from selecting green coffee beans and roasting them with love until adding cardamom and saffron. Enjoy a unique experience to learn about our traditions and culture.",in stock,new,99.95 AED,https://thegreenroasteries.com/product/colombia,https://res.cloudinary.com/dgcexgq5g/image/upload/v1751636496/greenroasteries/variations/variations/ARABICA-colombia_var_4072b2d5-f51b-4005-b44d-5f85b50c0407.webp,Green Roasteries,"Food, Beverages & Tobacco > Beverages > Coffee",ARABIC COFFEE,https://res.cloudinary.com/dgcexgq5g/image/upload/v1751636714/greenroasteries/gallery/gallery/ARABICA-colombia_img_485d7a62-2a36-4939-8121-cc033b7919ec.webp,,97563013-0b7e-4ab2-bf0d-6b4bad7e78c6,Brown,500g,Coffee,unisex,adult,en,Colombia,ARABIC COFFEE,saffron,Ground grains
4ff8290c-6261-4cb6-8cd3-8ce60a2ca4a6_en,Colombia - 250g  cardamom & saffron whole beans,"We are proud of the flavor of Emirati Arabic coffee, prepared according to its origins, from selecting green coffee beans and roasting them with love until adding cardamom and saffron. Enjoy a unique experience to learn about our traditions and culture.",in stock,new,62.95 AED,https://thegreenroasteries.com/product/colombia,https://res.cloudinary.com/dgcexgq5g/image/upload/v1751636564/greenroasteries/variations/variations/ARABICA-colombia_var_4ff8290c-6261-4cb6-8cd3-8ce60a2ca4a6.webp,Green Roasteries,"Food, Beverages & Tobacco > Beverages > Coffee",ARABIC COFFEE,https://res.cloudinary.com/dgcexgq5g/image/upload/v1751636714/greenroasteries/gallery/gallery/ARABICA-colombia_img_485d7a62-2a36-4939-8121-cc033b7919ec.webp,,97563013-0b7e-4ab2-bf0d-6b4bad7e78c6,Brown,250g,Coffee,unisex,adult,en,Colombia,ARABIC COFFEE, cardamom & saffron,whole beans
588dd72b-5f96-4acd-9bb6-6db392df76d8_en,Colombia - 250g saffron Ground grains,"We are proud of the flavor of Emirati Arabic coffee, prepared according to its origins, from selecting green coffee beans and roasting them with love until adding cardamom and saffron. Enjoy a unique experience to learn about our traditions and culture.",in stock,new,57.95 AED,https://thegreenroasteries.com/product/colombia,https://res.cloudinary.com/dgcexgq5g/image/upload/v1751636566/greenroasteries/variations/variations/ARABICA-colombia_var_588dd72b-5f96-4acd-9bb6-6db392df76d8.webp,Green Roasteries,"Food, Beverages & Tobacco > Beverages > Coffee",ARABIC COFFEE,https://res.cloudinary.com/dgcexgq5g/image/upload/v1751636714/greenroasteries/gallery/gallery/ARABICA-colombia_img_485d7a62-2a36-4939-8121-cc033b7919ec.webp,,97563013-0b7e-4ab2-bf0d-6b4bad7e78c6,Brown,250g,Coffee,unisex,adult,en,Colombia,ARABIC COFFEE,saffron,Ground grains
2ba1a120-f224-4fa4-91ed-9025692e87d3_en,Colombia - 250g cardamom Ground grains,"We are proud of the flavor of Emirati Arabic coffee, prepared according to its origins, from selecting green coffee beans and roasting them with love until adding cardamom and saffron. Enjoy a unique experience to learn about our traditions and culture.",in stock,new,49.95 AED,https://thegreenroasteries.com/product/colombia,https://res.cloudinary.com/dgcexgq5g/image/upload/v1751636679/greenroasteries/variations/variations/ARABICA-colombia_var_2ba1a120-f224-4fa4-91ed-9025692e87d3.webp,Green Roasteries,"Food, Beverages & Tobacco > Beverages > Coffee",ARABIC COFFEE,https://res.cloudinary.com/dgcexgq5g/image/upload/v1751636714/greenroasteries/gallery/gallery/ARABICA-colombia_img_485d7a62-2a36-4939-8121-cc033b7919ec.webp,,97563013-0b7e-4ab2-bf0d-6b4bad7e78c6,Brown,250g,Coffee,unisex,adult,en,Colombia,ARABIC COFFEE,cardamom,Ground grains
b627324f-4e9e-480f-b6c1-87b297712daa_en,Colombia - 500g cardamom whole beans,"We are proud of the flavor of Emirati Arabic coffee, prepared according to its origins, from selecting green coffee beans and roasting them with love until adding cardamom and saffron. Enjoy a unique experience to learn about our traditions and culture.",in stock,new,89.00 AED,https://thegreenroasteries.com/product/colombia,https://res.cloudinary.com/dgcexgq5g/image/upload/v1751636311/greenroasteries/products/products/ARABICA-colombia.webp,Green Roasteries,"Food, Beverages & Tobacco > Beverages > Coffee",ARABIC COFFEE,https://res.cloudinary.com/dgcexgq5g/image/upload/v1751636714/greenroasteries/gallery/gallery/ARABICA-colombia_img_485d7a62-2a36-4939-8121-cc033b7919ec.webp,,97563013-0b7e-4ab2-bf0d-6b4bad7e78c6,Brown,500g,Coffee,unisex,adult,en,Colombia,ARABIC COFFEE,cardamom,whole beans
99524439-25b0-4e41-8916-60fb5dc5cde2_en,Colombia - 250g cardamom whole beans,"We are proud of the flavor of Emirati Arabic coffee, prepared according to its origins, from selecting green coffee beans and roasting them with love until adding cardamom and saffron. Enjoy a unique experience to learn about our traditions and culture.",in stock,new,49.95 AED,https://thegreenroasteries.com/product/colombia,https://res.cloudinary.com/dgcexgq5g/image/upload/v1751636382/greenroasteries/variations/variations/ARABICA-colombia_var_99524439-25b0-4e41-8916-60fb5dc5cde2.webp,Green Roasteries,"Food, Beverages & Tobacco > Beverages > Coffee",ARABIC COFFEE,https://res.cloudinary.com/dgcexgq5g/image/upload/v1751636714/greenroasteries/gallery/gallery/ARABICA-colombia_img_485d7a62-2a36-4939-8121-cc033b7919ec.webp,,97563013-0b7e-4ab2-bf0d-6b4bad7e78c6,Brown,250g,Coffee,unisex,adult,en,Colombia,ARABIC COFFEE,cardamom,whole beans
07df0dbc-cd41-4de0-a8b3-a71bd6e7a621_en,Colombia - 1000g cardamom whole beans,"We are proud of the flavor of Emirati Arabic coffee, prepared according to its origins, from selecting green coffee beans and roasting them with love until adding cardamom and saffron. Enjoy a unique experience to learn about our traditions and culture.",in stock,new,164.00 AED,https://thegreenroasteries.com/product/colombia,https://res.cloudinary.com/dgcexgq5g/image/upload/v1751636383/greenroasteries/variations/variations/ARABICA-colombia_var_07df0dbc-cd41-4de0-a8b3-a71bd6e7a621.webp,Green Roasteries,"Food, Beverages & Tobacco > Beverages > Coffee",ARABIC COFFEE,https://res.cloudinary.com/dgcexgq5g/image/upload/v1751636714/greenroasteries/gallery/gallery/ARABICA-colombia_img_485d7a62-2a36-4939-8121-cc033b7919ec.webp,,97563013-0b7e-4ab2-bf0d-6b4bad7e78c6,Brown,1000g,Coffee,unisex,adult,en,Colombia,ARABIC COFFEE,cardamom,whole beans
186b2c5c-eef6-45b9-9727-929c956a8497_en,Colombia - 1000g saffron whole beans,"We are proud of the flavor of Emirati Arabic coffee, prepared according to its origins, from selecting green coffee beans and roasting them with love until adding cardamom and saffron. Enjoy a unique experience to learn about our traditions and culture.",in stock,new,176.00 AED,https://thegreenroasteries.com/product/colombia,https://res.cloudinary.com/dgcexgq5g/image/upload/v1751636451/greenroasteries/variations/variations/ARABICA-colombia_var_186b2c5c-eef6-45b9-9727-929c956a8497.webp,Green Roasteries,"Food, Beverages & Tobacco > Beverages > Coffee",ARABIC COFFEE,https://res.cloudinary.com/dgcexgq5g/image/upload/v1751636714/greenroasteries/gallery/gallery/ARABICA-colombia_img_485d7a62-2a36-4939-8121-cc033b7919ec.webp,,97563013-0b7e-4ab2-bf0d-6b4bad7e78c6,Brown,1000g,Coffee,unisex,adult,en,Colombia,ARABIC COFFEE,saffron,whole beans
1734b7c5-240f-4841-8389-b56d4fa5bac2_en,Colombia - 500g  cardamom & saffron whole beans,"We are proud of the flavor of Emirati Arabic coffee, prepared according to its origins, from selecting green coffee beans and roasting them with love until adding cardamom and saffron. Enjoy a unique experience to learn about our traditions and culture.",in stock,new,106.00 AED,https://thegreenroasteries.com/product/colombia,https://res.cloudinary.com/dgcexgq5g/image/upload/v1751636484/greenroasteries/variations/variations/ARABICA-colombia_var_1734b7c5-240f-4841-8389-b56d4fa5bac2.webp,Green Roasteries,"Food, Beverages & Tobacco > Beverages > Coffee",ARABIC COFFEE,https://res.cloudinary.com/dgcexgq5g/image/upload/v1751636714/greenroasteries/gallery/gallery/ARABICA-colombia_img_485d7a62-2a36-4939-8121-cc033b7919ec.webp,,97563013-0b7e-4ab2-bf0d-6b4bad7e78c6,Brown,500g,Coffee,unisex,adult,en,Colombia,ARABIC COFFEE, cardamom & saffron,whole beans
c8c103a9-7d64-43db-9ba0-fdb91a442659_en,Colombia - 1000g  cardamom & saffron whole beans,"We are proud of the flavor of Emirati Arabic coffee, prepared according to its origins, from selecting green coffee beans and roasting them with love until adding cardamom and saffron. Enjoy a unique experience to learn about our traditions and culture.",in stock,new,185.00 AED,https://thegreenroasteries.com/product/colombia,https://res.cloudinary.com/dgcexgq5g/image/upload/v1751636680/greenroasteries/variations/variations/ARABICA-colombia_var_c8c103a9-7d64-43db-9ba0-fdb91a442659.webp,Green Roasteries,"Food, Beverages & Tobacco > Beverages > Coffee",ARABIC COFFEE,https://res.cloudinary.com/dgcexgq5g/image/upload/v1751636714/greenroasteries/gallery/gallery/ARABICA-colombia_img_485d7a62-2a36-4939-8121-cc033b7919ec.webp,,97563013-0b7e-4ab2-bf0d-6b4bad7e78c6,Brown,1000g,Coffee,unisex,adult,en,Colombia,ARABIC COFFEE, cardamom & saffron,whole beans
4451f4fb-42ad-4664-b304-8f71e8a37a0a_ar,كولومبيـــا - 1000g هيل حبوب مطحونة,نفخر بنكهة القهوة العربية اإلماراتية المحضرة حسب أصولها، بدءا من انتقاء حبوب البن الخضراء وتحميصها بكل حب حتى ً إضافة الهيل والزعفران، استمتع بتجربة فريدة للتعرف على تقاليدنا وثقافتنا.,in stock,new,164.00 AED,https://thegreenroasteries.com/product/colombia?lang=ar,https://res.cloudinary.com/dgcexgq5g/image/upload/v1751636387/greenroasteries/variations/variations/ARABICA-colombia_var_4451f4fb-42ad-4664-b304-8f71e8a37a0a.webp,المحامص الخضراء,"Food, Beverages & Tobacco > Beverages > Coffee",القهوة العربية,https://res.cloudinary.com/dgcexgq5g/image/upload/v1751636714/greenroasteries/gallery/gallery/ARABICA-colombia_img_485d7a62-2a36-4939-8121-cc033b7919ec.webp,,97563013-0b7e-4ab2-bf0d-6b4bad7e78c6,Brown,1000g,قهوة,unisex,adult,ar,Colombia,القهوة العربية,هيل,حبوب مطحونة
ab058c2f-a3c1-4e55-abe6-45faf85974f0_ar,كولومبيـــا - 500g هيل حبوب مطحونة,نفخر بنكهة القهوة العربية اإلماراتية المحضرة حسب أصولها، بدءا من انتقاء حبوب البن الخضراء وتحميصها بكل حب حتى ً إضافة الهيل والزعفران، استمتع بتجربة فريدة للتعرف على تقاليدنا وثقافتنا.,in stock,new,89.00 AED,https://thegreenroasteries.com/product/colombia?lang=ar,https://res.cloudinary.com/dgcexgq5g/image/upload/v1751636311/greenroasteries/products/products/ARABICA-colombia.webp,المحامص الخضراء,"Food, Beverages & Tobacco > Beverages > Coffee",القهوة العربية,https://res.cloudinary.com/dgcexgq5g/image/upload/v1751636714/greenroasteries/gallery/gallery/ARABICA-colombia_img_485d7a62-2a36-4939-8121-cc033b7919ec.webp,,97563013-0b7e-4ab2-bf0d-6b4bad7e78c6,Brown,500g,قهوة,unisex,adult,ar,Colombia,القهوة العربية,هيل,حبوب مطحونة
5538294c-07e5-47b5-949d-38e9a41d60b3_ar,كولومبيـــا - 1000g زعفران حبوب مطحونة,نفخر بنكهة القهوة العربية اإلماراتية المحضرة حسب أصولها، بدءا من انتقاء حبوب البن الخضراء وتحميصها بكل حب حتى ً إضافة الهيل والزعفران، استمتع بتجربة فريدة للتعرف على تقاليدنا وثقافتنا.,in stock,new,176.00 AED,https://thegreenroasteries.com/product/colombia?lang=ar,https://res.cloudinary.com/dgcexgq5g/image/upload/v1751636433/greenroasteries/variations/variations/ARABICA-colombia_var_5538294c-07e5-47b5-949d-38e9a41d60b3.webp,المحامص الخضراء,"Food, Beverages & Tobacco > Beverages > Coffee",القهوة العربية,https://res.cloudinary.com/dgcexgq5g/image/upload/v1751636714/greenroasteries/gallery/gallery/ARABICA-colombia_img_485d7a62-2a36-4939-8121-cc033b7919ec.webp,,97563013-0b7e-4ab2-bf0d-6b4bad7e78c6,Brown,1000g,قهوة,unisex,adult,ar,Colombia,القهوة العربية,زعفران,حبوب مطحونة
febc24ba-fd9a-4ed5-9b60-4fc907a93ff5_ar,كولومبيـــا - 1000g هيل و زعفران حبوب مطحونة,نفخر بنكهة القهوة العربية اإلماراتية المحضرة حسب أصولها، بدءا من انتقاء حبوب البن الخضراء وتحميصها بكل حب حتى ً إضافة الهيل والزعفران، استمتع بتجربة فريدة للتعرف على تقاليدنا وثقافتنا.,in stock,new,185.00 AED,https://thegreenroasteries.com/product/colombia?lang=ar,https://res.cloudinary.com/dgcexgq5g/image/upload/v1751636470/greenroasteries/variations/variations/ARABICA-colombia_var_febc24ba-fd9a-4ed5-9b60-4fc907a93ff5.webp,المحامص الخضراء,"Food, Beverages & Tobacco > Beverages > Coffee",القهوة العربية,https://res.cloudinary.com/dgcexgq5g/image/upload/v1751636714/greenroasteries/gallery/gallery/ARABICA-colombia_img_485d7a62-2a36-4939-8121-cc033b7919ec.webp,,97563013-0b7e-4ab2-bf0d-6b4bad7e78c6,Brown,1000g,قهوة,unisex,adult,ar,Colombia,القهوة العربية,هيل و زعفران,حبوب مطحونة
df8b28a9-3295-4a6b-bc8a-225599566c1a_ar,كولومبيـــا - 500g هيل و زعفران حبوب مطحونة,نفخر بنكهة القهوة العربية اإلماراتية المحضرة حسب أصولها، بدءا من انتقاء حبوب البن الخضراء وتحميصها بكل حب حتى ً إضافة الهيل والزعفران، استمتع بتجربة فريدة للتعرف على تقاليدنا وثقافتنا.,in stock,new,106.00 AED,https://thegreenroasteries.com/product/colombia?lang=ar,https://res.cloudinary.com/dgcexgq5g/image/upload/v1751636486/greenroasteries/variations/variations/ARABICA-colombia_var_df8b28a9-3295-4a6b-bc8a-225599566c1a.webp,المحامص الخضراء,"Food, Beverages & Tobacco > Beverages > Coffee",القهوة العربية,https://res.cloudinary.com/dgcexgq5g/image/upload/v1751636714/greenroasteries/gallery/gallery/ARABICA-colombia_img_485d7a62-2a36-4939-8121-cc033b7919ec.webp,,97563013-0b7e-4ab2-bf0d-6b4bad7e78c6,Brown,500g,قهوة,unisex,adult,ar,Colombia,القهوة العربية,هيل و زعفران,حبوب مطحونة
81e176e3-d190-4356-8eca-0b5ea7fd4638_ar,كولومبيـــا - 250g زعفران حبوب كاملة,نفخر بنكهة القهوة العربية اإلماراتية المحضرة حسب أصولها، بدءا من انتقاء حبوب البن الخضراء وتحميصها بكل حب حتى ً إضافة الهيل والزعفران، استمتع بتجربة فريدة للتعرف على تقاليدنا وثقافتنا.,in stock,new,57.95 AED,https://thegreenroasteries.com/product/colombia?lang=ar,https://res.cloudinary.com/dgcexgq5g/image/upload/v1751636491/greenroasteries/variations/variations/ARABICA-colombia_var_81e176e3-d190-4356-8eca-0b5ea7fd4638.webp,المحامص الخضراء,"Food, Beverages & Tobacco > Beverages > Coffee",القهوة العربية,https://res.cloudinary.com/dgcexgq5g/image/upload/v1751636714/greenroasteries/gallery/gallery/ARABICA-colombia_img_485d7a62-2a36-4939-8121-cc033b7919ec.webp,,97563013-0b7e-4ab2-bf0d-6b4bad7e78c6,Brown,250g,قهوة,unisex,adult,ar,Colombia,القهوة العربية,زعفران,حبوب كاملة
be323c30-1227-45df-a9ce-009fc6492196_ar,كولومبيـــا - 250g هيل و زعفران حبوب مطحونة,نفخر بنكهة القهوة العربية اإلماراتية المحضرة حسب أصولها، بدءا من انتقاء حبوب البن الخضراء وتحميصها بكل حب حتى ً إضافة الهيل والزعفران، استمتع بتجربة فريدة للتعرف على تقاليدنا وثقافتنا.,in stock,new,62.95 AED,https://thegreenroasteries.com/product/colombia?lang=ar,https://res.cloudinary.com/dgcexgq5g/image/upload/v1751636492/greenroasteries/variations/variations/ARABICA-colombia_var_be323c30-1227-45df-a9ce-009fc6492196.webp,المحامص الخضراء,"Food, Beverages & Tobacco > Beverages > Coffee",القهوة العربية,https://res.cloudinary.com/dgcexgq5g/image/upload/v1751636714/greenroasteries/gallery/gallery/ARABICA-colombia_img_485d7a62-2a36-4939-8121-cc033b7919ec.webp,,97563013-0b7e-4ab2-bf0d-6b4bad7e78c6,Brown,250g,قهوة,unisex,adult,ar,Colombia,القهوة العربية,هيل و زعفران,حبوب مطحونة
b958825c-6125-4742-b5f0-13427ceba735_ar,كولومبيـــا - 500g زعفران حبوب كاملة,نفخر بنكهة القهوة العربية اإلماراتية المحضرة حسب أصولها، بدءا من انتقاء حبوب البن الخضراء وتحميصها بكل حب حتى ً إضافة الهيل والزعفران، استمتع بتجربة فريدة للتعرف على تقاليدنا وثقافتنا.,in stock,new,99.95 AED,https://thegreenroasteries.com/product/colombia?lang=ar,https://res.cloudinary.com/dgcexgq5g/image/upload/v1751636495/greenroasteries/variations/variations/ARABICA-colombia_var_b958825c-6125-4742-b5f0-13427ceba735.webp,المحامص الخضراء,"Food, Beverages & Tobacco > Beverages > Coffee",القهوة العربية,https://res.cloudinary.com/dgcexgq5g/image/upload/v1751636714/greenroasteries/gallery/gallery/ARABICA-colombia_img_485d7a62-2a36-4939-8121-cc033b7919ec.webp,,97563013-0b7e-4ab2-bf0d-6b4bad7e78c6,Brown,500g,قهوة,unisex,adult,ar,Colombia,القهوة العربية,زعفران,حبوب كاملة
4072b2d5-f51b-4005-b44d-5f85b50c0407_ar,كولومبيـــا - 500g زعفران حبوب مطحونة,نفخر بنكهة القهوة العربية اإلماراتية المحضرة حسب أصولها، بدءا من انتقاء حبوب البن الخضراء وتحميصها بكل حب حتى ً إضافة الهيل والزعفران، استمتع بتجربة فريدة للتعرف على تقاليدنا وثقافتنا.,in stock,new,99.95 AED,https://thegreenroasteries.com/product/colombia?lang=ar,https://res.cloudinary.com/dgcexgq5g/image/upload/v1751636496/greenroasteries/variations/variations/ARABICA-colombia_var_4072b2d5-f51b-4005-b44d-5f85b50c0407.webp,المحامص الخضراء,"Food, Beverages & Tobacco > Beverages > Coffee",القهوة العربية,https://res.cloudinary.com/dgcexgq5g/image/upload/v1751636714/greenroasteries/gallery/gallery/ARABICA-colombia_img_485d7a62-2a36-4939-8121-cc033b7919ec.webp,,97563013-0b7e-4ab2-bf0d-6b4bad7e78c6,Brown,500g,قهوة,unisex,adult,ar,Colombia,القهوة العربية,زعفران,حبوب مطحونة
4ff8290c-6261-4cb6-8cd3-8ce60a2ca4a6_ar,كولومبيـــا - 250g هيل و زعفران حبوب كاملة,نفخر بنكهة القهوة العربية اإلماراتية المحضرة حسب أصولها، بدءا من انتقاء حبوب البن الخضراء وتحميصها بكل حب حتى ً إضافة الهيل والزعفران، استمتع بتجربة فريدة للتعرف على تقاليدنا وثقافتنا.,in stock,new,62.95 AED,https://thegreenroasteries.com/product/colombia?lang=ar,https://res.cloudinary.com/dgcexgq5g/image/upload/v1751636564/greenroasteries/variations/variations/ARABICA-colombia_var_4ff8290c-6261-4cb6-8cd3-8ce60a2ca4a6.webp,المحامص الخضراء,"Food, Beverages & Tobacco > Beverages > Coffee",القهوة العربية,https://res.cloudinary.com/dgcexgq5g/image/upload/v1751636714/greenroasteries/gallery/gallery/ARABICA-colombia_img_485d7a62-2a36-4939-8121-cc033b7919ec.webp,,97563013-0b7e-4ab2-bf0d-6b4bad7e78c6,Brown,250g,قهوة,unisex,adult,ar,Colombia,القهوة العربية,هيل و زعفران,حبوب كاملة
588dd72b-5f96-4acd-9bb6-6db392df76d8_ar,كولومبيـــا - 250g زعفران حبوب مطحونة,نفخر بنكهة القهوة العربية اإلماراتية المحضرة حسب أصولها، بدءا من انتقاء حبوب البن الخضراء وتحميصها بكل حب حتى ً إضافة الهيل والزعفران، استمتع بتجربة فريدة للتعرف على تقاليدنا وثقافتنا.,in stock,new,57.95 AED,https://thegreenroasteries.com/product/colombia?lang=ar,https://res.cloudinary.com/dgcexgq5g/image/upload/v1751636566/greenroasteries/variations/variations/ARABICA-colombia_var_588dd72b-5f96-4acd-9bb6-6db392df76d8.webp,المحامص الخضراء,"Food, Beverages & Tobacco > Beverages > Coffee",القهوة العربية,https://res.cloudinary.com/dgcexgq5g/image/upload/v1751636714/greenroasteries/gallery/gallery/ARABICA-colombia_img_485d7a62-2a36-4939-8121-cc033b7919ec.webp,,97563013-0b7e-4ab2-bf0d-6b4bad7e78c6,Brown,250g,قهوة,unisex,adult,ar,Colombia,القهوة العربية,زعفران,حبوب مطحونة
2ba1a120-f224-4fa4-91ed-9025692e87d3_ar,كولومبيـــا - 250g هيل حبوب مطحونة,نفخر بنكهة القهوة العربية اإلماراتية المحضرة حسب أصولها، بدءا من انتقاء حبوب البن الخضراء وتحميصها بكل حب حتى ً إضافة الهيل والزعفران، استمتع بتجربة فريدة للتعرف على تقاليدنا وثقافتنا.,in stock,new,49.95 AED,https://thegreenroasteries.com/product/colombia?lang=ar,https://res.cloudinary.com/dgcexgq5g/image/upload/v1751636679/greenroasteries/variations/variations/ARABICA-colombia_var_2ba1a120-f224-4fa4-91ed-9025692e87d3.webp,المحامص الخضراء,"Food, Beverages & Tobacco > Beverages > Coffee",القهوة العربية,https://res.cloudinary.com/dgcexgq5g/image/upload/v1751636714/greenroasteries/gallery/gallery/ARABICA-colombia_img_485d7a62-2a36-4939-8121-cc033b7919ec.webp,,97563013-0b7e-4ab2-bf0d-6b4bad7e78c6,Brown,250g,قهوة,unisex,adult,ar,Colombia,القهوة العربية,هيل,حبوب مطحونة
b627324f-4e9e-480f-b6c1-87b297712daa_ar,كولومبيـــا - 500g هيل حبوب كاملة,نفخر بنكهة القهوة العربية اإلماراتية المحضرة حسب أصولها، بدءا من انتقاء حبوب البن الخضراء وتحميصها بكل حب حتى ً إضافة الهيل والزعفران، استمتع بتجربة فريدة للتعرف على تقاليدنا وثقافتنا.,in stock,new,89.00 AED,https://thegreenroasteries.com/product/colombia?lang=ar,https://res.cloudinary.com/dgcexgq5g/image/upload/v1751636311/greenroasteries/products/products/ARABICA-colombia.webp,المحامص الخضراء,"Food, Beverages & Tobacco > Beverages > Coffee",القهوة العربية,https://res.cloudinary.com/dgcexgq5g/image/upload/v1751636714/greenroasteries/gallery/gallery/ARABICA-colombia_img_485d7a62-2a36-4939-8121-cc033b7919ec.webp,,97563013-0b7e-4ab2-bf0d-6b4bad7e78c6,Brown,500g,قهوة,unisex,adult,ar,Colombia,القهوة العربية,هيل,حبوب كاملة
99524439-25b0-4e41-8916-60fb5dc5cde2_ar,كولومبيـــا - 250g هيل حبوب كاملة,نفخر بنكهة القهوة العربية اإلماراتية المحضرة حسب أصولها، بدءا من انتقاء حبوب البن الخضراء وتحميصها بكل حب حتى ً إضافة الهيل والزعفران، استمتع بتجربة فريدة للتعرف على تقاليدنا وثقافتنا.,in stock,new,49.95 AED,https://thegreenroasteries.com/product/colombia?lang=ar,https://res.cloudinary.com/dgcexgq5g/image/upload/v1751636382/greenroasteries/variations/variations/ARABICA-colombia_var_99524439-25b0-4e41-8916-60fb5dc5cde2.webp,المحامص الخضراء,"Food, Beverages & Tobacco > Beverages > Coffee",القهوة العربية,https://res.cloudinary.com/dgcexgq5g/image/upload/v1751636714/greenroasteries/gallery/gallery/ARABICA-colombia_img_485d7a62-2a36-4939-8121-cc033b7919ec.webp,,97563013-0b7e-4ab2-bf0d-6b4bad7e78c6,Brown,250g,قهوة,unisex,adult,ar,Colombia,القهوة العربية,هيل,حبوب كاملة
07df0dbc-cd41-4de0-a8b3-a71bd6e7a621_ar,كولومبيـــا - 1000g هيل حبوب كاملة,نفخر بنكهة القهوة العربية اإلماراتية المحضرة حسب أصولها، بدءا من انتقاء حبوب البن الخضراء وتحميصها بكل حب حتى ً إضافة الهيل والزعفران، استمتع بتجربة فريدة للتعرف على تقاليدنا وثقافتنا.,in stock,new,164.00 AED,https://thegreenroasteries.com/product/colombia?lang=ar,https://res.cloudinary.com/dgcexgq5g/image/upload/v1751636383/greenroasteries/variations/variations/ARABICA-colombia_var_07df0dbc-cd41-4de0-a8b3-a71bd6e7a621.webp,المحامص الخضراء,"Food, Beverages & Tobacco > Beverages > Coffee",القهوة العربية,https://res.cloudinary.com/dgcexgq5g/image/upload/v1751636714/greenroasteries/gallery/gallery/ARABICA-colombia_img_485d7a62-2a36-4939-8121-cc033b7919ec.webp,,97563013-0b7e-4ab2-bf0d-6b4bad7e78c6,Brown,1000g,قهوة,unisex,adult,ar,Colombia,القهوة العربية,هيل,حبوب كاملة
186b2c5c-eef6-45b9-9727-929c956a8497_ar,كولومبيـــا - 1000g زعفران حبوب كاملة,نفخر بنكهة القهوة العربية اإلماراتية المحضرة حسب أصولها، بدءا من انتقاء حبوب البن الخضراء وتحميصها بكل حب حتى ً إضافة الهيل والزعفران، استمتع بتجربة فريدة للتعرف على تقاليدنا وثقافتنا.,in stock,new,176.00 AED,https://thegreenroasteries.com/product/colombia?lang=ar,https://res.cloudinary.com/dgcexgq5g/image/upload/v1751636451/greenroasteries/variations/variations/ARABICA-colombia_var_186b2c5c-eef6-45b9-9727-929c956a8497.webp,المحامص الخضراء,"Food, Beverages & Tobacco > Beverages > Coffee",القهوة العربية,https://res.cloudinary.com/dgcexgq5g/image/upload/v1751636714/greenroasteries/gallery/gallery/ARABICA-colombia_img_485d7a62-2a36-4939-8121-cc033b7919ec.webp,,97563013-0b7e-4ab2-bf0d-6b4bad7e78c6,Brown,1000g,قهوة,unisex,adult,ar,Colombia,القهوة العربية,زعفران,حبوب كاملة
1734b7c5-240f-4841-8389-b56d4fa5bac2_ar,كولومبيـــا - 500g هيل و زعفران حبوب كاملة,نفخر بنكهة القهوة العربية اإلماراتية المحضرة حسب أصولها، بدءا من انتقاء حبوب البن الخضراء وتحميصها بكل حب حتى ً إضافة الهيل والزعفران، استمتع بتجربة فريدة للتعرف على تقاليدنا وثقافتنا.,in stock,new,106.00 AED,https://thegreenroasteries.com/product/colombia?lang=ar,https://res.cloudinary.com/dgcexgq5g/image/upload/v1751636484/greenroasteries/variations/variations/ARABICA-colombia_var_1734b7c5-240f-4841-8389-b56d4fa5bac2.webp,المحامص الخضراء,"Food, Beverages & Tobacco > Beverages > Coffee",القهوة العربية,https://res.cloudinary.com/dgcexgq5g/image/upload/v1751636714/greenroasteries/gallery/gallery/ARABICA-colombia_img_485d7a62-2a36-4939-8121-cc033b7919ec.webp,,97563013-0b7e-4ab2-bf0d-6b4bad7e78c6,Brown,500g,قهوة,unisex,adult,ar,Colombia,القهوة العربية,هيل و زعفران,حبوب كاملة
c8c103a9-7d64-43db-9ba0-fdb91a442659_ar,كولومبيـــا - 1000g هيل و زعفران حبوب كاملة,نفخر بنكهة القهوة العربية اإلماراتية المحضرة حسب أصولها، بدءا من انتقاء حبوب البن الخضراء وتحميصها بكل حب حتى ً إضافة الهيل والزعفران، استمتع بتجربة فريدة للتعرف على تقاليدنا وثقافتنا.,in stock,new,185.00 AED,https://thegreenroasteries.com/product/colombia?lang=ar,https://res.cloudinary.com/dgcexgq5g/image/upload/v1751636680/greenroasteries/variations/variations/ARABICA-colombia_var_c8c103a9-7d64-43db-9ba0-fdb91a442659.webp,المحامص الخضراء,"Food, Beverages & Tobacco > Beverages > Coffee",القهوة العربية,https://res.cloudinary.com/dgcexgq5g/image/upload/v1751636714/greenroasteries/gallery/gallery/ARABICA-colombia_img_485d7a62-2a36-4939-8121-cc033b7919ec.webp,,97563013-0b7e-4ab2-bf0d-6b4bad7e78c6,Brown,1000g,قهوة,unisex,adult,ar,Colombia,القهوة العربية,هيل و زعفران,حبوب كاملة
515dae6e-d3e7-4701-803d-88f1cc845147_en,Colombia Tolima - 1000g whole beans,"The crop has rich, beautiful aromas that suit lovers of simple, classic black coffee drinks. The beauty of the crop is highlighted with all kinds of milk drinks, characterized by the flavors of passion fruit, grapes and dark chocolate.",in stock,new,195.00 AED,https://thegreenroasteries.com/product/colombia-tolima,https://res.cloudinary.com/dgcexgq5g/image/upload/v1751636553/greenroasteries/variations/variations/COL-TOL-ESPRSS-ROAS_var_515dae6e-d3e7-4701-803d-88f1cc845147.webp,Green Roasteries,"Food, Beverages & Tobacco > Beverages > Coffee",ESPRESSO ROAST,https://res.cloudinary.com/dgcexgq5g/image/upload/v1751636736/greenroasteries/gallery/gallery/COL-TOL-ESPRSS-ROAS_img_9a17e013-361d-41a3-b785-ac1fe04b7f8c.webp,,67c1266c-4d7a-481f-8247-cdbca4c9b4b6,Brown,1000g,Coffee,unisex,adult,en,Colombia Tolima,ESPRESSO ROAST,Medium Roast,whole beans
eb249263-1e61-4216-8b30-1ab11084fcc7_en,Colombia Tolima - 500g whole beans,"The crop has rich, beautiful aromas that suit lovers of simple, classic black coffee drinks. The beauty of the crop is highlighted with all kinds of milk drinks, characterized by the flavors of passion fruit, grapes and dark chocolate.",in stock,new,105.00 AED,https://thegreenroasteries.com/product/colombia-tolima,https://res.cloudinary.com/dgcexgq5g/image/upload/v1751636577/greenroasteries/variations/variations/COL-TOL-ESPRSS-ROAS_var_eb249263-1e61-4216-8b30-1ab11084fcc7.webp,Green Roasteries,"Food, Beverages & Tobacco > Beverages > Coffee",ESPRESSO ROAST,https://res.cloudinary.com/dgcexgq5g/image/upload/v1751636736/greenroasteries/gallery/gallery/COL-TOL-ESPRSS-ROAS_img_9a17e013-361d-41a3-b785-ac1fe04b7f8c.webp,,67c1266c-4d7a-481f-8247-cdbca4c9b4b6,Brown,500g,Coffee,unisex,adult,en,Colombia Tolima,ESPRESSO ROAST,Medium Roast,whole beans
d822f7d6-2fd2-43b5-ad13-b8fcb062c6d0_en,Colombia Tolima - 250g whole beans,"The crop has rich, beautiful aromas that suit lovers of simple, classic black coffee drinks. The beauty of the crop is highlighted with all kinds of milk drinks, characterized by the flavors of passion fruit, grapes and dark chocolate.",in stock,new,59.95 AED,https://thegreenroasteries.com/product/colombia-tolima,https://res.cloudinary.com/dgcexgq5g/image/upload/v1751636597/greenroasteries/variations/variations/COL-TOL-ESPRSS-ROAS_var_d822f7d6-2fd2-43b5-ad13-b8fcb062c6d0.webp,Green Roasteries,"Food, Beverages & Tobacco > Beverages > Coffee",ESPRESSO ROAST,https://res.cloudinary.com/dgcexgq5g/image/upload/v1751636736/greenroasteries/gallery/gallery/COL-TOL-ESPRSS-ROAS_img_9a17e013-361d-41a3-b785-ac1fe04b7f8c.webp,,67c1266c-4d7a-481f-8247-cdbca4c9b4b6,Brown,250g,Coffee,unisex,adult,en,Colombia Tolima,ESPRESSO ROAST,Medium Roast,whole beans
8665b36f-6d36-40d4-bbab-2d56d1b2800c_en,Colombia Tolima - 250g Ground grains,"The crop has rich, beautiful aromas that suit lovers of simple, classic black coffee drinks. The beauty of the crop is highlighted with all kinds of milk drinks, characterized by the flavors of passion fruit, grapes and dark chocolate.",in stock,new,59.95 AED,https://thegreenroasteries.com/product/colombia-tolima,https://res.cloudinary.com/dgcexgq5g/image/upload/v1751636608/greenroasteries/variations/variations/COL-TOL-ESPRSS-ROAS_var_8665b36f-6d36-40d4-bbab-2d56d1b2800c.webp,Green Roasteries,"Food, Beverages & Tobacco > Beverages > Coffee",ESPRESSO ROAST,https://res.cloudinary.com/dgcexgq5g/image/upload/v1751636736/greenroasteries/gallery/gallery/COL-TOL-ESPRSS-ROAS_img_9a17e013-361d-41a3-b785-ac1fe04b7f8c.webp,,67c1266c-4d7a-481f-8247-cdbca4c9b4b6,Brown,250g,Coffee,unisex,adult,en,Colombia Tolima,ESPRESSO ROAST,Medium Roast,Ground grains
d26ecb19-da4d-4161-a39f-4d8e648f3ad1_en,Colombia Tolima - 1000g Ground grains,"The crop has rich, beautiful aromas that suit lovers of simple, classic black coffee drinks. The beauty of the crop is highlighted with all kinds of milk drinks, characterized by the flavors of passion fruit, grapes and dark chocolate.",in stock,new,195.00 AED,https://thegreenroasteries.com/product/colombia-tolima,https://res.cloudinary.com/dgcexgq5g/image/upload/v1751636555/greenroasteries/variations/variations/COL-TOL-ESPRSS-ROAS_var_d26ecb19-da4d-4161-a39f-4d8e648f3ad1.webp,Green Roasteries,"Food, Beverages & Tobacco > Beverages > Coffee",ESPRESSO ROAST,https://res.cloudinary.com/dgcexgq5g/image/upload/v1751636736/greenroasteries/gallery/gallery/COL-TOL-ESPRSS-ROAS_img_9a17e013-361d-41a3-b785-ac1fe04b7f8c.webp,,67c1266c-4d7a-481f-8247-cdbca4c9b4b6,Brown,1000g,Coffee,unisex,adult,en,Colombia Tolima,ESPRESSO ROAST,Medium Roast,Ground grains
80d7398e-4687-44ea-972c-ae1725d192be_en,Colombia Tolima - 500g Ground grains,"The crop has rich, beautiful aromas that suit lovers of simple, classic black coffee drinks. The beauty of the crop is highlighted with all kinds of milk drinks, characterized by the flavors of passion fruit, grapes and dark chocolate.",in stock,new,105.00 AED,https://thegreenroasteries.com/product/colombia-tolima,https://res.cloudinary.com/dgcexgq5g/image/upload/v1751636571/greenroasteries/variations/variations/COL-TOL-ESPRSS-ROAS_var_80d7398e-4687-44ea-972c-ae1725d192be.webp,Green Roasteries,"Food, Beverages & Tobacco > Beverages > Coffee",ESPRESSO ROAST,https://res.cloudinary.com/dgcexgq5g/image/upload/v1751636736/greenroasteries/gallery/gallery/COL-TOL-ESPRSS-ROAS_img_9a17e013-361d-41a3-b785-ac1fe04b7f8c.webp,,67c1266c-4d7a-481f-8247-cdbca4c9b4b6,Brown,500g,Coffee,unisex,adult,en,Colombia Tolima,ESPRESSO ROAST,Medium Roast,Ground grains
515dae6e-d3e7-4701-803d-88f1cc845147_ar,كولومبيـــا توليمـــة - 1000g حبوب كاملة,"The crop has rich, beautiful aromas that suit lovers of simple, classic black coffee drinks. The beauty of the crop is highlighted with all kinds of milk drinks, characterized by the flavors of passion fruit, grapes and dark chocolate.",in stock,new,195.00 AED,https://thegreenroasteries.com/product/colombia-tolima?lang=ar,https://res.cloudinary.com/dgcexgq5g/image/upload/v1751636553/greenroasteries/variations/variations/COL-TOL-ESPRSS-ROAS_var_515dae6e-d3e7-4701-803d-88f1cc845147.webp,المحامص الخضراء,"Food, Beverages & Tobacco > Beverages > Coffee",تحميص الإسبريسو,https://res.cloudinary.com/dgcexgq5g/image/upload/v1751636736/greenroasteries/gallery/gallery/COL-TOL-ESPRSS-ROAS_img_9a17e013-361d-41a3-b785-ac1fe04b7f8c.webp,,67c1266c-4d7a-481f-8247-cdbca4c9b4b6,Brown,1000g,قهوة,unisex,adult,ar,Colombia Tolima,تحميص الإسبريسو,تحميص متوسط,حبوب كاملة
eb249263-1e61-4216-8b30-1ab11084fcc7_ar,كولومبيـــا توليمـــة - 500g حبوب كاملة,"The crop has rich, beautiful aromas that suit lovers of simple, classic black coffee drinks. The beauty of the crop is highlighted with all kinds of milk drinks, characterized by the flavors of passion fruit, grapes and dark chocolate.",in stock,new,105.00 AED,https://thegreenroasteries.com/product/colombia-tolima?lang=ar,https://res.cloudinary.com/dgcexgq5g/image/upload/v1751636577/greenroasteries/variations/variations/COL-TOL-ESPRSS-ROAS_var_eb249263-1e61-4216-8b30-1ab11084fcc7.webp,المحامص الخضراء,"Food, Beverages & Tobacco > Beverages > Coffee",تحميص الإسبريسو,https://res.cloudinary.com/dgcexgq5g/image/upload/v1751636736/greenroasteries/gallery/gallery/COL-TOL-ESPRSS-ROAS_img_9a17e013-361d-41a3-b785-ac1fe04b7f8c.webp,,67c1266c-4d7a-481f-8247-cdbca4c9b4b6,Brown,500g,قهوة,unisex,adult,ar,Colombia Tolima,تحميص الإسبريسو,تحميص متوسط,حبوب كاملة
d822f7d6-2fd2-43b5-ad13-b8fcb062c6d0_ar,كولومبيـــا توليمـــة - 250g حبوب كاملة,"The crop has rich, beautiful aromas that suit lovers of simple, classic black coffee drinks. The beauty of the crop is highlighted with all kinds of milk drinks, characterized by the flavors of passion fruit, grapes and dark chocolate.",in stock,new,59.95 AED,https://thegreenroasteries.com/product/colombia-tolima?lang=ar,https://res.cloudinary.com/dgcexgq5g/image/upload/v1751636597/greenroasteries/variations/variations/COL-TOL-ESPRSS-ROAS_var_d822f7d6-2fd2-43b5-ad13-b8fcb062c6d0.webp,المحامص الخضراء,"Food, Beverages & Tobacco > Beverages > Coffee",تحميص الإسبريسو,https://res.cloudinary.com/dgcexgq5g/image/upload/v1751636736/greenroasteries/gallery/gallery/COL-TOL-ESPRSS-ROAS_img_9a17e013-361d-41a3-b785-ac1fe04b7f8c.webp,,67c1266c-4d7a-481f-8247-cdbca4c9b4b6,Brown,250g,قهوة,unisex,adult,ar,Colombia Tolima,تحميص الإسبريسو,تحميص متوسط,حبوب كاملة
8665b36f-6d36-40d4-bbab-2d56d1b2800c_ar,كولومبيـــا توليمـــة - 250g حبوب مطحونة,"The crop has rich, beautiful aromas that suit lovers of simple, classic black coffee drinks. The beauty of the crop is highlighted with all kinds of milk drinks, characterized by the flavors of passion fruit, grapes and dark chocolate.",in stock,new,59.95 AED,https://thegreenroasteries.com/product/colombia-tolima?lang=ar,https://res.cloudinary.com/dgcexgq5g/image/upload/v1751636608/greenroasteries/variations/variations/COL-TOL-ESPRSS-ROAS_var_8665b36f-6d36-40d4-bbab-2d56d1b2800c.webp,المحامص الخضراء,"Food, Beverages & Tobacco > Beverages > Coffee",تحميص الإسبريسو,https://res.cloudinary.com/dgcexgq5g/image/upload/v1751636736/greenroasteries/gallery/gallery/COL-TOL-ESPRSS-ROAS_img_9a17e013-361d-41a3-b785-ac1fe04b7f8c.webp,,67c1266c-4d7a-481f-8247-cdbca4c9b4b6,Brown,250g,قهوة,unisex,adult,ar,Colombia Tolima,تحميص الإسبريسو,تحميص متوسط,حبوب مطحونة
d26ecb19-da4d-4161-a39f-4d8e648f3ad1_ar,كولومبيـــا توليمـــة - 1000g حبوب مطحونة,"The crop has rich, beautiful aromas that suit lovers of simple, classic black coffee drinks. The beauty of the crop is highlighted with all kinds of milk drinks, characterized by the flavors of passion fruit, grapes and dark chocolate.",in stock,new,195.00 AED,https://thegreenroasteries.com/product/colombia-tolima?lang=ar,https://res.cloudinary.com/dgcexgq5g/image/upload/v1751636555/greenroasteries/variations/variations/COL-TOL-ESPRSS-ROAS_var_d26ecb19-da4d-4161-a39f-4d8e648f3ad1.webp,المحامص الخضراء,"Food, Beverages & Tobacco > Beverages > Coffee",تحميص الإسبريسو,https://res.cloudinary.com/dgcexgq5g/image/upload/v1751636736/greenroasteries/gallery/gallery/COL-TOL-ESPRSS-ROAS_img_9a17e013-361d-41a3-b785-ac1fe04b7f8c.webp,,67c1266c-4d7a-481f-8247-cdbca4c9b4b6,Brown,1000g,قهوة,unisex,adult,ar,Colombia Tolima,تحميص الإسبريسو,تحميص متوسط,حبوب مطحونة
80d7398e-4687-44ea-972c-ae1725d192be_ar,كولومبيـــا توليمـــة - 500g حبوب مطحونة,"The crop has rich, beautiful aromas that suit lovers of simple, classic black coffee drinks. The beauty of the crop is highlighted with all kinds of milk drinks, characterized by the flavors of passion fruit, grapes and dark chocolate.",in stock,new,105.00 AED,https://thegreenroasteries.com/product/colombia-tolima?lang=ar,https://res.cloudinary.com/dgcexgq5g/image/upload/v1751636571/greenroasteries/variations/variations/COL-TOL-ESPRSS-ROAS_var_80d7398e-4687-44ea-972c-ae1725d192be.webp,المحامص الخضراء,"Food, Beverages & Tobacco > Beverages > Coffee",تحميص الإسبريسو,https://res.cloudinary.com/dgcexgq5g/image/upload/v1751636736/greenroasteries/gallery/gallery/COL-TOL-ESPRSS-ROAS_img_9a17e013-361d-41a3-b785-ac1fe04b7f8c.webp,,67c1266c-4d7a-481f-8247-cdbca4c9b4b6,Brown,500g,قهوة,unisex,adult,ar,Colombia Tolima,تحميص الإسبريسو,تحميص متوسط,حبوب مطحونة
bff88a94-e48f-4120-9927-4a7d1e015a8c_en,Colombia Tolima - 500g whole beans,"The crop has rich, beautiful aromas that suit lovers of simple, classic black coffee drinks. The beauty of the crop is highlighted with all kinds of milk drinks, characterized by the flavors of passion fruit, grapes and dark chocolate.",in stock,new,105.00 AED,https://thegreenroasteries.com/product/colombia-tolima,https://res.cloudinary.com/dgcexgq5g/image/upload/v1751636621/greenroasteries/variations/variations/COL-TOL-MED-ROAS_var_bff88a94-e48f-4120-9927-4a7d1e015a8c.webp,Green Roasteries,"Food, Beverages & Tobacco > Beverages > Coffee",FILTER COFFEE,https://res.cloudinary.com/dgcexgq5g/image/upload/v1751636762/greenroasteries/gallery/gallery/COL-TOL-MED-ROAS_img_7f02816d-7dd6-4347-a646-fce3a1985cd8.webp,,2e8ca0be-353d-4993-917f-dee589d5b9c6,Brown,500g,Coffee,unisex,adult,en,Colombia Tolima,FILTER COFFEE,Medium Roast,whole beans
f4995723-606d-49e7-8cbe-7c1959e8be2c_en,Colombia Tolima - 250g Ground grains,"The crop has rich, beautiful aromas that suit lovers of simple, classic black coffee drinks. The beauty of the crop is highlighted with all kinds of milk drinks, characterized by the flavors of passion fruit, grapes and dark chocolate.",in stock,new,59.95 AED,https://thegreenroasteries.com/product/colombia-tolima,https://res.cloudinary.com/dgcexgq5g/image/upload/v1751636627/greenroasteries/variations/variations/COL-TOL-MED-ROAS_var_f4995723-606d-49e7-8cbe-7c1959e8be2c.webp,Green Roasteries,"Food, Beverages & Tobacco > Beverages > Coffee",FILTER COFFEE,https://res.cloudinary.com/dgcexgq5g/image/upload/v1751636762/greenroasteries/gallery/gallery/COL-TOL-MED-ROAS_img_7f02816d-7dd6-4347-a646-fce3a1985cd8.webp,,2e8ca0be-353d-4993-917f-dee589d5b9c6,Brown,250g,Coffee,unisex,adult,en,Colombia Tolima,FILTER COFFEE,Medium Roast,Ground grains
a0c4f099-e906-42d1-b192-a1f5ff6fb52e_en,Colombia Tolima - 1000g Ground grains,"The crop has rich, beautiful aromas that suit lovers of simple, classic black coffee drinks. The beauty of the crop is highlighted with all kinds of milk drinks, characterized by the flavors of passion fruit, grapes and dark chocolate.",in stock,new,195.00 AED,https://thegreenroasteries.com/product/colombia-tolima,https://res.cloudinary.com/dgcexgq5g/image/upload/v1751636630/greenroasteries/variations/variations/COL-TOL-MED-ROAS_var_a0c4f099-e906-42d1-b192-a1f5ff6fb52e.webp,Green Roasteries,"Food, Beverages & Tobacco > Beverages > Coffee",FILTER COFFEE,https://res.cloudinary.com/dgcexgq5g/image/upload/v1751636762/greenroasteries/gallery/gallery/COL-TOL-MED-ROAS_img_7f02816d-7dd6-4347-a646-fce3a1985cd8.webp,,2e8ca0be-353d-4993-917f-dee589d5b9c6,Brown,1000g,Coffee,unisex,adult,en,Colombia Tolima,FILTER COFFEE,Medium Roast,Ground grains
4bda16c9-67ad-4770-b241-04b8d496581b_en,Colombia Tolima - 500g Ground grains,"The crop has rich, beautiful aromas that suit lovers of simple, classic black coffee drinks. The beauty of the crop is highlighted with all kinds of milk drinks, characterized by the flavors of passion fruit, grapes and dark chocolate.",in stock,new,105.00 AED,https://thegreenroasteries.com/product/colombia-tolima,https://res.cloudinary.com/dgcexgq5g/image/upload/v1751636634/greenroasteries/variations/variations/COL-TOL-MED-ROAS_var_4bda16c9-67ad-4770-b241-04b8d496581b.webp,Green Roasteries,"Food, Beverages & Tobacco > Beverages > Coffee",FILTER COFFEE,https://res.cloudinary.com/dgcexgq5g/image/upload/v1751636762/greenroasteries/gallery/gallery/COL-TOL-MED-ROAS_img_7f02816d-7dd6-4347-a646-fce3a1985cd8.webp,,2e8ca0be-353d-4993-917f-dee589d5b9c6,Brown,500g,Coffee,unisex,adult,en,Colombia Tolima,FILTER COFFEE,Medium Roast,Ground grains
c26d9966-b9b1-43a3-a8b6-d1382f4d7788_en,Colombia Tolima - 250g whole beans,"The crop has rich, beautiful aromas that suit lovers of simple, classic black coffee drinks. The beauty of the crop is highlighted with all kinds of milk drinks, characterized by the flavors of passion fruit, grapes and dark chocolate.",in stock,new,59.95 AED,https://thegreenroasteries.com/product/colombia-tolima,https://res.cloudinary.com/dgcexgq5g/image/upload/v1751636624/greenroasteries/variations/variations/COL-TOL-MED-ROAS_var_c26d9966-b9b1-43a3-a8b6-d1382f4d7788.webp,Green Roasteries,"Food, Beverages & Tobacco > Beverages > Coffee",FILTER COFFEE,https://res.cloudinary.com/dgcexgq5g/image/upload/v1751636762/greenroasteries/gallery/gallery/COL-TOL-MED-ROAS_img_7f02816d-7dd6-4347-a646-fce3a1985cd8.webp,,2e8ca0be-353d-4993-917f-dee589d5b9c6,Brown,250g,Coffee,unisex,adult,en,Colombia Tolima,FILTER COFFEE,Medium Roast,whole beans
3418e487-872c-4184-9d01-4c9711485466_en,Colombia Tolima - 1000g whole beans,"The crop has rich, beautiful aromas that suit lovers of simple, classic black coffee drinks. The beauty of the crop is highlighted with all kinds of milk drinks, characterized by the flavors of passion fruit, grapes and dark chocolate.",in stock,new,195.00 AED,https://thegreenroasteries.com/product/colombia-tolima,https://res.cloudinary.com/dgcexgq5g/image/upload/v1751636631/greenroasteries/variations/variations/COL-TOL-MED-ROAS_var_3418e487-872c-4184-9d01-4c9711485466.webp,Green Roasteries,"Food, Beverages & Tobacco > Beverages > Coffee",FILTER COFFEE,https://res.cloudinary.com/dgcexgq5g/image/upload/v1751636762/greenroasteries/gallery/gallery/COL-TOL-MED-ROAS_img_7f02816d-7dd6-4347-a646-fce3a1985cd8.webp,,2e8ca0be-353d-4993-917f-dee589d5b9c6,Brown,1000g,Coffee,unisex,adult,en,Colombia Tolima,FILTER COFFEE,Medium Roast,whole beans
bff88a94-e48f-4120-9927-4a7d1e015a8c_ar,كولومبيـــا توليمـــة - 500g حبوب كاملة,محصول فريد من نوعه بسبب امتالك منطقة هرار أقدم وأطول أنواع أشجار البن المزروعة على وجه األرض، مما يجعلها تنتج أنواعا كبيرة من القهوة عالية الجودة. مميز لمشروبات الفلتر الحار و البارد بنكهتة الفاكهية الكالسيكية المتوازنة.,in stock,new,105.00 AED,https://thegreenroasteries.com/product/colombia-tolima?lang=ar,https://res.cloudinary.com/dgcexgq5g/image/upload/v1751636621/greenroasteries/variations/variations/COL-TOL-MED-ROAS_var_bff88a94-e48f-4120-9927-4a7d1e015a8c.webp,المحامص الخضراء,"Food, Beverages & Tobacco > Beverages > Coffee",قهوة مقطرة,https://res.cloudinary.com/dgcexgq5g/image/upload/v1751636762/greenroasteries/gallery/gallery/COL-TOL-MED-ROAS_img_7f02816d-7dd6-4347-a646-fce3a1985cd8.webp,,2e8ca0be-353d-4993-917f-dee589d5b9c6,Brown,500g,قهوة,unisex,adult,ar,Colombia Tolima,قهوة مقطرة,تحميص متوسط,حبوب كاملة
f4995723-606d-49e7-8cbe-7c1959e8be2c_ar,كولومبيـــا توليمـــة - 250g حبوب مطحونة,محصول فريد من نوعه بسبب امتالك منطقة هرار أقدم وأطول أنواع أشجار البن المزروعة على وجه األرض، مما يجعلها تنتج أنواعا كبيرة من القهوة عالية الجودة. مميز لمشروبات الفلتر الحار و البارد بنكهتة الفاكهية الكالسيكية المتوازنة.,in stock,new,59.95 AED,https://thegreenroasteries.com/product/colombia-tolima?lang=ar,https://res.cloudinary.com/dgcexgq5g/image/upload/v1751636627/greenroasteries/variations/variations/COL-TOL-MED-ROAS_var_f4995723-606d-49e7-8cbe-7c1959e8be2c.webp,المحامص الخضراء,"Food, Beverages & Tobacco > Beverages > Coffee",قهوة مقطرة,https://res.cloudinary.com/dgcexgq5g/image/upload/v1751636762/greenroasteries/gallery/gallery/COL-TOL-MED-ROAS_img_7f02816d-7dd6-4347-a646-fce3a1985cd8.webp,,2e8ca0be-353d-4993-917f-dee589d5b9c6,Brown,250g,قهوة,unisex,adult,ar,Colombia Tolima,قهوة مقطرة,تحميص متوسط,حبوب مطحونة
a0c4f099-e906-42d1-b192-a1f5ff6fb52e_ar,كولومبيـــا توليمـــة - 1000g حبوب مطحونة,محصول فريد من نوعه بسبب امتالك منطقة هرار أقدم وأطول أنواع أشجار البن المزروعة على وجه األرض، مما يجعلها تنتج أنواعا كبيرة من القهوة عالية الجودة. مميز لمشروبات الفلتر الحار و البارد بنكهتة الفاكهية الكالسيكية المتوازنة.,in stock,new,195.00 AED,https://thegreenroasteries.com/product/colombia-tolima?lang=ar,https://res.cloudinary.com/dgcexgq5g/image/upload/v1751636630/greenroasteries/variations/variations/COL-TOL-MED-ROAS_var_a0c4f099-e906-42d1-b192-a1f5ff6fb52e.webp,المحامص الخضراء,"Food, Beverages & Tobacco > Beverages > Coffee",قهوة مقطرة,https://res.cloudinary.com/dgcexgq5g/image/upload/v1751636762/greenroasteries/gallery/gallery/COL-TOL-MED-ROAS_img_7f02816d-7dd6-4347-a646-fce3a1985cd8.webp,,2e8ca0be-353d-4993-917f-dee589d5b9c6,Brown,1000g,قهوة,unisex,adult,ar,Colombia Tolima,قهوة مقطرة,تحميص متوسط,حبوب مطحونة
4bda16c9-67ad-4770-b241-04b8d496581b_ar,كولومبيـــا توليمـــة - 500g حبوب مطحونة,محصول فريد من نوعه بسبب امتالك منطقة هرار أقدم وأطول أنواع أشجار البن المزروعة على وجه األرض، مما يجعلها تنتج أنواعا كبيرة من القهوة عالية الجودة. مميز لمشروبات الفلتر الحار و البارد بنكهتة الفاكهية الكالسيكية المتوازنة.,in stock,new,105.00 AED,https://thegreenroasteries.com/product/colombia-tolima?lang=ar,https://res.cloudinary.com/dgcexgq5g/image/upload/v1751636634/greenroasteries/variations/variations/COL-TOL-MED-ROAS_var_4bda16c9-67ad-4770-b241-04b8d496581b.webp,المحامص الخضراء,"Food, Beverages & Tobacco > Beverages > Coffee",قهوة مقطرة,https://res.cloudinary.com/dgcexgq5g/image/upload/v1751636762/greenroasteries/gallery/gallery/COL-TOL-MED-ROAS_img_7f02816d-7dd6-4347-a646-fce3a1985cd8.webp,,2e8ca0be-353d-4993-917f-dee589d5b9c6,Brown,500g,قهوة,unisex,adult,ar,Colombia Tolima,قهوة مقطرة,تحميص متوسط,حبوب مطحونة
c26d9966-b9b1-43a3-a8b6-d1382f4d7788_ar,كولومبيـــا توليمـــة - 250g حبوب كاملة,محصول فريد من نوعه بسبب امتالك منطقة هرار أقدم وأطول أنواع أشجار البن المزروعة على وجه األرض، مما يجعلها تنتج أنواعا كبيرة من القهوة عالية الجودة. مميز لمشروبات الفلتر الحار و البارد بنكهتة الفاكهية الكالسيكية المتوازنة.,in stock,new,59.95 AED,https://thegreenroasteries.com/product/colombia-tolima?lang=ar,https://res.cloudinary.com/dgcexgq5g/image/upload/v1751636624/greenroasteries/variations/variations/COL-TOL-MED-ROAS_var_c26d9966-b9b1-43a3-a8b6-d1382f4d7788.webp,المحامص الخضراء,"Food, Beverages & Tobacco > Beverages > Coffee",قهوة مقطرة,https://res.cloudinary.com/dgcexgq5g/image/upload/v1751636762/greenroasteries/gallery/gallery/COL-TOL-MED-ROAS_img_7f02816d-7dd6-4347-a646-fce3a1985cd8.webp,,2e8ca0be-353d-4993-917f-dee589d5b9c6,Brown,250g,قهوة,unisex,adult,ar,Colombia Tolima,قهوة مقطرة,تحميص متوسط,حبوب كاملة
3418e487-872c-4184-9d01-4c9711485466_ar,كولومبيـــا توليمـــة - 1000g حبوب كاملة,محصول فريد من نوعه بسبب امتالك منطقة هرار أقدم وأطول أنواع أشجار البن المزروعة على وجه األرض، مما يجعلها تنتج أنواعا كبيرة من القهوة عالية الجودة. مميز لمشروبات الفلتر الحار و البارد بنكهتة الفاكهية الكالسيكية المتوازنة.,in stock,new,195.00 AED,https://thegreenroasteries.com/product/colombia-tolima?lang=ar,https://res.cloudinary.com/dgcexgq5g/image/upload/v1751636631/greenroasteries/variations/variations/COL-TOL-MED-ROAS_var_3418e487-872c-4184-9d01-4c9711485466.webp,المحامص الخضراء,"Food, Beverages & Tobacco > Beverages > Coffee",قهوة مقطرة,https://res.cloudinary.com/dgcexgq5g/image/upload/v1751636762/greenroasteries/gallery/gallery/COL-TOL-MED-ROAS_img_7f02816d-7dd6-4347-a646-fce3a1985cd8.webp,,2e8ca0be-353d-4993-917f-dee589d5b9c6,Brown,1000g,قهوة,unisex,adult,ar,Colombia Tolima,قهوة مقطرة,تحميص متوسط,حبوب كاملة
21a68618-3936-47b7-a68f-7626cfed7ad9_en,Crispy Salted Green Peas - 250g,"Crunch into wholesome goodness with our Crispy Salted Green Peas. Each premium green pea is carefully roasted until perfect crispness, then lightly dusted with pure sea salt to enhance its naturally sweet, vegetal flavor. These bite-sized snacks deliver a satisfying crunch and a clean, savory finish—ideal for on-the-go munching, adding texture to salads, or pairing with your favorite dips.",in stock,new,9.95 AED,https://thegreenroasteries.com/product/crispy-salted-green-peas,https://res.cloudinary.com/dgcexgq5g/image/upload/v1751636322/greenroasteries/products/products/GR-PS.webp,Green Roasteries,"Food, Beverages & Tobacco > Food Items > Snack Foods > Nuts & Seeds",NUTS & DRIED FRUITS,,,0e08e70f-3d81-4fa2-a564-5250a6a921ed,Brown,250g,Coffee,unisex,adult,en,Premium Origin,NUTS & DRIED FRUITS,Medium Roast,Arabica Beans
1a4d985b-8c54-49db-852a-6c105bb7caf0_en,Crispy Salted Green Peas - 500g,"Crunch into wholesome goodness with our Crispy Salted Green Peas. Each premium green pea is carefully roasted until perfect crispness, then lightly dusted with pure sea salt to enhance its naturally sweet, vegetal flavor. These bite-sized snacks deliver a satisfying crunch and a clean, savory finish—ideal for on-the-go munching, adding texture to salads, or pairing with your favorite dips.",in stock,new,16.95 AED,https://thegreenroasteries.com/product/crispy-salted-green-peas,https://res.cloudinary.com/dgcexgq5g/image/upload/v1751636322/greenroasteries/products/products/GR-PS.webp,Green Roasteries,"Food, Beverages & Tobacco > Food Items > Snack Foods > Nuts & Seeds",NUTS & DRIED FRUITS,,,0e08e70f-3d81-4fa2-a564-5250a6a921ed,Brown,500g,Coffee,unisex,adult,en,Premium Origin,NUTS & DRIED FRUITS,Medium Roast,Arabica Beans
3363c57d-097b-457c-a6bd-a9a536af96e3_en,Crispy Salted Green Peas - 1000g,"Crunch into wholesome goodness with our Crispy Salted Green Peas. Each premium green pea is carefully roasted until perfect crispness, then lightly dusted with pure sea salt to enhance its naturally sweet, vegetal flavor. These bite-sized snacks deliver a satisfying crunch and a clean, savory finish—ideal for on-the-go munching, adding texture to salads, or pairing with your favorite dips.",in stock,new,29.95 AED,https://thegreenroasteries.com/product/crispy-salted-green-peas,https://res.cloudinary.com/dgcexgq5g/image/upload/v1751636322/greenroasteries/products/products/GR-PS.webp,Green Roasteries,"Food, Beverages & Tobacco > Food Items > Snack Foods > Nuts & Seeds",NUTS & DRIED FRUITS,,,0e08e70f-3d81-4fa2-a564-5250a6a921ed,Brown,1000g,Coffee,unisex,adult,en,Premium Origin,NUTS & DRIED FRUITS,Medium Roast,Arabica Beans
21a68618-3936-47b7-a68f-7626cfed7ad9_ar,بازيلاء خضراء مقرمشة بالملح - 250g,استمتع بقرمشة صحية مع بازيلاء خضراء مقرمشة بالملح. تُحمص حبات البازيلاء الفاخرة بعناية حتى تصل إلى درجة المقرمشة المثالية، ثم تُتبل بخفة بملح البحر النقي لإبراز نكهتها الحلوة والطبيعية. تقدم هذه الوجبة الخفيفة قرمشة مرضية مع نهاية مالحة نظيفة—مثالية للتناول أثناء التنقل، أو لإضافة قوام إلى السلطات، أو للتقديم مع الصلصات المفضّلة لديك.,in stock,new,9.95 AED,https://thegreenroasteries.com/product/crispy-salted-green-peas?lang=ar,https://res.cloudinary.com/dgcexgq5g/image/upload/v1751636322/greenroasteries/products/products/GR-PS.webp,المحامص الخضراء,"Food, Beverages & Tobacco > Beverages > Coffee",مكسرات وفواكه مجففة,,,0e08e70f-3d81-4fa2-a564-5250a6a921ed,Brown,250g,قهوة,unisex,adult,ar,أصل مميز,مكسرات وفواكه مجففة,تحميص متوسط,حبوب عربية
1a4d985b-8c54-49db-852a-6c105bb7caf0_ar,بازيلاء خضراء مقرمشة بالملح - 500g,استمتع بقرمشة صحية مع بازيلاء خضراء مقرمشة بالملح. تُحمص حبات البازيلاء الفاخرة بعناية حتى تصل إلى درجة المقرمشة المثالية، ثم تُتبل بخفة بملح البحر النقي لإبراز نكهتها الحلوة والطبيعية. تقدم هذه الوجبة الخفيفة قرمشة مرضية مع نهاية مالحة نظيفة—مثالية للتناول أثناء التنقل، أو لإضافة قوام إلى السلطات، أو للتقديم مع الصلصات المفضّلة لديك.,in stock,new,16.95 AED,https://thegreenroasteries.com/product/crispy-salted-green-peas?lang=ar,https://res.cloudinary.com/dgcexgq5g/image/upload/v1751636322/greenroasteries/products/products/GR-PS.webp,المحامص الخضراء,"Food, Beverages & Tobacco > Beverages > Coffee",مكسرات وفواكه مجففة,,,0e08e70f-3d81-4fa2-a564-5250a6a921ed,Brown,500g,قهوة,unisex,adult,ar,أصل مميز,مكسرات وفواكه مجففة,تحميص متوسط,حبوب عربية
3363c57d-097b-457c-a6bd-a9a536af96e3_ar,بازيلاء خضراء مقرمشة بالملح - 1000g,استمتع بقرمشة صحية مع بازيلاء خضراء مقرمشة بالملح. تُحمص حبات البازيلاء الفاخرة بعناية حتى تصل إلى درجة المقرمشة المثالية، ثم تُتبل بخفة بملح البحر النقي لإبراز نكهتها الحلوة والطبيعية. تقدم هذه الوجبة الخفيفة قرمشة مرضية مع نهاية مالحة نظيفة—مثالية للتناول أثناء التنقل، أو لإضافة قوام إلى السلطات، أو للتقديم مع الصلصات المفضّلة لديك.,in stock,new,29.95 AED,https://thegreenroasteries.com/product/crispy-salted-green-peas?lang=ar,https://res.cloudinary.com/dgcexgq5g/image/upload/v1751636322/greenroasteries/products/products/GR-PS.webp,المحامص الخضراء,"Food, Beverages & Tobacco > Beverages > Coffee",مكسرات وفواكه مجففة,,,0e08e70f-3d81-4fa2-a564-5250a6a921ed,Brown,1000g,قهوة,unisex,adult,ar,أصل مميز,مكسرات وفواكه مجففة,تحميص متوسط,حبوب عربية
5fb824e2-7544-4194-872a-cf53476f92cd_en,Crunch Snack Mix - 500g,"Bursting with color and crunch, this Rainbow Crunch Snack Mix combines a vibrant medley of seasoned rice crackers, crispy pasta twists, and crunchy nut bits all coated in a light, savory glaze. Bright red, blue, green, and natural-hued pieces lend a festive look, while flavors of soy, seaweed, toasted sesame, and a hint of umami keep every handful irresistibly addictive. Perfect for parties, movie nights, or as a playful topping for soups and salads, it’s a fun, eye-catching snack that delights both kids and adults alike.",in stock,new,17.25 AED,https://thegreenroasteries.com/product/crunch-snack-mix,https://res.cloudinary.com/dgcexgq5g/image/upload/v1751636302/greenroasteries/products/products/CR-MX.webp,Green Roasteries,"Food, Beverages & Tobacco > Food Items > Snack Foods > Nuts & Seeds",NUTS & DRIED FRUITS,,,feabf1ec-ca65-4581-baf0-286aebe08373,Brown,500g,Coffee,unisex,adult,en,Premium Origin,NUTS & DRIED FRUITS,Medium Roast,Arabica Beans
97a0c25c-bfd5-4ee7-bd87-1383ea225a42_en,Crunch Snack Mix - 1000g,"Bursting with color and crunch, this Rainbow Crunch Snack Mix combines a vibrant medley of seasoned rice crackers, crispy pasta twists, and crunchy nut bits all coated in a light, savory glaze. Bright red, blue, green, and natural-hued pieces lend a festive look, while flavors of soy, seaweed, toasted sesame, and a hint of umami keep every handful irresistibly addictive. Perfect for parties, movie nights, or as a playful topping for soups and salads, it’s a fun, eye-catching snack that delights both kids and adults alike.",in stock,new,29.95 AED,https://thegreenroasteries.com/product/crunch-snack-mix,https://res.cloudinary.com/dgcexgq5g/image/upload/v1751636302/greenroasteries/products/products/CR-MX.webp,Green Roasteries,"Food, Beverages & Tobacco > Food Items > Snack Foods > Nuts & Seeds",NUTS & DRIED FRUITS,,,feabf1ec-ca65-4581-baf0-286aebe08373,Brown,1000g,Coffee,unisex,adult,en,Premium Origin,NUTS & DRIED FRUITS,Medium Roast,Arabica Beans
0d58dd44-a35a-43f7-b611-8d42b21224d4_en,Crunch Snack Mix - 250g,"Bursting with color and crunch, this Rainbow Crunch Snack Mix combines a vibrant medley of seasoned rice crackers, crispy pasta twists, and crunchy nut bits all coated in a light, savory glaze. Bright red, blue, green, and natural-hued pieces lend a festive look, while flavors of soy, seaweed, toasted sesame, and a hint of umami keep every handful irresistibly addictive. Perfect for parties, movie nights, or as a playful topping for soups and salads, it’s a fun, eye-catching snack that delights both kids and adults alike.",in stock,new,9.95 AED,https://thegreenroasteries.com/product/crunch-snack-mix,https://res.cloudinary.com/dgcexgq5g/image/upload/v1751636302/greenroasteries/products/products/CR-MX.webp,Green Roasteries,"Food, Beverages & Tobacco > Food Items > Snack Foods > Nuts & Seeds",NUTS & DRIED FRUITS,,,feabf1ec-ca65-4581-baf0-286aebe08373,Brown,250g,Coffee,unisex,adult,en,Premium Origin,NUTS & DRIED FRUITS,Medium Roast,Arabica Beans
5fb824e2-7544-4194-872a-cf53476f92cd_ar,مزيج مقرمش - 500g,يقدم لك مزيج مقرمش ألوان قوس قزح تجربة ممتعة وغنية بالنكهات مع توليفة ملونة من قطع كعك الأرز المتبّل، وأنابيب الباستا المقرمشة، وفتات المكسرات المحمّصة، كلها مغطاة بطبقة خفيفة من الصلصة المالحة. تمنح الألوان الحمراء والزرقاء والخضراء والطبيعية مظهرًا احتفاليًا، بينما تضفي نكهات الصويا والطحالب البحرية والسمسم المحمّص لمسة أومامي لا تقاوم. مثالي للحفلات أو ليالي السينما، بل ويمكن استخدامه كإضافة مرحة للشوربات والسلطات، ليكون وجبة خفيفة مسلية ترضي الكبار والصغار على حد سواء.,in stock,new,17.25 AED,https://thegreenroasteries.com/product/crunch-snack-mix?lang=ar,https://res.cloudinary.com/dgcexgq5g/image/upload/v1751636302/greenroasteries/products/products/CR-MX.webp,المحامص الخضراء,"Food, Beverages & Tobacco > Beverages > Coffee",مكسرات وفواكه مجففة,,,feabf1ec-ca65-4581-baf0-286aebe08373,Brown,500g,قهوة,unisex,adult,ar,أصل مميز,مكسرات وفواكه مجففة,تحميص متوسط,حبوب عربية
97a0c25c-bfd5-4ee7-bd87-1383ea225a42_ar,مزيج مقرمش - 1000g,يقدم لك مزيج مقرمش ألوان قوس قزح تجربة ممتعة وغنية بالنكهات مع توليفة ملونة من قطع كعك الأرز المتبّل، وأنابيب الباستا المقرمشة، وفتات المكسرات المحمّصة، كلها مغطاة بطبقة خفيفة من الصلصة المالحة. تمنح الألوان الحمراء والزرقاء والخضراء والطبيعية مظهرًا احتفاليًا، بينما تضفي نكهات الصويا والطحالب البحرية والسمسم المحمّص لمسة أومامي لا تقاوم. مثالي للحفلات أو ليالي السينما، بل ويمكن استخدامه كإضافة مرحة للشوربات والسلطات، ليكون وجبة خفيفة مسلية ترضي الكبار والصغار على حد سواء.,in stock,new,29.95 AED,https://thegreenroasteries.com/product/crunch-snack-mix?lang=ar,https://res.cloudinary.com/dgcexgq5g/image/upload/v1751636302/greenroasteries/products/products/CR-MX.webp,المحامص الخضراء,"Food, Beverages & Tobacco > Beverages > Coffee",مكسرات وفواكه مجففة,,,feabf1ec-ca65-4581-baf0-286aebe08373,Brown,1000g,قهوة,unisex,adult,ar,أصل مميز,مكسرات وفواكه مجففة,تحميص متوسط,حبوب عربية
0d58dd44-a35a-43f7-b611-8d42b21224d4_ar,مزيج مقرمش - 250g,يقدم لك مزيج مقرمش ألوان قوس قزح تجربة ممتعة وغنية بالنكهات مع توليفة ملونة من قطع كعك الأرز المتبّل، وأنابيب الباستا المقرمشة، وفتات المكسرات المحمّصة، كلها مغطاة بطبقة خفيفة من الصلصة المالحة. تمنح الألوان الحمراء والزرقاء والخضراء والطبيعية مظهرًا احتفاليًا، بينما تضفي نكهات الصويا والطحالب البحرية والسمسم المحمّص لمسة أومامي لا تقاوم. مثالي للحفلات أو ليالي السينما، بل ويمكن استخدامه كإضافة مرحة للشوربات والسلطات، ليكون وجبة خفيفة مسلية ترضي الكبار والصغار على حد سواء.,in stock,new,9.95 AED,https://thegreenroasteries.com/product/crunch-snack-mix?lang=ar,https://res.cloudinary.com/dgcexgq5g/image/upload/v1751636302/greenroasteries/products/products/CR-MX.webp,المحامص الخضراء,"Food, Beverages & Tobacco > Beverages > Coffee",مكسرات وفواكه مجففة,,,feabf1ec-ca65-4581-baf0-286aebe08373,Brown,250g,قهوة,unisex,adult,ar,أصل مميز,مكسرات وفواكه مجففة,تحميص متوسط,حبوب عربية
e6171da3-c759-444d-b20e-8e0c357c6f57_en,Crunchy Cheddar Ridges - 250g,"Experience bold crunch and cheesy flavor with our Crunchy Cheddar Ridges. These extra-thick, ridged potato chips are cooked to golden perfection, then generously dusted with rich cheddar cheese seasoning and a hint of tangy buttermilk. The pronounced ridges deliver maximum crunch in every bite, while the savory cheese coating keeps you coming back for more. Perfect for parties, movie nights, or anytime you crave an irresistible, savory snack.",in stock,new,35.95 AED,https://thegreenroasteries.com/product/crunchy-cheddar-ridges,https://res.cloudinary.com/dgcexgq5g/image/upload/v1751636346/greenroasteries/products/products/CHPS-CH.jpg,Green Roasteries,"Food, Beverages & Tobacco > Food Items > Snack Foods > Nuts & Seeds",NUTS & DRIED FRUITS,,,7f49b63f-b899-474e-9ab6-a2e70297ccfe,Brown,250g,Coffee,unisex,adult,en,Premium Origin,NUTS & DRIED FRUITS,Medium Roast,Arabica Beans
765ae99c-5039-4d2c-ae10-85ada962bfe2_en,Crunchy Cheddar Ridges - 500g,"Experience bold crunch and cheesy flavor with our Crunchy Cheddar Ridges. These extra-thick, ridged potato chips are cooked to golden perfection, then generously dusted with rich cheddar cheese seasoning and a hint of tangy buttermilk. The pronounced ridges deliver maximum crunch in every bite, while the savory cheese coating keeps you coming back for more. Perfect for parties, movie nights, or anytime you crave an irresistible, savory snack.",in stock,new,54.95 AED,https://thegreenroasteries.com/product/crunchy-cheddar-ridges,https://res.cloudinary.com/dgcexgq5g/image/upload/v1751636346/greenroasteries/products/products/CHPS-CH.jpg,Green Roasteries,"Food, Beverages & Tobacco > Food Items > Snack Foods > Nuts & Seeds",NUTS & DRIED FRUITS,,,7f49b63f-b899-474e-9ab6-a2e70297ccfe,Brown,500g,Coffee,unisex,adult,en,Premium Origin,NUTS & DRIED FRUITS,Medium Roast,Arabica Beans
75834e6f-3680-44d2-99f5-249f4cbc293f_en,Crunchy Cheddar Ridges - 1000g,"Experience bold crunch and cheesy flavor with our Crunchy Cheddar Ridges. These extra-thick, ridged potato chips are cooked to golden perfection, then generously dusted with rich cheddar cheese seasoning and a hint of tangy buttermilk. The pronounced ridges deliver maximum crunch in every bite, while the savory cheese coating keeps you coming back for more. Perfect for parties, movie nights, or anytime you crave an irresistible, savory snack.",in stock,new,119.95 AED,https://thegreenroasteries.com/product/crunchy-cheddar-ridges,https://res.cloudinary.com/dgcexgq5g/image/upload/v1751636346/greenroasteries/products/products/CHPS-CH.jpg,Green Roasteries,"Food, Beverages & Tobacco > Food Items > Snack Foods > Nuts & Seeds",NUTS & DRIED FRUITS,,,7f49b63f-b899-474e-9ab6-a2e70297ccfe,Brown,1000g,Coffee,unisex,adult,en,Premium Origin,NUTS & DRIED FRUITS,Medium Roast,Arabica Beans
e6171da3-c759-444d-b20e-8e0c357c6f57_ar,رقائق بطاطس بالتشيدر المقرمشة - 250g,اكتشف قرمشة غنية ونكهة جبنة التشيدر مع رقائق بطاطس بالتشيدر المقرمشة. تُقلى هذه الرقائق السميكة والمموجة حتى تصبح ذهبية ومقرمشة، ثم تُغطى بطبقة وفيرة من تتبيلة جبنة التشيدر الغنية ولمسة من حليب الزبادي الحامض. تضمن المموجات العميقة قرمشة فائقة في كل قضمة، بينما تجعل نكهة الجبنة الشهية هذه الوجبة الخفيفة لا تُقاوم. مثالية للحفلات، وليالي الأفلام، أو كلما شعرت برغبة في وجبة خفيفة مالحة ومقرمشة.,in stock,new,35.95 AED,https://thegreenroasteries.com/product/crunchy-cheddar-ridges?lang=ar,https://res.cloudinary.com/dgcexgq5g/image/upload/v1751636346/greenroasteries/products/products/CHPS-CH.jpg,المحامص الخضراء,"Food, Beverages & Tobacco > Beverages > Coffee",مكسرات وفواكه مجففة,,,7f49b63f-b899-474e-9ab6-a2e70297ccfe,Brown,250g,قهوة,unisex,adult,ar,أصل مميز,مكسرات وفواكه مجففة,تحميص متوسط,حبوب عربية
765ae99c-5039-4d2c-ae10-85ada962bfe2_ar,رقائق بطاطس بالتشيدر المقرمشة - 500g,اكتشف قرمشة غنية ونكهة جبنة التشيدر مع رقائق بطاطس بالتشيدر المقرمشة. تُقلى هذه الرقائق السميكة والمموجة حتى تصبح ذهبية ومقرمشة، ثم تُغطى بطبقة وفيرة من تتبيلة جبنة التشيدر الغنية ولمسة من حليب الزبادي الحامض. تضمن المموجات العميقة قرمشة فائقة في كل قضمة، بينما تجعل نكهة الجبنة الشهية هذه الوجبة الخفيفة لا تُقاوم. مثالية للحفلات، وليالي الأفلام، أو كلما شعرت برغبة في وجبة خفيفة مالحة ومقرمشة.,in stock,new,54.95 AED,https://thegreenroasteries.com/product/crunchy-cheddar-ridges?lang=ar,https://res.cloudinary.com/dgcexgq5g/image/upload/v1751636346/greenroasteries/products/products/CHPS-CH.jpg,المحامص الخضراء,"Food, Beverages & Tobacco > Beverages > Coffee",مكسرات وفواكه مجففة,,,7f49b63f-b899-474e-9ab6-a2e70297ccfe,Brown,500g,قهوة,unisex,adult,ar,أصل مميز,مكسرات وفواكه مجففة,تحميص متوسط,حبوب عربية
75834e6f-3680-44d2-99f5-249f4cbc293f_ar,رقائق بطاطس بالتشيدر المقرمشة - 1000g,اكتشف قرمشة غنية ونكهة جبنة التشيدر مع رقائق بطاطس بالتشيدر المقرمشة. تُقلى هذه الرقائق السميكة والمموجة حتى تصبح ذهبية ومقرمشة، ثم تُغطى بطبقة وفيرة من تتبيلة جبنة التشيدر الغنية ولمسة من حليب الزبادي الحامض. تضمن المموجات العميقة قرمشة فائقة في كل قضمة، بينما تجعل نكهة الجبنة الشهية هذه الوجبة الخفيفة لا تُقاوم. مثالية للحفلات، وليالي الأفلام، أو كلما شعرت برغبة في وجبة خفيفة مالحة ومقرمشة.,in stock,new,119.95 AED,https://thegreenroasteries.com/product/crunchy-cheddar-ridges?lang=ar,https://res.cloudinary.com/dgcexgq5g/image/upload/v1751636346/greenroasteries/products/products/CHPS-CH.jpg,المحامص الخضراء,"Food, Beverages & Tobacco > Beverages > Coffee",مكسرات وفواكه مجففة,,,7f49b63f-b899-474e-9ab6-a2e70297ccfe,Brown,1000g,قهوة,unisex,adult,ar,أصل مميز,مكسرات وفواكه مجففة,تحميص متوسط,حبوب عربية
1c4723f8-74ac-4b9b-8cb7-916944131dc1_en,Ethiopia - 250g cardamom whole beans,"We are proud of the flavor of Emirati Arabic coffee, prepared according to its origins, from selecting green coffee beans and roasting them with love until adding cardamom and saffron. Enjoy a unique experience to learn about our traditions and culture.",in stock,new,47.95 AED,https://thegreenroasteries.com/product/ethiopia,https://res.cloudinary.com/dgcexgq5g/image/upload/v1751636388/greenroasteries/variations/variations/ARABICA-ethiopia_var_1c4723f8-74ac-4b9b-8cb7-916944131dc1.webp,Green Roasteries,"Food, Beverages & Tobacco > Beverages > Coffee",ARABIC COFFEE,https://res.cloudinary.com/dgcexgq5g/image/upload/v1751636716/greenroasteries/gallery/gallery/ARABICA-ethiopia_img_5355d42e-be63-4d5a-a20f-996b52207546.webp,,25b06f8b-f855-4c0e-80fb-60e2b263f420,Brown,250g,Coffee,unisex,adult,en,Ethiopia,ARABIC COFFEE,cardamom,whole beans
a5815335-89cb-4ac3-b078-0d6fb8a2c48f_en,Ethiopia - 1000g cardamom whole beans,"We are proud of the flavor of Emirati Arabic coffee, prepared according to its origins, from selecting green coffee beans and roasting them with love until adding cardamom and saffron. Enjoy a unique experience to learn about our traditions and culture.",in stock,new,154.00 AED,https://thegreenroasteries.com/product/ethiopia,https://res.cloudinary.com/dgcexgq5g/image/upload/v1751636391/greenroasteries/variations/variations/ARABICA-ethiopia_var_a5815335-89cb-4ac3-b078-0d6fb8a2c48f.webp,Green Roasteries,"Food, Beverages & Tobacco > Beverages > Coffee",ARABIC COFFEE,https://res.cloudinary.com/dgcexgq5g/image/upload/v1751636716/greenroasteries/gallery/gallery/ARABICA-ethiopia_img_5355d42e-be63-4d5a-a20f-996b52207546.webp,,25b06f8b-f855-4c0e-80fb-60e2b263f420,Brown,1000g,Coffee,unisex,adult,en,Ethiopia,ARABIC COFFEE,cardamom,whole beans
ad19ec5c-fff1-4e7c-a3f9-1533876b009b_en,Ethiopia - 500g cardamom Ground grains,"We are proud of the flavor of Emirati Arabic coffee, prepared according to its origins, from selecting green coffee beans and roasting them with love until adding cardamom and saffron. Enjoy a unique experience to learn about our traditions and culture.",in stock,new,85.95 AED,https://thegreenroasteries.com/product/ethiopia,https://res.cloudinary.com/dgcexgq5g/image/upload/v1751636268/greenroasteries/products/products/ARABICA-ethiopia.webp,Green Roasteries,"Food, Beverages & Tobacco > Beverages > Coffee",ARABIC COFFEE,https://res.cloudinary.com/dgcexgq5g/image/upload/v1751636716/greenroasteries/gallery/gallery/ARABICA-ethiopia_img_5355d42e-be63-4d5a-a20f-996b52207546.webp,,25b06f8b-f855-4c0e-80fb-60e2b263f420,Brown,500g,Coffee,unisex,adult,en,Ethiopia,ARABIC COFFEE,cardamom,Ground grains
7e0c19f3-8571-4ab1-a6d7-b813e33555f2_en,Ethiopia - 250g saffron whole beans,"We are proud of the flavor of Emirati Arabic coffee, prepared according to its origins, from selecting green coffee beans and roasting them with love until adding cardamom and saffron. Enjoy a unique experience to learn about our traditions and culture.",in stock,new,54.95 AED,https://thegreenroasteries.com/product/ethiopia,https://res.cloudinary.com/dgcexgq5g/image/upload/v1751636434/greenroasteries/variations/variations/ARABICA-ethiopia_var_7e0c19f3-8571-4ab1-a6d7-b813e33555f2.webp,Green Roasteries,"Food, Beverages & Tobacco > Beverages > Coffee",ARABIC COFFEE,https://res.cloudinary.com/dgcexgq5g/image/upload/v1751636716/greenroasteries/gallery/gallery/ARABICA-ethiopia_img_5355d42e-be63-4d5a-a20f-996b52207546.webp,,25b06f8b-f855-4c0e-80fb-60e2b263f420,Brown,250g,Coffee,unisex,adult,en,Ethiopia,ARABIC COFFEE,saffron,whole beans
6f3457e6-04b0-47fc-8b14-f8524de25d0e_en,Ethiopia - 1000g saffron whole beans,"We are proud of the flavor of Emirati Arabic coffee, prepared according to its origins, from selecting green coffee beans and roasting them with love until adding cardamom and saffron. Enjoy a unique experience to learn about our traditions and culture.",in stock,new,166.00 AED,https://thegreenroasteries.com/product/ethiopia,https://res.cloudinary.com/dgcexgq5g/image/upload/v1751636461/greenroasteries/variations/variations/ARABICA-ethiopia_var_6f3457e6-04b0-47fc-8b14-f8524de25d0e.webp,Green Roasteries,"Food, Beverages & Tobacco > Beverages > Coffee",ARABIC COFFEE,https://res.cloudinary.com/dgcexgq5g/image/upload/v1751636716/greenroasteries/gallery/gallery/ARABICA-ethiopia_img_5355d42e-be63-4d5a-a20f-996b52207546.webp,,25b06f8b-f855-4c0e-80fb-60e2b263f420,Brown,1000g,Coffee,unisex,adult,en,Ethiopia,ARABIC COFFEE,saffron,whole beans
34955ffb-6e9c-4632-83b2-55d5d1646a2f_en,Ethiopia - 250g  cardamom & saffron whole beans,"We are proud of the flavor of Emirati Arabic coffee, prepared according to its origins, from selecting green coffee beans and roasting them with love until adding cardamom and saffron. Enjoy a unique experience to learn about our traditions and culture.",in stock,new,57.95 AED,https://thegreenroasteries.com/product/ethiopia,https://res.cloudinary.com/dgcexgq5g/image/upload/v1751636466/greenroasteries/variations/variations/ARABICA-ethiopia_var_34955ffb-6e9c-4632-83b2-55d5d1646a2f.webp,Green Roasteries,"Food, Beverages & Tobacco > Beverages > Coffee",ARABIC COFFEE,https://res.cloudinary.com/dgcexgq5g/image/upload/v1751636716/greenroasteries/gallery/gallery/ARABICA-ethiopia_img_5355d42e-be63-4d5a-a20f-996b52207546.webp,,25b06f8b-f855-4c0e-80fb-60e2b263f420,Brown,250g,Coffee,unisex,adult,en,Ethiopia,ARABIC COFFEE, cardamom & saffron,whole beans
46eac318-05a4-426c-872e-fc73f076616f_en,Ethiopia - 1000g saffron Ground grains,"We are proud of the flavor of Emirati Arabic coffee, prepared according to its origins, from selecting green coffee beans and roasting them with love until adding cardamom and saffron. Enjoy a unique experience to learn about our traditions and culture.",in stock,new,166.00 AED,https://thegreenroasteries.com/product/ethiopia,https://res.cloudinary.com/dgcexgq5g/image/upload/v1751636476/greenroasteries/variations/variations/ARABICA-ethiopia_var_46eac318-05a4-426c-872e-fc73f076616f.webp,Green Roasteries,"Food, Beverages & Tobacco > Beverages > Coffee",ARABIC COFFEE,https://res.cloudinary.com/dgcexgq5g/image/upload/v1751636716/greenroasteries/gallery/gallery/ARABICA-ethiopia_img_5355d42e-be63-4d5a-a20f-996b52207546.webp,,25b06f8b-f855-4c0e-80fb-60e2b263f420,Brown,1000g,Coffee,unisex,adult,en,Ethiopia,ARABIC COFFEE,saffron,Ground grains
deed27a1-db3b-461f-93eb-07b34fc599be_en,Ethiopia - 250g cardamom Ground grains,"We are proud of the flavor of Emirati Arabic coffee, prepared according to its origins, from selecting green coffee beans and roasting them with love until adding cardamom and saffron. Enjoy a unique experience to learn about our traditions and culture.",in stock,new,47.95 AED,https://thegreenroasteries.com/product/ethiopia,https://res.cloudinary.com/dgcexgq5g/image/upload/v1751636497/greenroasteries/variations/variations/ARABICA-ethiopia_var_deed27a1-db3b-461f-93eb-07b34fc599be.webp,Green Roasteries,"Food, Beverages & Tobacco > Beverages > Coffee",ARABIC COFFEE,https://res.cloudinary.com/dgcexgq5g/image/upload/v1751636716/greenroasteries/gallery/gallery/ARABICA-ethiopia_img_5355d42e-be63-4d5a-a20f-996b52207546.webp,,25b06f8b-f855-4c0e-80fb-60e2b263f420,Brown,250g,Coffee,unisex,adult,en,Ethiopia,ARABIC COFFEE,cardamom,Ground grains
c3ccc3fd-5b91-4a73-8d04-ab80a10a4800_en,Ethiopia - 500g saffron whole beans,"We are proud of the flavor of Emirati Arabic coffee, prepared according to its origins, from selecting green coffee beans and roasting them with love until adding cardamom and saffron. Enjoy a unique experience to learn about our traditions and culture.",in stock,new,94.95 AED,https://thegreenroasteries.com/product/ethiopia,https://res.cloudinary.com/dgcexgq5g/image/upload/v1751636500/greenroasteries/variations/variations/ARABICA-ethiopia_var_c3ccc3fd-5b91-4a73-8d04-ab80a10a4800.webp,Green Roasteries,"Food, Beverages & Tobacco > Beverages > Coffee",ARABIC COFFEE,https://res.cloudinary.com/dgcexgq5g/image/upload/v1751636716/greenroasteries/gallery/gallery/ARABICA-ethiopia_img_5355d42e-be63-4d5a-a20f-996b52207546.webp,,25b06f8b-f855-4c0e-80fb-60e2b263f420,Brown,500g,Coffee,unisex,adult,en,Ethiopia,ARABIC COFFEE,saffron,whole beans
072e2ea6-eaa0-4ea2-87cb-d335b9ac3203_en,Ethiopia - 1000g  cardamom & saffron whole beans,"We are proud of the flavor of Emirati Arabic coffee, prepared according to its origins, from selecting green coffee beans and roasting them with love until adding cardamom and saffron. Enjoy a unique experience to learn about our traditions and culture.",in stock,new,175.00 AED,https://thegreenroasteries.com/product/ethiopia,https://res.cloudinary.com/dgcexgq5g/image/upload/v1751636511/greenroasteries/variations/variations/ARABICA-ethiopia_var_072e2ea6-eaa0-4ea2-87cb-d335b9ac3203.webp,Green Roasteries,"Food, Beverages & Tobacco > Beverages > Coffee",ARABIC COFFEE,https://res.cloudinary.com/dgcexgq5g/image/upload/v1751636716/greenroasteries/gallery/gallery/ARABICA-ethiopia_img_5355d42e-be63-4d5a-a20f-996b52207546.webp,,25b06f8b-f855-4c0e-80fb-60e2b263f420,Brown,1000g,Coffee,unisex,adult,en,Ethiopia,ARABIC COFFEE, cardamom & saffron,whole beans
fb77c470-97f2-4941-b245-6b27339f1f38_en,Ethiopia - 250g  cardamom & saffron Ground grains,"We are proud of the flavor of Emirati Arabic coffee, prepared according to its origins, from selecting green coffee beans and roasting them with love until adding cardamom and saffron. Enjoy a unique experience to learn about our traditions and culture.",in stock,new,57.95 AED,https://thegreenroasteries.com/product/ethiopia,https://res.cloudinary.com/dgcexgq5g/image/upload/v1751636534/greenroasteries/variations/variations/ARABICA-ethiopia_var_fb77c470-97f2-4941-b245-6b27339f1f38.webp,Green Roasteries,"Food, Beverages & Tobacco > Beverages > Coffee",ARABIC COFFEE,https://res.cloudinary.com/dgcexgq5g/image/upload/v1751636716/greenroasteries/gallery/gallery/ARABICA-ethiopia_img_5355d42e-be63-4d5a-a20f-996b52207546.webp,,25b06f8b-f855-4c0e-80fb-60e2b263f420,Brown,250g,Coffee,unisex,adult,en,Ethiopia,ARABIC COFFEE, cardamom & saffron,Ground grains
ca973bde-96db-41fe-b59e-81699c98da30_en,Ethiopia - 1000g cardamom Ground grains,"We are proud of the flavor of Emirati Arabic coffee, prepared according to its origins, from selecting green coffee beans and roasting them with love until adding cardamom and saffron. Enjoy a unique experience to learn about our traditions and culture.",in stock,new,154.00 AED,https://thegreenroasteries.com/product/ethiopia,https://res.cloudinary.com/dgcexgq5g/image/upload/v1751636675/greenroasteries/variations/variations/ARABICA-ethiopia_var_ca973bde-96db-41fe-b59e-81699c98da30.webp,Green Roasteries,"Food, Beverages & Tobacco > Beverages > Coffee",ARABIC COFFEE,https://res.cloudinary.com/dgcexgq5g/image/upload/v1751636716/greenroasteries/gallery/gallery/ARABICA-ethiopia_img_5355d42e-be63-4d5a-a20f-996b52207546.webp,,25b06f8b-f855-4c0e-80fb-60e2b263f420,Brown,1000g,Coffee,unisex,adult,en,Ethiopia,ARABIC COFFEE,cardamom,Ground grains
9e1743f0-bb10-466b-bee0-51d46e0f8014_en,Ethiopia - 500g cardamom whole beans,"We are proud of the flavor of Emirati Arabic coffee, prepared according to its origins, from selecting green coffee beans and roasting them with love until adding cardamom and saffron. Enjoy a unique experience to learn about our traditions and culture.",in stock,new,85.95 AED,https://thegreenroasteries.com/product/ethiopia,https://res.cloudinary.com/dgcexgq5g/image/upload/v1751636268/greenroasteries/products/products/ARABICA-ethiopia.webp,Green Roasteries,"Food, Beverages & Tobacco > Beverages > Coffee",ARABIC COFFEE,https://res.cloudinary.com/dgcexgq5g/image/upload/v1751636716/greenroasteries/gallery/gallery/ARABICA-ethiopia_img_5355d42e-be63-4d5a-a20f-996b52207546.webp,,25b06f8b-f855-4c0e-80fb-60e2b263f420,Brown,500g,Coffee,unisex,adult,en,Ethiopia,ARABIC COFFEE,cardamom,whole beans
b3240aa2-4b16-453a-82b8-27efe1e3de65_en,Ethiopia - 1000g  cardamom & saffron Ground grains,"We are proud of the flavor of Emirati Arabic coffee, prepared according to its origins, from selecting green coffee beans and roasting them with love until adding cardamom and saffron. Enjoy a unique experience to learn about our traditions and culture.",in stock,new,175.00 AED,https://thegreenroasteries.com/product/ethiopia,https://res.cloudinary.com/dgcexgq5g/image/upload/v1751636464/greenroasteries/variations/variations/ARABICA-ethiopia_var_b3240aa2-4b16-453a-82b8-27efe1e3de65.webp,Green Roasteries,"Food, Beverages & Tobacco > Beverages > Coffee",ARABIC COFFEE,https://res.cloudinary.com/dgcexgq5g/image/upload/v1751636716/greenroasteries/gallery/gallery/ARABICA-ethiopia_img_5355d42e-be63-4d5a-a20f-996b52207546.webp,,25b06f8b-f855-4c0e-80fb-60e2b263f420,Brown,1000g,Coffee,unisex,adult,en,Ethiopia,ARABIC COFFEE, cardamom & saffron,Ground grains
b828fea9-79b0-4ce2-82c4-dd1008c478c3_en,Ethiopia - 500g saffron Ground grains,"We are proud of the flavor of Emirati Arabic coffee, prepared according to its origins, from selecting green coffee beans and roasting them with love until adding cardamom and saffron. Enjoy a unique experience to learn about our traditions and culture.",in stock,new,94.95 AED,https://thegreenroasteries.com/product/ethiopia,https://res.cloudinary.com/dgcexgq5g/image/upload/v1751636489/greenroasteries/variations/variations/ARABICA-ethiopia_var_b828fea9-79b0-4ce2-82c4-dd1008c478c3.webp,Green Roasteries,"Food, Beverages & Tobacco > Beverages > Coffee",ARABIC COFFEE,https://res.cloudinary.com/dgcexgq5g/image/upload/v1751636716/greenroasteries/gallery/gallery/ARABICA-ethiopia_img_5355d42e-be63-4d5a-a20f-996b52207546.webp,,25b06f8b-f855-4c0e-80fb-60e2b263f420,Brown,500g,Coffee,unisex,adult,en,Ethiopia,ARABIC COFFEE,saffron,Ground grains
3a83ed2a-3fa6-40a4-ba7d-9856f363eae4_en,Ethiopia - 500g  cardamom & saffron Ground grains,"We are proud of the flavor of Emirati Arabic coffee, prepared according to its origins, from selecting green coffee beans and roasting them with love until adding cardamom and saffron. Enjoy a unique experience to learn about our traditions and culture.",in stock,new,99.95 AED,https://thegreenroasteries.com/product/ethiopia,https://res.cloudinary.com/dgcexgq5g/image/upload/v1751636493/greenroasteries/variations/variations/ARABICA-ethiopia_var_3a83ed2a-3fa6-40a4-ba7d-9856f363eae4.webp,Green Roasteries,"Food, Beverages & Tobacco > Beverages > Coffee",ARABIC COFFEE,https://res.cloudinary.com/dgcexgq5g/image/upload/v1751636716/greenroasteries/gallery/gallery/ARABICA-ethiopia_img_5355d42e-be63-4d5a-a20f-996b52207546.webp,,25b06f8b-f855-4c0e-80fb-60e2b263f420,Brown,500g,Coffee,unisex,adult,en,Ethiopia,ARABIC COFFEE, cardamom & saffron,Ground grains
a3f3f620-a6f6-4f03-ac69-b3982651dfd3_en,Ethiopia - 500g  cardamom & saffron whole beans,"We are proud of the flavor of Emirati Arabic coffee, prepared according to its origins, from selecting green coffee beans and roasting them with love until adding cardamom and saffron. Enjoy a unique experience to learn about our traditions and culture.",in stock,new,99.95 AED,https://thegreenroasteries.com/product/ethiopia,https://res.cloudinary.com/dgcexgq5g/image/upload/v1751636498/greenroasteries/variations/variations/ARABICA-ethiopia_var_a3f3f620-a6f6-4f03-ac69-b3982651dfd3.webp,Green Roasteries,"Food, Beverages & Tobacco > Beverages > Coffee",ARABIC COFFEE,https://res.cloudinary.com/dgcexgq5g/image/upload/v1751636716/greenroasteries/gallery/gallery/ARABICA-ethiopia_img_5355d42e-be63-4d5a-a20f-996b52207546.webp,,25b06f8b-f855-4c0e-80fb-60e2b263f420,Brown,500g,Coffee,unisex,adult,en,Ethiopia,ARABIC COFFEE, cardamom & saffron,whole beans
51cfca8f-30ba-4018-9cd0-81b359f2edf4_en,Ethiopia - 250g saffron Ground grains,"We are proud of the flavor of Emirati Arabic coffee, prepared according to its origins, from selecting green coffee beans and roasting them with love until adding cardamom and saffron. Enjoy a unique experience to learn about our traditions and culture.",in stock,new,54.95 AED,https://thegreenroasteries.com/product/ethiopia,https://res.cloudinary.com/dgcexgq5g/image/upload/v1751636563/greenroasteries/variations/variations/ARABICA-ethiopia_var_51cfca8f-30ba-4018-9cd0-81b359f2edf4.webp,Green Roasteries,"Food, Beverages & Tobacco > Beverages > Coffee",ARABIC COFFEE,https://res.cloudinary.com/dgcexgq5g/image/upload/v1751636716/greenroasteries/gallery/gallery/ARABICA-ethiopia_img_5355d42e-be63-4d5a-a20f-996b52207546.webp,,25b06f8b-f855-4c0e-80fb-60e2b263f420,Brown,250g,Coffee,unisex,adult,en,Ethiopia,ARABIC COFFEE,saffron,Ground grains
1c4723f8-74ac-4b9b-8cb7-916944131dc1_ar,اثيوبيـــا - 250g هيل حبوب كاملة,نفخر بنكهة القهوة العربية اإلماراتية المحضرة حسب أصولها، بدءا من انتقاء حبوب البن الخضراء وتحميصها بكل حب حتى ً إضافة الهيل والزعفران، استمتع بتجربة فريدة للتعرف على تقاليدنا وثقافتنا.,in stock,new,47.95 AED,https://thegreenroasteries.com/product/ethiopia?lang=ar,https://res.cloudinary.com/dgcexgq5g/image/upload/v1751636388/greenroasteries/variations/variations/ARABICA-ethiopia_var_1c4723f8-74ac-4b9b-8cb7-916944131dc1.webp,المحامص الخضراء,"Food, Beverages & Tobacco > Beverages > Coffee",القهوة العربية,https://res.cloudinary.com/dgcexgq5g/image/upload/v1751636716/greenroasteries/gallery/gallery/ARABICA-ethiopia_img_5355d42e-be63-4d5a-a20f-996b52207546.webp,,25b06f8b-f855-4c0e-80fb-60e2b263f420,Brown,250g,قهوة,unisex,adult,ar,Ethiopia,القهوة العربية,هيل,حبوب كاملة
a5815335-89cb-4ac3-b078-0d6fb8a2c48f_ar,اثيوبيـــا - 1000g هيل حبوب كاملة,نفخر بنكهة القهوة العربية اإلماراتية المحضرة حسب أصولها، بدءا من انتقاء حبوب البن الخضراء وتحميصها بكل حب حتى ً إضافة الهيل والزعفران، استمتع بتجربة فريدة للتعرف على تقاليدنا وثقافتنا.,in stock,new,154.00 AED,https://thegreenroasteries.com/product/ethiopia?lang=ar,https://res.cloudinary.com/dgcexgq5g/image/upload/v1751636391/greenroasteries/variations/variations/ARABICA-ethiopia_var_a5815335-89cb-4ac3-b078-0d6fb8a2c48f.webp,المحامص الخضراء,"Food, Beverages & Tobacco > Beverages > Coffee",القهوة العربية,https://res.cloudinary.com/dgcexgq5g/image/upload/v1751636716/greenroasteries/gallery/gallery/ARABICA-ethiopia_img_5355d42e-be63-4d5a-a20f-996b52207546.webp,,25b06f8b-f855-4c0e-80fb-60e2b263f420,Brown,1000g,قهوة,unisex,adult,ar,Ethiopia,القهوة العربية,هيل,حبوب كاملة
ad19ec5c-fff1-4e7c-a3f9-1533876b009b_ar,اثيوبيـــا - 500g هيل حبوب مطحونة,نفخر بنكهة القهوة العربية اإلماراتية المحضرة حسب أصولها، بدءا من انتقاء حبوب البن الخضراء وتحميصها بكل حب حتى ً إضافة الهيل والزعفران، استمتع بتجربة فريدة للتعرف على تقاليدنا وثقافتنا.,in stock,new,85.95 AED,https://thegreenroasteries.com/product/ethiopia?lang=ar,https://res.cloudinary.com/dgcexgq5g/image/upload/v1751636268/greenroasteries/products/products/ARABICA-ethiopia.webp,المحامص الخضراء,"Food, Beverages & Tobacco > Beverages > Coffee",القهوة العربية,https://res.cloudinary.com/dgcexgq5g/image/upload/v1751636716/greenroasteries/gallery/gallery/ARABICA-ethiopia_img_5355d42e-be63-4d5a-a20f-996b52207546.webp,,25b06f8b-f855-4c0e-80fb-60e2b263f420,Brown,500g,قهوة,unisex,adult,ar,Ethiopia,القهوة العربية,هيل,حبوب مطحونة
7e0c19f3-8571-4ab1-a6d7-b813e33555f2_ar,اثيوبيـــا - 250g زعفران حبوب كاملة,نفخر بنكهة القهوة العربية اإلماراتية المحضرة حسب أصولها، بدءا من انتقاء حبوب البن الخضراء وتحميصها بكل حب حتى ً إضافة الهيل والزعفران، استمتع بتجربة فريدة للتعرف على تقاليدنا وثقافتنا.,in stock,new,54.95 AED,https://thegreenroasteries.com/product/ethiopia?lang=ar,https://res.cloudinary.com/dgcexgq5g/image/upload/v1751636434/greenroasteries/variations/variations/ARABICA-ethiopia_var_7e0c19f3-8571-4ab1-a6d7-b813e33555f2.webp,المحامص الخضراء,"Food, Beverages & Tobacco > Beverages > Coffee",القهوة العربية,https://res.cloudinary.com/dgcexgq5g/image/upload/v1751636716/greenroasteries/gallery/gallery/ARABICA-ethiopia_img_5355d42e-be63-4d5a-a20f-996b52207546.webp,,25b06f8b-f855-4c0e-80fb-60e2b263f420,Brown,250g,قهوة,unisex,adult,ar,Ethiopia,القهوة العربية,زعفران,حبوب كاملة
6f3457e6-04b0-47fc-8b14-f8524de25d0e_ar,اثيوبيـــا - 1000g زعفران حبوب كاملة,نفخر بنكهة القهوة العربية اإلماراتية المحضرة حسب أصولها، بدءا من انتقاء حبوب البن الخضراء وتحميصها بكل حب حتى ً إضافة الهيل والزعفران، استمتع بتجربة فريدة للتعرف على تقاليدنا وثقافتنا.,in stock,new,166.00 AED,https://thegreenroasteries.com/product/ethiopia?lang=ar,https://res.cloudinary.com/dgcexgq5g/image/upload/v1751636461/greenroasteries/variations/variations/ARABICA-ethiopia_var_6f3457e6-04b0-47fc-8b14-f8524de25d0e.webp,المحامص الخضراء,"Food, Beverages & Tobacco > Beverages > Coffee",القهوة العربية,https://res.cloudinary.com/dgcexgq5g/image/upload/v1751636716/greenroasteries/gallery/gallery/ARABICA-ethiopia_img_5355d42e-be63-4d5a-a20f-996b52207546.webp,,25b06f8b-f855-4c0e-80fb-60e2b263f420,Brown,1000g,قهوة,unisex,adult,ar,Ethiopia,القهوة العربية,زعفران,حبوب كاملة
34955ffb-6e9c-4632-83b2-55d5d1646a2f_ar,اثيوبيـــا - 250g هيل و زعفران حبوب كاملة,نفخر بنكهة القهوة العربية اإلماراتية المحضرة حسب أصولها، بدءا من انتقاء حبوب البن الخضراء وتحميصها بكل حب حتى ً إضافة الهيل والزعفران، استمتع بتجربة فريدة للتعرف على تقاليدنا وثقافتنا.,in stock,new,57.95 AED,https://thegreenroasteries.com/product/ethiopia?lang=ar,https://res.cloudinary.com/dgcexgq5g/image/upload/v1751636466/greenroasteries/variations/variations/ARABICA-ethiopia_var_34955ffb-6e9c-4632-83b2-55d5d1646a2f.webp,المحامص الخضراء,"Food, Beverages & Tobacco > Beverages > Coffee",القهوة العربية,https://res.cloudinary.com/dgcexgq5g/image/upload/v1751636716/greenroasteries/gallery/gallery/ARABICA-ethiopia_img_5355d42e-be63-4d5a-a20f-996b52207546.webp,,25b06f8b-f855-4c0e-80fb-60e2b263f420,Brown,250g,قهوة,unisex,adult,ar,Ethiopia,القهوة العربية,هيل و زعفران,حبوب كاملة
46eac318-05a4-426c-872e-fc73f076616f_ar,اثيوبيـــا - 1000g زعفران حبوب مطحونة,نفخر بنكهة القهوة العربية اإلماراتية المحضرة حسب أصولها، بدءا من انتقاء حبوب البن الخضراء وتحميصها بكل حب حتى ً إضافة الهيل والزعفران، استمتع بتجربة فريدة للتعرف على تقاليدنا وثقافتنا.,in stock,new,166.00 AED,https://thegreenroasteries.com/product/ethiopia?lang=ar,https://res.cloudinary.com/dgcexgq5g/image/upload/v1751636476/greenroasteries/variations/variations/ARABICA-ethiopia_var_46eac318-05a4-426c-872e-fc73f076616f.webp,المحامص الخضراء,"Food, Beverages & Tobacco > Beverages > Coffee",القهوة العربية,https://res.cloudinary.com/dgcexgq5g/image/upload/v1751636716/greenroasteries/gallery/gallery/ARABICA-ethiopia_img_5355d42e-be63-4d5a-a20f-996b52207546.webp,,25b06f8b-f855-4c0e-80fb-60e2b263f420,Brown,1000g,قهوة,unisex,adult,ar,Ethiopia,القهوة العربية,زعفران,حبوب مطحونة
deed27a1-db3b-461f-93eb-07b34fc599be_ar,اثيوبيـــا - 250g هيل حبوب مطحونة,نفخر بنكهة القهوة العربية اإلماراتية المحضرة حسب أصولها، بدءا من انتقاء حبوب البن الخضراء وتحميصها بكل حب حتى ً إضافة الهيل والزعفران، استمتع بتجربة فريدة للتعرف على تقاليدنا وثقافتنا.,in stock,new,47.95 AED,https://thegreenroasteries.com/product/ethiopia?lang=ar,https://res.cloudinary.com/dgcexgq5g/image/upload/v1751636497/greenroasteries/variations/variations/ARABICA-ethiopia_var_deed27a1-db3b-461f-93eb-07b34fc599be.webp,المحامص الخضراء,"Food, Beverages & Tobacco > Beverages > Coffee",القهوة العربية,https://res.cloudinary.com/dgcexgq5g/image/upload/v1751636716/greenroasteries/gallery/gallery/ARABICA-ethiopia_img_5355d42e-be63-4d5a-a20f-996b52207546.webp,,25b06f8b-f855-4c0e-80fb-60e2b263f420,Brown,250g,قهوة,unisex,adult,ar,Ethiopia,القهوة العربية,هيل,حبوب مطحونة
c3ccc3fd-5b91-4a73-8d04-ab80a10a4800_ar,اثيوبيـــا - 500g زعفران حبوب كاملة,نفخر بنكهة القهوة العربية اإلماراتية المحضرة حسب أصولها، بدءا من انتقاء حبوب البن الخضراء وتحميصها بكل حب حتى ً إضافة الهيل والزعفران، استمتع بتجربة فريدة للتعرف على تقاليدنا وثقافتنا.,in stock,new,94.95 AED,https://thegreenroasteries.com/product/ethiopia?lang=ar,https://res.cloudinary.com/dgcexgq5g/image/upload/v1751636500/greenroasteries/variations/variations/ARABICA-ethiopia_var_c3ccc3fd-5b91-4a73-8d04-ab80a10a4800.webp,المحامص الخضراء,"Food, Beverages & Tobacco > Beverages > Coffee",القهوة العربية,https://res.cloudinary.com/dgcexgq5g/image/upload/v1751636716/greenroasteries/gallery/gallery/ARABICA-ethiopia_img_5355d42e-be63-4d5a-a20f-996b52207546.webp,,25b06f8b-f855-4c0e-80fb-60e2b263f420,Brown,500g,قهوة,unisex,adult,ar,Ethiopia,القهوة العربية,زعفران,حبوب كاملة
072e2ea6-eaa0-4ea2-87cb-d335b9ac3203_ar,اثيوبيـــا - 1000g هيل و زعفران حبوب كاملة,نفخر بنكهة القهوة العربية اإلماراتية المحضرة حسب أصولها، بدءا من انتقاء حبوب البن الخضراء وتحميصها بكل حب حتى ً إضافة الهيل والزعفران، استمتع بتجربة فريدة للتعرف على تقاليدنا وثقافتنا.,in stock,new,175.00 AED,https://thegreenroasteries.com/product/ethiopia?lang=ar,https://res.cloudinary.com/dgcexgq5g/image/upload/v1751636511/greenroasteries/variations/variations/ARABICA-ethiopia_var_072e2ea6-eaa0-4ea2-87cb-d335b9ac3203.webp,المحامص الخضراء,"Food, Beverages & Tobacco > Beverages > Coffee",القهوة العربية,https://res.cloudinary.com/dgcexgq5g/image/upload/v1751636716/greenroasteries/gallery/gallery/ARABICA-ethiopia_img_5355d42e-be63-4d5a-a20f-996b52207546.webp,,25b06f8b-f855-4c0e-80fb-60e2b263f420,Brown,1000g,قهوة,unisex,adult,ar,Ethiopia,القهوة العربية,هيل و زعفران,حبوب كاملة
fb77c470-97f2-4941-b245-6b27339f1f38_ar,اثيوبيـــا - 250g هيل و زعفران حبوب مطحونة,نفخر بنكهة القهوة العربية اإلماراتية المحضرة حسب أصولها، بدءا من انتقاء حبوب البن الخضراء وتحميصها بكل حب حتى ً إضافة الهيل والزعفران، استمتع بتجربة فريدة للتعرف على تقاليدنا وثقافتنا.,in stock,new,57.95 AED,https://thegreenroasteries.com/product/ethiopia?lang=ar,https://res.cloudinary.com/dgcexgq5g/image/upload/v1751636534/greenroasteries/variations/variations/ARABICA-ethiopia_var_fb77c470-97f2-4941-b245-6b27339f1f38.webp,المحامص الخضراء,"Food, Beverages & Tobacco > Beverages > Coffee",القهوة العربية,https://res.cloudinary.com/dgcexgq5g/image/upload/v1751636716/greenroasteries/gallery/gallery/ARABICA-ethiopia_img_5355d42e-be63-4d5a-a20f-996b52207546.webp,,25b06f8b-f855-4c0e-80fb-60e2b263f420,Brown,250g,قهوة,unisex,adult,ar,Ethiopia,القهوة العربية,هيل و زعفران,حبوب مطحونة
ca973bde-96db-41fe-b59e-81699c98da30_ar,اثيوبيـــا - 1000g هيل حبوب مطحونة,نفخر بنكهة القهوة العربية اإلماراتية المحضرة حسب أصولها، بدءا من انتقاء حبوب البن الخضراء وتحميصها بكل حب حتى ً إضافة الهيل والزعفران، استمتع بتجربة فريدة للتعرف على تقاليدنا وثقافتنا.,in stock,new,154.00 AED,https://thegreenroasteries.com/product/ethiopia?lang=ar,https://res.cloudinary.com/dgcexgq5g/image/upload/v1751636675/greenroasteries/variations/variations/ARABICA-ethiopia_var_ca973bde-96db-41fe-b59e-81699c98da30.webp,المحامص الخضراء,"Food, Beverages & Tobacco > Beverages > Coffee",القهوة العربية,https://res.cloudinary.com/dgcexgq5g/image/upload/v1751636716/greenroasteries/gallery/gallery/ARABICA-ethiopia_img_5355d42e-be63-4d5a-a20f-996b52207546.webp,,25b06f8b-f855-4c0e-80fb-60e2b263f420,Brown,1000g,قهوة,unisex,adult,ar,Ethiopia,القهوة العربية,هيل,حبوب مطحونة
9e1743f0-bb10-466b-bee0-51d46e0f8014_ar,اثيوبيـــا - 500g هيل حبوب كاملة,نفخر بنكهة القهوة العربية اإلماراتية المحضرة حسب أصولها، بدءا من انتقاء حبوب البن الخضراء وتحميصها بكل حب حتى ً إضافة الهيل والزعفران، استمتع بتجربة فريدة للتعرف على تقاليدنا وثقافتنا.,in stock,new,85.95 AED,https://thegreenroasteries.com/product/ethiopia?lang=ar,https://res.cloudinary.com/dgcexgq5g/image/upload/v1751636268/greenroasteries/products/products/ARABICA-ethiopia.webp,المحامص الخضراء,"Food, Beverages & Tobacco > Beverages > Coffee",القهوة العربية,https://res.cloudinary.com/dgcexgq5g/image/upload/v1751636716/greenroasteries/gallery/gallery/ARABICA-ethiopia_img_5355d42e-be63-4d5a-a20f-996b52207546.webp,,25b06f8b-f855-4c0e-80fb-60e2b263f420,Brown,500g,قهوة,unisex,adult,ar,Ethiopia,القهوة العربية,هيل,حبوب كاملة
b3240aa2-4b16-453a-82b8-27efe1e3de65_ar,اثيوبيـــا - 1000g هيل و زعفران حبوب مطحونة,نفخر بنكهة القهوة العربية اإلماراتية المحضرة حسب أصولها، بدءا من انتقاء حبوب البن الخضراء وتحميصها بكل حب حتى ً إضافة الهيل والزعفران، استمتع بتجربة فريدة للتعرف على تقاليدنا وثقافتنا.,in stock,new,175.00 AED,https://thegreenroasteries.com/product/ethiopia?lang=ar,https://res.cloudinary.com/dgcexgq5g/image/upload/v1751636464/greenroasteries/variations/variations/ARABICA-ethiopia_var_b3240aa2-4b16-453a-82b8-27efe1e3de65.webp,المحامص الخضراء,"Food, Beverages & Tobacco > Beverages > Coffee",القهوة العربية,https://res.cloudinary.com/dgcexgq5g/image/upload/v1751636716/greenroasteries/gallery/gallery/ARABICA-ethiopia_img_5355d42e-be63-4d5a-a20f-996b52207546.webp,,25b06f8b-f855-4c0e-80fb-60e2b263f420,Brown,1000g,قهوة,unisex,adult,ar,Ethiopia,القهوة العربية,هيل و زعفران,حبوب مطحونة
b828fea9-79b0-4ce2-82c4-dd1008c478c3_ar,اثيوبيـــا - 500g زعفران حبوب مطحونة,نفخر بنكهة القهوة العربية اإلماراتية المحضرة حسب أصولها، بدءا من انتقاء حبوب البن الخضراء وتحميصها بكل حب حتى ً إضافة الهيل والزعفران، استمتع بتجربة فريدة للتعرف على تقاليدنا وثقافتنا.,in stock,new,94.95 AED,https://thegreenroasteries.com/product/ethiopia?lang=ar,https://res.cloudinary.com/dgcexgq5g/image/upload/v1751636489/greenroasteries/variations/variations/ARABICA-ethiopia_var_b828fea9-79b0-4ce2-82c4-dd1008c478c3.webp,المحامص الخضراء,"Food, Beverages & Tobacco > Beverages > Coffee",القهوة العربية,https://res.cloudinary.com/dgcexgq5g/image/upload/v1751636716/greenroasteries/gallery/gallery/ARABICA-ethiopia_img_5355d42e-be63-4d5a-a20f-996b52207546.webp,,25b06f8b-f855-4c0e-80fb-60e2b263f420,Brown,500g,قهوة,unisex,adult,ar,Ethiopia,القهوة العربية,زعفران,حبوب مطحونة
3a83ed2a-3fa6-40a4-ba7d-9856f363eae4_ar,اثيوبيـــا - 500g هيل و زعفران حبوب مطحونة,نفخر بنكهة القهوة العربية اإلماراتية المحضرة حسب أصولها، بدءا من انتقاء حبوب البن الخضراء وتحميصها بكل حب حتى ً إضافة الهيل والزعفران، استمتع بتجربة فريدة للتعرف على تقاليدنا وثقافتنا.,in stock,new,99.95 AED,https://thegreenroasteries.com/product/ethiopia?lang=ar,https://res.cloudinary.com/dgcexgq5g/image/upload/v1751636493/greenroasteries/variations/variations/ARABICA-ethiopia_var_3a83ed2a-3fa6-40a4-ba7d-9856f363eae4.webp,المحامص الخضراء,"Food, Beverages & Tobacco > Beverages > Coffee",القهوة العربية,https://res.cloudinary.com/dgcexgq5g/image/upload/v1751636716/greenroasteries/gallery/gallery/ARABICA-ethiopia_img_5355d42e-be63-4d5a-a20f-996b52207546.webp,,25b06f8b-f855-4c0e-80fb-60e2b263f420,Brown,500g,قهوة,unisex,adult,ar,Ethiopia,القهوة العربية,هيل و زعفران,حبوب مطحونة
a3f3f620-a6f6-4f03-ac69-b3982651dfd3_ar,اثيوبيـــا - 500g هيل و زعفران حبوب كاملة,نفخر بنكهة القهوة العربية اإلماراتية المحضرة حسب أصولها، بدءا من انتقاء حبوب البن الخضراء وتحميصها بكل حب حتى ً إضافة الهيل والزعفران، استمتع بتجربة فريدة للتعرف على تقاليدنا وثقافتنا.,in stock,new,99.95 AED,https://thegreenroasteries.com/product/ethiopia?lang=ar,https://res.cloudinary.com/dgcexgq5g/image/upload/v1751636498/greenroasteries/variations/variations/ARABICA-ethiopia_var_a3f3f620-a6f6-4f03-ac69-b3982651dfd3.webp,المحامص الخضراء,"Food, Beverages & Tobacco > Beverages > Coffee",القهوة العربية,https://res.cloudinary.com/dgcexgq5g/image/upload/v1751636716/greenroasteries/gallery/gallery/ARABICA-ethiopia_img_5355d42e-be63-4d5a-a20f-996b52207546.webp,,25b06f8b-f855-4c0e-80fb-60e2b263f420,Brown,500g,قهوة,unisex,adult,ar,Ethiopia,القهوة العربية,هيل و زعفران,حبوب كاملة
51cfca8f-30ba-4018-9cd0-81b359f2edf4_ar,اثيوبيـــا - 250g زعفران حبوب مطحونة,نفخر بنكهة القهوة العربية اإلماراتية المحضرة حسب أصولها، بدءا من انتقاء حبوب البن الخضراء وتحميصها بكل حب حتى ً إضافة الهيل والزعفران، استمتع بتجربة فريدة للتعرف على تقاليدنا وثقافتنا.,in stock,new,54.95 AED,https://thegreenroasteries.com/product/ethiopia?lang=ar,https://res.cloudinary.com/dgcexgq5g/image/upload/v1751636563/greenroasteries/variations/variations/ARABICA-ethiopia_var_51cfca8f-30ba-4018-9cd0-81b359f2edf4.webp,المحامص الخضراء,"Food, Beverages & Tobacco > Beverages > Coffee",القهوة العربية,https://res.cloudinary.com/dgcexgq5g/image/upload/v1751636716/greenroasteries/gallery/gallery/ARABICA-ethiopia_img_5355d42e-be63-4d5a-a20f-996b52207546.webp,,25b06f8b-f855-4c0e-80fb-60e2b263f420,Brown,250g,قهوة,unisex,adult,ar,Ethiopia,القهوة العربية,زعفران,حبوب مطحونة
86b3ee3c-f1f6-4c21-b22b-137a9f50103b_en,Ethiopia Hambila - 1000g Ground grains,"A crop from one of the most famous and wonderful regions in Ethiopia, the Hambila region, which is rich in fruit crops, usually including floral and fruit tones and even brown sugar. The coffee is grown at high altitudes, which makes it have a distinctive and rich flavor, suitable for milk and filter drinks.",in stock,new,235.00 AED,https://thegreenroasteries.com/product/ethiopia-hambila,https://res.cloudinary.com/dgcexgq5g/image/upload/v1751636365/greenroasteries/variations/variations/ETH-HAM-MED-ROAS_var_86b3ee3c-f1f6-4c21-b22b-137a9f50103b.webp,Green Roasteries,"Food, Beverages & Tobacco > Beverages > Coffee",FILTER COFFEE,https://res.cloudinary.com/dgcexgq5g/image/upload/v1751636764/greenroasteries/gallery/gallery/ETH-HAM-MED-ROAS_img_3ff79c96-b22c-426f-9408-ef9bba469349.webp,,221f4357-2143-49dd-a777-bbfd3ffdd445,Brown,1000g,Coffee,unisex,adult,en,Ethiopia Hambila,FILTER COFFEE,Medium Roast,Ground grains
2a51a08b-6ae4-4e3f-84bf-7d61e8e58b29_en,Ethiopia Hambila - 500g whole beans,"A crop from one of the most famous and wonderful regions in Ethiopia, the Hambila region, which is rich in fruit crops, usually including floral and fruit tones and even brown sugar. The coffee is grown at high altitudes, which makes it have a distinctive and rich flavor, suitable for milk and filter drinks.",in stock,new,125.00 AED,https://thegreenroasteries.com/product/ethiopia-hambila,https://res.cloudinary.com/dgcexgq5g/image/upload/v1751636368/greenroasteries/variations/variations/ETH-HAM-MED-ROAS_var_2a51a08b-6ae4-4e3f-84bf-7d61e8e58b29.webp,Green Roasteries,"Food, Beverages & Tobacco > Beverages > Coffee",FILTER COFFEE,https://res.cloudinary.com/dgcexgq5g/image/upload/v1751636764/greenroasteries/gallery/gallery/ETH-HAM-MED-ROAS_img_3ff79c96-b22c-426f-9408-ef9bba469349.webp,,221f4357-2143-49dd-a777-bbfd3ffdd445,Brown,500g,Coffee,unisex,adult,en,Ethiopia Hambila,FILTER COFFEE,Medium Roast,whole beans
99cafe6e-b394-4d0a-a139-d0655638ad24_en,Ethiopia Hambila - 500g Ground grains,"A crop from one of the most famous and wonderful regions in Ethiopia, the Hambila region, which is rich in fruit crops, usually including floral and fruit tones and even brown sugar. The coffee is grown at high altitudes, which makes it have a distinctive and rich flavor, suitable for milk and filter drinks.",in stock,new,125.00 AED,https://thegreenroasteries.com/product/ethiopia-hambila,https://res.cloudinary.com/dgcexgq5g/image/upload/v1751636381/greenroasteries/variations/variations/ETH-HAM-MED-ROAS_var_99cafe6e-b394-4d0a-a139-d0655638ad24.webp,Green Roasteries,"Food, Beverages & Tobacco > Beverages > Coffee",FILTER COFFEE,https://res.cloudinary.com/dgcexgq5g/image/upload/v1751636764/greenroasteries/gallery/gallery/ETH-HAM-MED-ROAS_img_3ff79c96-b22c-426f-9408-ef9bba469349.webp,,221f4357-2143-49dd-a777-bbfd3ffdd445,Brown,500g,Coffee,unisex,adult,en,Ethiopia Hambila,FILTER COFFEE,Medium Roast,Ground grains
36c72105-e363-4873-b9c4-988436db725b_en,Ethiopia Hambila - 250g Ground grains,"A crop from one of the most famous and wonderful regions in Ethiopia, the Hambila region, which is rich in fruit crops, usually including floral and fruit tones and even brown sugar. The coffee is grown at high altitudes, which makes it have a distinctive and rich flavor, suitable for milk and filter drinks.",in stock,new,69.95 AED,https://thegreenroasteries.com/product/ethiopia-hambila,https://res.cloudinary.com/dgcexgq5g/image/upload/v1751636614/greenroasteries/variations/variations/ETH-HAM-MED-ROAS_var_36c72105-e363-4873-b9c4-988436db725b.webp,Green Roasteries,"Food, Beverages & Tobacco > Beverages > Coffee",FILTER COFFEE,https://res.cloudinary.com/dgcexgq5g/image/upload/v1751636764/greenroasteries/gallery/gallery/ETH-HAM-MED-ROAS_img_3ff79c96-b22c-426f-9408-ef9bba469349.webp,,221f4357-2143-49dd-a777-bbfd3ffdd445,Brown,250g,Coffee,unisex,adult,en,Ethiopia Hambila,FILTER COFFEE,Medium Roast,Ground grains
aa855eb0-34c9-4364-87b1-bad3219c3512_en,Ethiopia Hambila - 250g whole beans,"A crop from one of the most famous and wonderful regions in Ethiopia, the Hambila region, which is rich in fruit crops, usually including floral and fruit tones and even brown sugar. The coffee is grown at high altitudes, which makes it have a distinctive and rich flavor, suitable for milk and filter drinks.",in stock,new,69.95 AED,https://thegreenroasteries.com/product/ethiopia-hambila,https://res.cloudinary.com/dgcexgq5g/image/upload/v1751636622/greenroasteries/variations/variations/ETH-HAM-MED-ROAS_var_aa855eb0-34c9-4364-87b1-bad3219c3512.webp,Green Roasteries,"Food, Beverages & Tobacco > Beverages > Coffee",FILTER COFFEE,https://res.cloudinary.com/dgcexgq5g/image/upload/v1751636764/greenroasteries/gallery/gallery/ETH-HAM-MED-ROAS_img_3ff79c96-b22c-426f-9408-ef9bba469349.webp,,221f4357-2143-49dd-a777-bbfd3ffdd445,Brown,250g,Coffee,unisex,adult,en,Ethiopia Hambila,FILTER COFFEE,Medium Roast,whole beans
dd7af9bb-1d2d-47fc-8b4f-e50bc5cc0ac4_en,Ethiopia Hambila - 1000g whole beans,"A crop from one of the most famous and wonderful regions in Ethiopia, the Hambila region, which is rich in fruit crops, usually including floral and fruit tones and even brown sugar. The coffee is grown at high altitudes, which makes it have a distinctive and rich flavor, suitable for milk and filter drinks.",in stock,new,235.00 AED,https://thegreenroasteries.com/product/ethiopia-hambila,https://res.cloudinary.com/dgcexgq5g/image/upload/v1751636656/greenroasteries/variations/variations/ETH-HAM-MED-ROAS_var_dd7af9bb-1d2d-47fc-8b4f-e50bc5cc0ac4.webp,Green Roasteries,"Food, Beverages & Tobacco > Beverages > Coffee",FILTER COFFEE,https://res.cloudinary.com/dgcexgq5g/image/upload/v1751636764/greenroasteries/gallery/gallery/ETH-HAM-MED-ROAS_img_3ff79c96-b22c-426f-9408-ef9bba469349.webp,,221f4357-2143-49dd-a777-bbfd3ffdd445,Brown,1000g,Coffee,unisex,adult,en,Ethiopia Hambila,FILTER COFFEE,Medium Roast,whole beans
86b3ee3c-f1f6-4c21-b22b-137a9f50103b_ar,اثيوبيـــا هامبيـــلا - 1000g حبوب مطحونة,محصول من أحد أشهر المناطق الرائعة في إثيوبيا منطقة هامبيال، الغنية بالمحاصيل الفاكهية، والتي تشمل عادةً نغمات الزهور والفواكه وحتى السكر البني. حيث يتم زراعة قهوة هامبيال على ارتفاعات عالية، مما يجعلها تتمتع بنكهة مميزة وغنية، ومناسبة لمشروبات الحليب والفلتر.,in stock,new,235.00 AED,https://thegreenroasteries.com/product/ethiopia-hambila?lang=ar,https://res.cloudinary.com/dgcexgq5g/image/upload/v1751636365/greenroasteries/variations/variations/ETH-HAM-MED-ROAS_var_86b3ee3c-f1f6-4c21-b22b-137a9f50103b.webp,المحامص الخضراء,"Food, Beverages & Tobacco > Beverages > Coffee",قهوة مقطرة,https://res.cloudinary.com/dgcexgq5g/image/upload/v1751636764/greenroasteries/gallery/gallery/ETH-HAM-MED-ROAS_img_3ff79c96-b22c-426f-9408-ef9bba469349.webp,,221f4357-2143-49dd-a777-bbfd3ffdd445,Brown,1000g,قهوة,unisex,adult,ar,Ethiopia Hambila,قهوة مقطرة,تحميص متوسط,حبوب مطحونة
2a51a08b-6ae4-4e3f-84bf-7d61e8e58b29_ar,اثيوبيـــا هامبيـــلا - 500g حبوب كاملة,محصول من أحد أشهر المناطق الرائعة في إثيوبيا منطقة هامبيال، الغنية بالمحاصيل الفاكهية، والتي تشمل عادةً نغمات الزهور والفواكه وحتى السكر البني. حيث يتم زراعة قهوة هامبيال على ارتفاعات عالية، مما يجعلها تتمتع بنكهة مميزة وغنية، ومناسبة لمشروبات الحليب والفلتر.,in stock,new,125.00 AED,https://thegreenroasteries.com/product/ethiopia-hambila?lang=ar,https://res.cloudinary.com/dgcexgq5g/image/upload/v1751636368/greenroasteries/variations/variations/ETH-HAM-MED-ROAS_var_2a51a08b-6ae4-4e3f-84bf-7d61e8e58b29.webp,المحامص الخضراء,"Food, Beverages & Tobacco > Beverages > Coffee",قهوة مقطرة,https://res.cloudinary.com/dgcexgq5g/image/upload/v1751636764/greenroasteries/gallery/gallery/ETH-HAM-MED-ROAS_img_3ff79c96-b22c-426f-9408-ef9bba469349.webp,,221f4357-2143-49dd-a777-bbfd3ffdd445,Brown,500g,قهوة,unisex,adult,ar,Ethiopia Hambila,قهوة مقطرة,تحميص متوسط,حبوب كاملة
99cafe6e-b394-4d0a-a139-d0655638ad24_ar,اثيوبيـــا هامبيـــلا - 500g حبوب مطحونة,محصول من أحد أشهر المناطق الرائعة في إثيوبيا منطقة هامبيال، الغنية بالمحاصيل الفاكهية، والتي تشمل عادةً نغمات الزهور والفواكه وحتى السكر البني. حيث يتم زراعة قهوة هامبيال على ارتفاعات عالية، مما يجعلها تتمتع بنكهة مميزة وغنية، ومناسبة لمشروبات الحليب والفلتر.,in stock,new,125.00 AED,https://thegreenroasteries.com/product/ethiopia-hambila?lang=ar,https://res.cloudinary.com/dgcexgq5g/image/upload/v1751636381/greenroasteries/variations/variations/ETH-HAM-MED-ROAS_var_99cafe6e-b394-4d0a-a139-d0655638ad24.webp,المحامص الخضراء,"Food, Beverages & Tobacco > Beverages > Coffee",قهوة مقطرة,https://res.cloudinary.com/dgcexgq5g/image/upload/v1751636764/greenroasteries/gallery/gallery/ETH-HAM-MED-ROAS_img_3ff79c96-b22c-426f-9408-ef9bba469349.webp,,221f4357-2143-49dd-a777-bbfd3ffdd445,Brown,500g,قهوة,unisex,adult,ar,Ethiopia Hambila,قهوة مقطرة,تحميص متوسط,حبوب مطحونة
36c72105-e363-4873-b9c4-988436db725b_ar,اثيوبيـــا هامبيـــلا - 250g حبوب مطحونة,محصول من أحد أشهر المناطق الرائعة في إثيوبيا منطقة هامبيال، الغنية بالمحاصيل الفاكهية، والتي تشمل عادةً نغمات الزهور والفواكه وحتى السكر البني. حيث يتم زراعة قهوة هامبيال على ارتفاعات عالية، مما يجعلها تتمتع بنكهة مميزة وغنية، ومناسبة لمشروبات الحليب والفلتر.,in stock,new,69.95 AED,https://thegreenroasteries.com/product/ethiopia-hambila?lang=ar,https://res.cloudinary.com/dgcexgq5g/image/upload/v1751636614/greenroasteries/variations/variations/ETH-HAM-MED-ROAS_var_36c72105-e363-4873-b9c4-988436db725b.webp,المحامص الخضراء,"Food, Beverages & Tobacco > Beverages > Coffee",قهوة مقطرة,https://res.cloudinary.com/dgcexgq5g/image/upload/v1751636764/greenroasteries/gallery/gallery/ETH-HAM-MED-ROAS_img_3ff79c96-b22c-426f-9408-ef9bba469349.webp,,221f4357-2143-49dd-a777-bbfd3ffdd445,Brown,250g,قهوة,unisex,adult,ar,Ethiopia Hambila,قهوة مقطرة,تحميص متوسط,حبوب مطحونة
aa855eb0-34c9-4364-87b1-bad3219c3512_ar,اثيوبيـــا هامبيـــلا - 250g حبوب كاملة,محصول من أحد أشهر المناطق الرائعة في إثيوبيا منطقة هامبيال، الغنية بالمحاصيل الفاكهية، والتي تشمل عادةً نغمات الزهور والفواكه وحتى السكر البني. حيث يتم زراعة قهوة هامبيال على ارتفاعات عالية، مما يجعلها تتمتع بنكهة مميزة وغنية، ومناسبة لمشروبات الحليب والفلتر.,in stock,new,69.95 AED,https://thegreenroasteries.com/product/ethiopia-hambila?lang=ar,https://res.cloudinary.com/dgcexgq5g/image/upload/v1751636622/greenroasteries/variations/variations/ETH-HAM-MED-ROAS_var_aa855eb0-34c9-4364-87b1-bad3219c3512.webp,المحامص الخضراء,"Food, Beverages & Tobacco > Beverages > Coffee",قهوة مقطرة,https://res.cloudinary.com/dgcexgq5g/image/upload/v1751636764/greenroasteries/gallery/gallery/ETH-HAM-MED-ROAS_img_3ff79c96-b22c-426f-9408-ef9bba469349.webp,,221f4357-2143-49dd-a777-bbfd3ffdd445,Brown,250g,قهوة,unisex,adult,ar,Ethiopia Hambila,قهوة مقطرة,تحميص متوسط,حبوب كاملة
dd7af9bb-1d2d-47fc-8b4f-e50bc5cc0ac4_ar,اثيوبيـــا هامبيـــلا - 1000g حبوب كاملة,محصول من أحد أشهر المناطق الرائعة في إثيوبيا منطقة هامبيال، الغنية بالمحاصيل الفاكهية، والتي تشمل عادةً نغمات الزهور والفواكه وحتى السكر البني. حيث يتم زراعة قهوة هامبيال على ارتفاعات عالية، مما يجعلها تتمتع بنكهة مميزة وغنية، ومناسبة لمشروبات الحليب والفلتر.,in stock,new,235.00 AED,https://thegreenroasteries.com/product/ethiopia-hambila?lang=ar,https://res.cloudinary.com/dgcexgq5g/image/upload/v1751636656/greenroasteries/variations/variations/ETH-HAM-MED-ROAS_var_dd7af9bb-1d2d-47fc-8b4f-e50bc5cc0ac4.webp,المحامص الخضراء,"Food, Beverages & Tobacco > Beverages > Coffee",قهوة مقطرة,https://res.cloudinary.com/dgcexgq5g/image/upload/v1751636764/greenroasteries/gallery/gallery/ETH-HAM-MED-ROAS_img_3ff79c96-b22c-426f-9408-ef9bba469349.webp,,221f4357-2143-49dd-a777-bbfd3ffdd445,Brown,1000g,قهوة,unisex,adult,ar,Ethiopia Hambila,قهوة مقطرة,تحميص متوسط,حبوب كاملة
fdaced55-150a-4739-b52b-be602ab7e0be_en,Ethiopia Hambila - 1000g whole beans,"A crop from one of the most famous and wonderful regions in Ethiopia, the Hambila region, which is rich in fruit crops, usually including floral and fruit tones and even brown sugar. The coffee is grown at high altitudes, which makes it have a distinctive and rich flavor, suitable for milk and filter drinks.",in stock,new,235.00 AED,https://thegreenroasteries.com/product/ethiopia-hambila,https://res.cloudinary.com/dgcexgq5g/image/upload/v1751636546/greenroasteries/variations/variations/ETH-HAM-ESPRSS-ROAS_var_fdaced55-150a-4739-b52b-be602ab7e0be.webp,Green Roasteries,"Food, Beverages & Tobacco > Beverages > Coffee",ESPRESSO ROAST,https://res.cloudinary.com/dgcexgq5g/image/upload/v1751636730/greenroasteries/gallery/gallery/ETH-HAM-ESPRSS-ROAS_img_66eee3e4-b333-4888-848c-e9c9a54f873a.webp,,55f67f14-45ad-45ca-be17-dc9ec35155ee,Brown,1000g,Coffee,unisex,adult,en,Ethiopia Hambila,ESPRESSO ROAST,Medium Roast,whole beans
2636eaba-cb5f-4e29-a2be-e4abfa6944c6_en,Ethiopia Hambila - 500g whole beans,"A crop from one of the most famous and wonderful regions in Ethiopia, the Hambila region, which is rich in fruit crops, usually including floral and fruit tones and even brown sugar. The coffee is grown at high altitudes, which makes it have a distinctive and rich flavor, suitable for milk and filter drinks.",in stock,new,125.00 AED,https://thegreenroasteries.com/product/ethiopia-hambila,https://res.cloudinary.com/dgcexgq5g/image/upload/v1751636565/greenroasteries/variations/variations/ETH-HAM-ESPRSS-ROAS_var_2636eaba-cb5f-4e29-a2be-e4abfa6944c6.webp,Green Roasteries,"Food, Beverages & Tobacco > Beverages > Coffee",ESPRESSO ROAST,https://res.cloudinary.com/dgcexgq5g/image/upload/v1751636730/greenroasteries/gallery/gallery/ETH-HAM-ESPRSS-ROAS_img_66eee3e4-b333-4888-848c-e9c9a54f873a.webp,,55f67f14-45ad-45ca-be17-dc9ec35155ee,Brown,500g,Coffee,unisex,adult,en,Ethiopia Hambila,ESPRESSO ROAST,Medium Roast,whole beans
e6ec50a2-111a-453b-a952-ff24237054d6_en,Ethiopia Hambila - 500g Ground grains,"A crop from one of the most famous and wonderful regions in Ethiopia, the Hambila region, which is rich in fruit crops, usually including floral and fruit tones and even brown sugar. The coffee is grown at high altitudes, which makes it have a distinctive and rich flavor, suitable for milk and filter drinks.",in stock,new,125.00 AED,https://thegreenroasteries.com/product/ethiopia-hambila,https://res.cloudinary.com/dgcexgq5g/image/upload/v1751636574/greenroasteries/variations/variations/ETH-HAM-ESPRSS-ROAS_var_e6ec50a2-111a-453b-a952-ff24237054d6.webp,Green Roasteries,"Food, Beverages & Tobacco > Beverages > Coffee",ESPRESSO ROAST,https://res.cloudinary.com/dgcexgq5g/image/upload/v1751636730/greenroasteries/gallery/gallery/ETH-HAM-ESPRSS-ROAS_img_66eee3e4-b333-4888-848c-e9c9a54f873a.webp,,55f67f14-45ad-45ca-be17-dc9ec35155ee,Brown,500g,Coffee,unisex,adult,en,Ethiopia Hambila,ESPRESSO ROAST,Medium Roast,Ground grains
4b6af000-bfd6-4ef8-8034-a80e357be79d_en,Ethiopia Hambila - 250g Ground grains,"A crop from one of the most famous and wonderful regions in Ethiopia, the Hambila region, which is rich in fruit crops, usually including floral and fruit tones and even brown sugar. The coffee is grown at high altitudes, which makes it have a distinctive and rich flavor, suitable for milk and filter drinks.",in stock,new,69.95 AED,https://thegreenroasteries.com/product/ethiopia-hambila,https://res.cloudinary.com/dgcexgq5g/image/upload/v1751636605/greenroasteries/variations/variations/ETH-HAM-ESPRSS-ROAS_var_4b6af000-bfd6-4ef8-8034-a80e357be79d.webp,Green Roasteries,"Food, Beverages & Tobacco > Beverages > Coffee",ESPRESSO ROAST,https://res.cloudinary.com/dgcexgq5g/image/upload/v1751636730/greenroasteries/gallery/gallery/ETH-HAM-ESPRSS-ROAS_img_66eee3e4-b333-4888-848c-e9c9a54f873a.webp,,55f67f14-45ad-45ca-be17-dc9ec35155ee,Brown,250g,Coffee,unisex,adult,en,Ethiopia Hambila,ESPRESSO ROAST,Medium Roast,Ground grains
90a232d0-e0d5-4014-b941-c6b015c6c3a6_en,Ethiopia Hambila - 1000g Ground grains,"A crop from one of the most famous and wonderful regions in Ethiopia, the Hambila region, which is rich in fruit crops, usually including floral and fruit tones and even brown sugar. The coffee is grown at high altitudes, which makes it have a distinctive and rich flavor, suitable for milk and filter drinks.",in stock,new,235.00 AED,https://thegreenroasteries.com/product/ethiopia-hambila,https://res.cloudinary.com/dgcexgq5g/image/upload/v1751636685/greenroasteries/variations/variations/ETH-HAM-ESPRSS-ROAS_var_90a232d0-e0d5-4014-b941-c6b015c6c3a6.webp,Green Roasteries,"Food, Beverages & Tobacco > Beverages > Coffee",ESPRESSO ROAST,https://res.cloudinary.com/dgcexgq5g/image/upload/v1751636730/greenroasteries/gallery/gallery/ETH-HAM-ESPRSS-ROAS_img_66eee3e4-b333-4888-848c-e9c9a54f873a.webp,,55f67f14-45ad-45ca-be17-dc9ec35155ee,Brown,1000g,Coffee,unisex,adult,en,Ethiopia Hambila,ESPRESSO ROAST,Medium Roast,Ground grains
d6ba0386-9a65-4e0e-a54f-5486535e159e_en,Ethiopia Hambila - 250g whole beans,"A crop from one of the most famous and wonderful regions in Ethiopia, the Hambila region, which is rich in fruit crops, usually including floral and fruit tones and even brown sugar. The coffee is grown at high altitudes, which makes it have a distinctive and rich flavor, suitable for milk and filter drinks.",in stock,new,69.95 AED,https://thegreenroasteries.com/product/ethiopia-hambila,https://res.cloudinary.com/dgcexgq5g/image/upload/v1751636599/greenroasteries/variations/variations/ETH-HAM-ESPRSS-ROAS_var_d6ba0386-9a65-4e0e-a54f-5486535e159e.webp,Green Roasteries,"Food, Beverages & Tobacco > Beverages > Coffee",ESPRESSO ROAST,https://res.cloudinary.com/dgcexgq5g/image/upload/v1751636730/greenroasteries/gallery/gallery/ETH-HAM-ESPRSS-ROAS_img_66eee3e4-b333-4888-848c-e9c9a54f873a.webp,,55f67f14-45ad-45ca-be17-dc9ec35155ee,Brown,250g,Coffee,unisex,adult,en,Ethiopia Hambila,ESPRESSO ROAST,Medium Roast,whole beans
fdaced55-150a-4739-b52b-be602ab7e0be_ar,اثيوبيـــا هامبيـــلا - 1000g حبوب كاملة,محصول من أحد أشهر المناطق الرائعة في إثيوبيا منطقة هامبيال، الغنية بالمحاصيل الفاكهية، والتي تشمل عادةً نغمات الزهور والفواكه وحتى السكر البني. حيث يتم زراعة قهوة هامبيال على ارتفاعات عالية، مما يجعلها تتمتع بنكهة مميزة وغنية، ومناسبة لمشروبات الحليب والفلتر.,in stock,new,235.00 AED,https://thegreenroasteries.com/product/ethiopia-hambila?lang=ar,https://res.cloudinary.com/dgcexgq5g/image/upload/v1751636546/greenroasteries/variations/variations/ETH-HAM-ESPRSS-ROAS_var_fdaced55-150a-4739-b52b-be602ab7e0be.webp,المحامص الخضراء,"Food, Beverages & Tobacco > Beverages > Coffee",تحميص الإسبريسو,https://res.cloudinary.com/dgcexgq5g/image/upload/v1751636730/greenroasteries/gallery/gallery/ETH-HAM-ESPRSS-ROAS_img_66eee3e4-b333-4888-848c-e9c9a54f873a.webp,,55f67f14-45ad-45ca-be17-dc9ec35155ee,Brown,1000g,قهوة,unisex,adult,ar,Ethiopia Hambila,تحميص الإسبريسو,تحميص متوسط,حبوب كاملة
2636eaba-cb5f-4e29-a2be-e4abfa6944c6_ar,اثيوبيـــا هامبيـــلا - 500g حبوب كاملة,محصول من أحد أشهر المناطق الرائعة في إثيوبيا منطقة هامبيال، الغنية بالمحاصيل الفاكهية، والتي تشمل عادةً نغمات الزهور والفواكه وحتى السكر البني. حيث يتم زراعة قهوة هامبيال على ارتفاعات عالية، مما يجعلها تتمتع بنكهة مميزة وغنية، ومناسبة لمشروبات الحليب والفلتر.,in stock,new,125.00 AED,https://thegreenroasteries.com/product/ethiopia-hambila?lang=ar,https://res.cloudinary.com/dgcexgq5g/image/upload/v1751636565/greenroasteries/variations/variations/ETH-HAM-ESPRSS-ROAS_var_2636eaba-cb5f-4e29-a2be-e4abfa6944c6.webp,المحامص الخضراء,"Food, Beverages & Tobacco > Beverages > Coffee",تحميص الإسبريسو,https://res.cloudinary.com/dgcexgq5g/image/upload/v1751636730/greenroasteries/gallery/gallery/ETH-HAM-ESPRSS-ROAS_img_66eee3e4-b333-4888-848c-e9c9a54f873a.webp,,55f67f14-45ad-45ca-be17-dc9ec35155ee,Brown,500g,قهوة,unisex,adult,ar,Ethiopia Hambila,تحميص الإسبريسو,تحميص متوسط,حبوب كاملة
e6ec50a2-111a-453b-a952-ff24237054d6_ar,اثيوبيـــا هامبيـــلا - 500g حبوب مطحونة,محصول من أحد أشهر المناطق الرائعة في إثيوبيا منطقة هامبيال، الغنية بالمحاصيل الفاكهية، والتي تشمل عادةً نغمات الزهور والفواكه وحتى السكر البني. حيث يتم زراعة قهوة هامبيال على ارتفاعات عالية، مما يجعلها تتمتع بنكهة مميزة وغنية، ومناسبة لمشروبات الحليب والفلتر.,in stock,new,125.00 AED,https://thegreenroasteries.com/product/ethiopia-hambila?lang=ar,https://res.cloudinary.com/dgcexgq5g/image/upload/v1751636574/greenroasteries/variations/variations/ETH-HAM-ESPRSS-ROAS_var_e6ec50a2-111a-453b-a952-ff24237054d6.webp,المحامص الخضراء,"Food, Beverages & Tobacco > Beverages > Coffee",تحميص الإسبريسو,https://res.cloudinary.com/dgcexgq5g/image/upload/v1751636730/greenroasteries/gallery/gallery/ETH-HAM-ESPRSS-ROAS_img_66eee3e4-b333-4888-848c-e9c9a54f873a.webp,,55f67f14-45ad-45ca-be17-dc9ec35155ee,Brown,500g,قهوة,unisex,adult,ar,Ethiopia Hambila,تحميص الإسبريسو,تحميص متوسط,حبوب مطحونة
4b6af000-bfd6-4ef8-8034-a80e357be79d_ar,اثيوبيـــا هامبيـــلا - 250g حبوب مطحونة,محصول من أحد أشهر المناطق الرائعة في إثيوبيا منطقة هامبيال، الغنية بالمحاصيل الفاكهية، والتي تشمل عادةً نغمات الزهور والفواكه وحتى السكر البني. حيث يتم زراعة قهوة هامبيال على ارتفاعات عالية، مما يجعلها تتمتع بنكهة مميزة وغنية، ومناسبة لمشروبات الحليب والفلتر.,in stock,new,69.95 AED,https://thegreenroasteries.com/product/ethiopia-hambila?lang=ar,https://res.cloudinary.com/dgcexgq5g/image/upload/v1751636605/greenroasteries/variations/variations/ETH-HAM-ESPRSS-ROAS_var_4b6af000-bfd6-4ef8-8034-a80e357be79d.webp,المحامص الخضراء,"Food, Beverages & Tobacco > Beverages > Coffee",تحميص الإسبريسو,https://res.cloudinary.com/dgcexgq5g/image/upload/v1751636730/greenroasteries/gallery/gallery/ETH-HAM-ESPRSS-ROAS_img_66eee3e4-b333-4888-848c-e9c9a54f873a.webp,,55f67f14-45ad-45ca-be17-dc9ec35155ee,Brown,250g,قهوة,unisex,adult,ar,Ethiopia Hambila,تحميص الإسبريسو,تحميص متوسط,حبوب مطحونة
90a232d0-e0d5-4014-b941-c6b015c6c3a6_ar,اثيوبيـــا هامبيـــلا - 1000g حبوب مطحونة,محصول من أحد أشهر المناطق الرائعة في إثيوبيا منطقة هامبيال، الغنية بالمحاصيل الفاكهية، والتي تشمل عادةً نغمات الزهور والفواكه وحتى السكر البني. حيث يتم زراعة قهوة هامبيال على ارتفاعات عالية، مما يجعلها تتمتع بنكهة مميزة وغنية، ومناسبة لمشروبات الحليب والفلتر.,in stock,new,235.00 AED,https://thegreenroasteries.com/product/ethiopia-hambila?lang=ar,https://res.cloudinary.com/dgcexgq5g/image/upload/v1751636685/greenroasteries/variations/variations/ETH-HAM-ESPRSS-ROAS_var_90a232d0-e0d5-4014-b941-c6b015c6c3a6.webp,المحامص الخضراء,"Food, Beverages & Tobacco > Beverages > Coffee",تحميص الإسبريسو,https://res.cloudinary.com/dgcexgq5g/image/upload/v1751636730/greenroasteries/gallery/gallery/ETH-HAM-ESPRSS-ROAS_img_66eee3e4-b333-4888-848c-e9c9a54f873a.webp,,55f67f14-45ad-45ca-be17-dc9ec35155ee,Brown,1000g,قهوة,unisex,adult,ar,Ethiopia Hambila,تحميص الإسبريسو,تحميص متوسط,حبوب مطحونة
d6ba0386-9a65-4e0e-a54f-5486535e159e_ar,اثيوبيـــا هامبيـــلا - 250g حبوب كاملة,محصول من أحد أشهر المناطق الرائعة في إثيوبيا منطقة هامبيال، الغنية بالمحاصيل الفاكهية، والتي تشمل عادةً نغمات الزهور والفواكه وحتى السكر البني. حيث يتم زراعة قهوة هامبيال على ارتفاعات عالية، مما يجعلها تتمتع بنكهة مميزة وغنية، ومناسبة لمشروبات الحليب والفلتر.,in stock,new,69.95 AED,https://thegreenroasteries.com/product/ethiopia-hambila?lang=ar,https://res.cloudinary.com/dgcexgq5g/image/upload/v1751636599/greenroasteries/variations/variations/ETH-HAM-ESPRSS-ROAS_var_d6ba0386-9a65-4e0e-a54f-5486535e159e.webp,المحامص الخضراء,"Food, Beverages & Tobacco > Beverages > Coffee",تحميص الإسبريسو,https://res.cloudinary.com/dgcexgq5g/image/upload/v1751636730/greenroasteries/gallery/gallery/ETH-HAM-ESPRSS-ROAS_img_66eee3e4-b333-4888-848c-e9c9a54f873a.webp,,55f67f14-45ad-45ca-be17-dc9ec35155ee,Brown,250g,قهوة,unisex,adult,ar,Ethiopia Hambila,تحميص الإسبريسو,تحميص متوسط,حبوب كاملة
8fa319b2-c6ef-4ba5-bcd4-49cd2ff3b981_en,Ethiopia Harrar - 1000g Ground grains,"A unique crop due to the Harrar region having the oldest and tallest types of coffee trees grown on the face of the earth, which makes it produce large types of high-quality coffee. It is distinctive for hot and cold filter drinks with its classic, balanced fruity flavor.",in stock,new,175.00 AED,https://thegreenroasteries.com/product/ethiopia-harrar,https://res.cloudinary.com/dgcexgq5g/image/upload/v1751636516/greenroasteries/variations/variations/ETH-HAR-ESPRSS-ROAS_var_8fa319b2-c6ef-4ba5-bcd4-49cd2ff3b981.webp,Green Roasteries,"Food, Beverages & Tobacco > Beverages > Coffee",ESPRESSO ROAST,https://res.cloudinary.com/dgcexgq5g/image/upload/v1751636755/greenroasteries/gallery/gallery/ETH-HAR-ESPRSS-ROAS_img_5d550ac9-1c94-436a-9fc2-66e605b9dff7.webp,,27d43c3e-3077-45a6-8726-2f87b3836708,Brown,1000g,Coffee,unisex,adult,en,Ethiopia Harrar,ESPRESSO ROAST,Medium Roast,Ground grains
769a1c83-5da4-4c66-a057-b227ee81c8ee_en,Ethiopia Harrar - 500g whole beans,"A unique crop due to the Harrar region having the oldest and tallest types of coffee trees grown on the face of the earth, which makes it produce large types of high-quality coffee. It is distinctive for hot and cold filter drinks with its classic, balanced fruity flavor.",in stock,new,95.00 AED,https://thegreenroasteries.com/product/ethiopia-harrar,https://res.cloudinary.com/dgcexgq5g/image/upload/v1751636570/greenroasteries/variations/variations/ETH-HAR-ESPRSS-ROAS_var_769a1c83-5da4-4c66-a057-b227ee81c8ee.webp,Green Roasteries,"Food, Beverages & Tobacco > Beverages > Coffee",ESPRESSO ROAST,https://res.cloudinary.com/dgcexgq5g/image/upload/v1751636755/greenroasteries/gallery/gallery/ETH-HAR-ESPRSS-ROAS_img_5d550ac9-1c94-436a-9fc2-66e605b9dff7.webp,,27d43c3e-3077-45a6-8726-2f87b3836708,Brown,500g,Coffee,unisex,adult,en,Ethiopia Harrar,ESPRESSO ROAST,Medium Roast,whole beans
4ab6fb22-c81c-4e5b-a685-bfe797138738_en,Ethiopia Harrar - 500g Ground grains,"A unique crop due to the Harrar region having the oldest and tallest types of coffee trees grown on the face of the earth, which makes it produce large types of high-quality coffee. It is distinctive for hot and cold filter drinks with its classic, balanced fruity flavor.",in stock,new,95.00 AED,https://thegreenroasteries.com/product/ethiopia-harrar,https://res.cloudinary.com/dgcexgq5g/image/upload/v1751636584/greenroasteries/variations/variations/ETH-HAR-ESPRSS-ROAS_var_4ab6fb22-c81c-4e5b-a685-bfe797138738.webp,Green Roasteries,"Food, Beverages & Tobacco > Beverages > Coffee",ESPRESSO ROAST,https://res.cloudinary.com/dgcexgq5g/image/upload/v1751636755/greenroasteries/gallery/gallery/ETH-HAR-ESPRSS-ROAS_img_5d550ac9-1c94-436a-9fc2-66e605b9dff7.webp,,27d43c3e-3077-45a6-8726-2f87b3836708,Brown,500g,Coffee,unisex,adult,en,Ethiopia Harrar,ESPRESSO ROAST,Medium Roast,Ground grains
ec25bfa8-7c5a-4d38-8442-c636781203a6_en,Ethiopia Harrar - 250g whole beans,"A unique crop due to the Harrar region having the oldest and tallest types of coffee trees grown on the face of the earth, which makes it produce large types of high-quality coffee. It is distinctive for hot and cold filter drinks with its classic, balanced fruity flavor.",in stock,new,52.95 AED,https://thegreenroasteries.com/product/ethiopia-harrar,https://res.cloudinary.com/dgcexgq5g/image/upload/v1751636589/greenroasteries/variations/variations/ETH-HAR-ESPRSS-ROAS_var_ec25bfa8-7c5a-4d38-8442-c636781203a6.webp,Green Roasteries,"Food, Beverages & Tobacco > Beverages > Coffee",ESPRESSO ROAST,https://res.cloudinary.com/dgcexgq5g/image/upload/v1751636755/greenroasteries/gallery/gallery/ETH-HAR-ESPRSS-ROAS_img_5d550ac9-1c94-436a-9fc2-66e605b9dff7.webp,,27d43c3e-3077-45a6-8726-2f87b3836708,Brown,250g,Coffee,unisex,adult,en,Ethiopia Harrar,ESPRESSO ROAST,Medium Roast,whole beans
063764d3-261e-4bd3-aa1c-2ae91f3e10b0_en,Ethiopia Harrar - 250g Ground grains,"A unique crop due to the Harrar region having the oldest and tallest types of coffee trees grown on the face of the earth, which makes it produce large types of high-quality coffee. It is distinctive for hot and cold filter drinks with its classic, balanced fruity flavor.",in stock,new,52.95 AED,https://thegreenroasteries.com/product/ethiopia-harrar,https://res.cloudinary.com/dgcexgq5g/image/upload/v1751636593/greenroasteries/variations/variations/ETH-HAR-ESPRSS-ROAS_var_063764d3-261e-4bd3-aa1c-2ae91f3e10b0.webp,Green Roasteries,"Food, Beverages & Tobacco > Beverages > Coffee",ESPRESSO ROAST,https://res.cloudinary.com/dgcexgq5g/image/upload/v1751636755/greenroasteries/gallery/gallery/ETH-HAR-ESPRSS-ROAS_img_5d550ac9-1c94-436a-9fc2-66e605b9dff7.webp,,27d43c3e-3077-45a6-8726-2f87b3836708,Brown,250g,Coffee,unisex,adult,en,Ethiopia Harrar,ESPRESSO ROAST,Medium Roast,Ground grains
d930e0eb-fbaf-4d95-923a-0eeec4902443_en,Ethiopia Harrar - 1000g whole beans,"A unique crop due to the Harrar region having the oldest and tallest types of coffee trees grown on the face of the earth, which makes it produce large types of high-quality coffee. It is distinctive for hot and cold filter drinks with its classic, balanced fruity flavor.",in stock,new,175.00 AED,https://thegreenroasteries.com/product/ethiopia-harrar,https://res.cloudinary.com/dgcexgq5g/image/upload/v1751636514/greenroasteries/variations/variations/ETH-HAR-ESPRSS-ROAS_var_d930e0eb-fbaf-4d95-923a-0eeec4902443.webp,Green Roasteries,"Food, Beverages & Tobacco > Beverages > Coffee",ESPRESSO ROAST,https://res.cloudinary.com/dgcexgq5g/image/upload/v1751636755/greenroasteries/gallery/gallery/ETH-HAR-ESPRSS-ROAS_img_5d550ac9-1c94-436a-9fc2-66e605b9dff7.webp,,27d43c3e-3077-45a6-8726-2f87b3836708,Brown,1000g,Coffee,unisex,adult,en,Ethiopia Harrar,ESPRESSO ROAST,Medium Roast,whole beans
8fa319b2-c6ef-4ba5-bcd4-49cd2ff3b981_ar,اثيوبيـــا حــرار - 1000g حبوب مطحونة,"A unique crop due to the Harrar region having the oldest and tallest types of coffee trees grown on the face of the earth, which makes it produce large types of high-quality coffee. It is distinctive for hot and cold filter drinks with its classic, balanced fruity flavor.",in stock,new,175.00 AED,https://thegreenroasteries.com/product/ethiopia-harrar?lang=ar,https://res.cloudinary.com/dgcexgq5g/image/upload/v1751636516/greenroasteries/variations/variations/ETH-HAR-ESPRSS-ROAS_var_8fa319b2-c6ef-4ba5-bcd4-49cd2ff3b981.webp,المحامص الخضراء,"Food, Beverages & Tobacco > Beverages > Coffee",تحميص الإسبريسو,https://res.cloudinary.com/dgcexgq5g/image/upload/v1751636755/greenroasteries/gallery/gallery/ETH-HAR-ESPRSS-ROAS_img_5d550ac9-1c94-436a-9fc2-66e605b9dff7.webp,,27d43c3e-3077-45a6-8726-2f87b3836708,Brown,1000g,قهوة,unisex,adult,ar,Ethiopia Harrar,تحميص الإسبريسو,تحميص متوسط,حبوب مطحونة
769a1c83-5da4-4c66-a057-b227ee81c8ee_ar,اثيوبيـــا حــرار - 500g حبوب كاملة,"A unique crop due to the Harrar region having the oldest and tallest types of coffee trees grown on the face of the earth, which makes it produce large types of high-quality coffee. It is distinctive for hot and cold filter drinks with its classic, balanced fruity flavor.",in stock,new,95.00 AED,https://thegreenroasteries.com/product/ethiopia-harrar?lang=ar,https://res.cloudinary.com/dgcexgq5g/image/upload/v1751636570/greenroasteries/variations/variations/ETH-HAR-ESPRSS-ROAS_var_769a1c83-5da4-4c66-a057-b227ee81c8ee.webp,المحامص الخضراء,"Food, Beverages & Tobacco > Beverages > Coffee",تحميص الإسبريسو,https://res.cloudinary.com/dgcexgq5g/image/upload/v1751636755/greenroasteries/gallery/gallery/ETH-HAR-ESPRSS-ROAS_img_5d550ac9-1c94-436a-9fc2-66e605b9dff7.webp,,27d43c3e-3077-45a6-8726-2f87b3836708,Brown,500g,قهوة,unisex,adult,ar,Ethiopia Harrar,تحميص الإسبريسو,تحميص متوسط,حبوب كاملة
4ab6fb22-c81c-4e5b-a685-bfe797138738_ar,اثيوبيـــا حــرار - 500g حبوب مطحونة,"A unique crop due to the Harrar region having the oldest and tallest types of coffee trees grown on the face of the earth, which makes it produce large types of high-quality coffee. It is distinctive for hot and cold filter drinks with its classic, balanced fruity flavor.",in stock,new,95.00 AED,https://thegreenroasteries.com/product/ethiopia-harrar?lang=ar,https://res.cloudinary.com/dgcexgq5g/image/upload/v1751636584/greenroasteries/variations/variations/ETH-HAR-ESPRSS-ROAS_var_4ab6fb22-c81c-4e5b-a685-bfe797138738.webp,المحامص الخضراء,"Food, Beverages & Tobacco > Beverages > Coffee",تحميص الإسبريسو,https://res.cloudinary.com/dgcexgq5g/image/upload/v1751636755/greenroasteries/gallery/gallery/ETH-HAR-ESPRSS-ROAS_img_5d550ac9-1c94-436a-9fc2-66e605b9dff7.webp,,27d43c3e-3077-45a6-8726-2f87b3836708,Brown,500g,قهوة,unisex,adult,ar,Ethiopia Harrar,تحميص الإسبريسو,تحميص متوسط,حبوب مطحونة
ec25bfa8-7c5a-4d38-8442-c636781203a6_ar,اثيوبيـــا حــرار - 250g حبوب كاملة,"A unique crop due to the Harrar region having the oldest and tallest types of coffee trees grown on the face of the earth, which makes it produce large types of high-quality coffee. It is distinctive for hot and cold filter drinks with its classic, balanced fruity flavor.",in stock,new,52.95 AED,https://thegreenroasteries.com/product/ethiopia-harrar?lang=ar,https://res.cloudinary.com/dgcexgq5g/image/upload/v1751636589/greenroasteries/variations/variations/ETH-HAR-ESPRSS-ROAS_var_ec25bfa8-7c5a-4d38-8442-c636781203a6.webp,المحامص الخضراء,"Food, Beverages & Tobacco > Beverages > Coffee",تحميص الإسبريسو,https://res.cloudinary.com/dgcexgq5g/image/upload/v1751636755/greenroasteries/gallery/gallery/ETH-HAR-ESPRSS-ROAS_img_5d550ac9-1c94-436a-9fc2-66e605b9dff7.webp,,27d43c3e-3077-45a6-8726-2f87b3836708,Brown,250g,قهوة,unisex,adult,ar,Ethiopia Harrar,تحميص الإسبريسو,تحميص متوسط,حبوب كاملة
063764d3-261e-4bd3-aa1c-2ae91f3e10b0_ar,اثيوبيـــا حــرار - 250g حبوب مطحونة,"A unique crop due to the Harrar region having the oldest and tallest types of coffee trees grown on the face of the earth, which makes it produce large types of high-quality coffee. It is distinctive for hot and cold filter drinks with its classic, balanced fruity flavor.",in stock,new,52.95 AED,https://thegreenroasteries.com/product/ethiopia-harrar?lang=ar,https://res.cloudinary.com/dgcexgq5g/image/upload/v1751636593/greenroasteries/variations/variations/ETH-HAR-ESPRSS-ROAS_var_063764d3-261e-4bd3-aa1c-2ae91f3e10b0.webp,المحامص الخضراء,"Food, Beverages & Tobacco > Beverages > Coffee",تحميص الإسبريسو,https://res.cloudinary.com/dgcexgq5g/image/upload/v1751636755/greenroasteries/gallery/gallery/ETH-HAR-ESPRSS-ROAS_img_5d550ac9-1c94-436a-9fc2-66e605b9dff7.webp,,27d43c3e-3077-45a6-8726-2f87b3836708,Brown,250g,قهوة,unisex,adult,ar,Ethiopia Harrar,تحميص الإسبريسو,تحميص متوسط,حبوب مطحونة
d930e0eb-fbaf-4d95-923a-0eeec4902443_ar,اثيوبيـــا حــرار - 1000g حبوب كاملة,"A unique crop due to the Harrar region having the oldest and tallest types of coffee trees grown on the face of the earth, which makes it produce large types of high-quality coffee. It is distinctive for hot and cold filter drinks with its classic, balanced fruity flavor.",in stock,new,175.00 AED,https://thegreenroasteries.com/product/ethiopia-harrar?lang=ar,https://res.cloudinary.com/dgcexgq5g/image/upload/v1751636514/greenroasteries/variations/variations/ETH-HAR-ESPRSS-ROAS_var_d930e0eb-fbaf-4d95-923a-0eeec4902443.webp,المحامص الخضراء,"Food, Beverages & Tobacco > Beverages > Coffee",تحميص الإسبريسو,https://res.cloudinary.com/dgcexgq5g/image/upload/v1751636755/greenroasteries/gallery/gallery/ETH-HAR-ESPRSS-ROAS_img_5d550ac9-1c94-436a-9fc2-66e605b9dff7.webp,,27d43c3e-3077-45a6-8726-2f87b3836708,Brown,1000g,قهوة,unisex,adult,ar,Ethiopia Harrar,تحميص الإسبريسو,تحميص متوسط,حبوب كاملة
72fda164-c219-4b53-aeac-8d1b75901c76_en,Ethiopia Harrar - 250g Ground grains,"A unique crop due to the Harrar region having the oldest and tallest types of coffee trees grown on the face of the earth, which makes it produce large types of high-quality coffee. It is distinctive for hot and cold filter drinks with its classic, balanced fruity flavor.",in stock,new,52.95 AED,https://thegreenroasteries.com/product/ethiopia-harrar,https://res.cloudinary.com/dgcexgq5g/image/upload/v1751636625/greenroasteries/variations/variations/ETH-HAR-MED-ROAS_var_72fda164-c219-4b53-aeac-8d1b75901c76.webp,Green Roasteries,"Food, Beverages & Tobacco > Beverages > Coffee",FILTER COFFEE,https://res.cloudinary.com/dgcexgq5g/image/upload/v1751636758/greenroasteries/gallery/gallery/ETH-HAR-MED-ROAS_img_901a9523-cc0e-48d2-9328-81d89116844c.webp,,313fde08-3a78-4cca-9a08-3f17cd6a59ff,Brown,250g,Coffee,unisex,adult,en,Ethiopia Harrar,FILTER COFFEE,Medium Roast,Ground grains
4c1b2743-14d2-4c94-b128-5c40be15828c_en,Ethiopia Harrar - 1000g Ground grains,"A unique crop due to the Harrar region having the oldest and tallest types of coffee trees grown on the face of the earth, which makes it produce large types of high-quality coffee. It is distinctive for hot and cold filter drinks with its classic, balanced fruity flavor.",in stock,new,175.00 AED,https://thegreenroasteries.com/product/ethiopia-harrar,https://res.cloudinary.com/dgcexgq5g/image/upload/v1751636632/greenroasteries/variations/variations/ETH-HAR-MED-ROAS_var_4c1b2743-14d2-4c94-b128-5c40be15828c.webp,Green Roasteries,"Food, Beverages & Tobacco > Beverages > Coffee",FILTER COFFEE,https://res.cloudinary.com/dgcexgq5g/image/upload/v1751636758/greenroasteries/gallery/gallery/ETH-HAR-MED-ROAS_img_901a9523-cc0e-48d2-9328-81d89116844c.webp,,313fde08-3a78-4cca-9a08-3f17cd6a59ff,Brown,1000g,Coffee,unisex,adult,en,Ethiopia Harrar,FILTER COFFEE,Medium Roast,Ground grains
fa307cc5-3ba9-49f8-bd43-48fe6f84fba6_en,Ethiopia Harrar - 250g whole beans,"A unique crop due to the Harrar region having the oldest and tallest types of coffee trees grown on the face of the earth, which makes it produce large types of high-quality coffee. It is distinctive for hot and cold filter drinks with its classic, balanced fruity flavor.",in stock,new,52.95 AED,https://thegreenroasteries.com/product/ethiopia-harrar,https://res.cloudinary.com/dgcexgq5g/image/upload/v1751636649/greenroasteries/variations/variations/ETH-HAR-MED-ROAS_var_fa307cc5-3ba9-49f8-bd43-48fe6f84fba6.webp,Green Roasteries,"Food, Beverages & Tobacco > Beverages > Coffee",FILTER COFFEE,https://res.cloudinary.com/dgcexgq5g/image/upload/v1751636758/greenroasteries/gallery/gallery/ETH-HAR-MED-ROAS_img_901a9523-cc0e-48d2-9328-81d89116844c.webp,,313fde08-3a78-4cca-9a08-3f17cd6a59ff,Brown,250g,Coffee,unisex,adult,en,Ethiopia Harrar,FILTER COFFEE,Medium Roast,whole beans
5bdcfd6d-5ec5-4828-9c4f-c6303ecee5a6_en,Ethiopia Harrar - 500g Ground grains,"A unique crop due to the Harrar region having the oldest and tallest types of coffee trees grown on the face of the earth, which makes it produce large types of high-quality coffee. It is distinctive for hot and cold filter drinks with its classic, balanced fruity flavor.",in stock,new,95.00 AED,https://thegreenroasteries.com/product/ethiopia-harrar,https://res.cloudinary.com/dgcexgq5g/image/upload/v1751636651/greenroasteries/variations/variations/ETH-HAR-MED-ROAS_var_5bdcfd6d-5ec5-4828-9c4f-c6303ecee5a6.webp,Green Roasteries,"Food, Beverages & Tobacco > Beverages > Coffee",FILTER COFFEE,https://res.cloudinary.com/dgcexgq5g/image/upload/v1751636758/greenroasteries/gallery/gallery/ETH-HAR-MED-ROAS_img_901a9523-cc0e-48d2-9328-81d89116844c.webp,,313fde08-3a78-4cca-9a08-3f17cd6a59ff,Brown,500g,Coffee,unisex,adult,en,Ethiopia Harrar,FILTER COFFEE,Medium Roast,Ground grains
a95608b7-64c6-4742-b970-635eeb6e99e2_en,Ethiopia Harrar - 500g whole beans,"A unique crop due to the Harrar region having the oldest and tallest types of coffee trees grown on the face of the earth, which makes it produce large types of high-quality coffee. It is distinctive for hot and cold filter drinks with its classic, balanced fruity flavor.",in stock,new,95.00 AED,https://thegreenroasteries.com/product/ethiopia-harrar,https://res.cloudinary.com/dgcexgq5g/image/upload/v1751636655/greenroasteries/variations/variations/ETH-HAR-MED-ROAS_var_a95608b7-64c6-4742-b970-635eeb6e99e2.webp,Green Roasteries,"Food, Beverages & Tobacco > Beverages > Coffee",FILTER COFFEE,https://res.cloudinary.com/dgcexgq5g/image/upload/v1751636758/greenroasteries/gallery/gallery/ETH-HAR-MED-ROAS_img_901a9523-cc0e-48d2-9328-81d89116844c.webp,,313fde08-3a78-4cca-9a08-3f17cd6a59ff,Brown,500g,Coffee,unisex,adult,en,Ethiopia Harrar,FILTER COFFEE,Medium Roast,whole beans
7f484a8b-3997-4644-b6fc-cce9391a7a92_en,Ethiopia Harrar - 1000g whole beans,"A unique crop due to the Harrar region having the oldest and tallest types of coffee trees grown on the face of the earth, which makes it produce large types of high-quality coffee. It is distinctive for hot and cold filter drinks with its classic, balanced fruity flavor.",in stock,new,175.00 AED,https://thegreenroasteries.com/product/ethiopia-harrar,https://res.cloudinary.com/dgcexgq5g/image/upload/v1751636628/greenroasteries/variations/variations/ETH-HAR-MED-ROAS_var_7f484a8b-3997-4644-b6fc-cce9391a7a92.webp,Green Roasteries,"Food, Beverages & Tobacco > Beverages > Coffee",FILTER COFFEE,https://res.cloudinary.com/dgcexgq5g/image/upload/v1751636758/greenroasteries/gallery/gallery/ETH-HAR-MED-ROAS_img_901a9523-cc0e-48d2-9328-81d89116844c.webp,,313fde08-3a78-4cca-9a08-3f17cd6a59ff,Brown,1000g,Coffee,unisex,adult,en,Ethiopia Harrar,FILTER COFFEE,Medium Roast,whole beans
72fda164-c219-4b53-aeac-8d1b75901c76_ar,اثيوبيـــا حــرار - 250g حبوب مطحونة,محصول فريد من نوعه بسبب امتالك منطقة هرار أقدم وأطول أنواع أشجار البن المزروعة على وجه األرض، مما يجعلها تنتج أنواعا كبيرة من القهوة عالية الجودة. مميز لمشروبات الفلتر الحار و البارد بنكهتة الفاكهية الكالسيكية المتوازنة.,in stock,new,52.95 AED,https://thegreenroasteries.com/product/ethiopia-harrar?lang=ar,https://res.cloudinary.com/dgcexgq5g/image/upload/v1751636625/greenroasteries/variations/variations/ETH-HAR-MED-ROAS_var_72fda164-c219-4b53-aeac-8d1b75901c76.webp,المحامص الخضراء,"Food, Beverages & Tobacco > Beverages > Coffee",قهوة مقطرة,https://res.cloudinary.com/dgcexgq5g/image/upload/v1751636758/greenroasteries/gallery/gallery/ETH-HAR-MED-ROAS_img_901a9523-cc0e-48d2-9328-81d89116844c.webp,,313fde08-3a78-4cca-9a08-3f17cd6a59ff,Brown,250g,قهوة,unisex,adult,ar,Ethiopia Harrar,قهوة مقطرة,تحميص متوسط,حبوب مطحونة
4c1b2743-14d2-4c94-b128-5c40be15828c_ar,اثيوبيـــا حــرار - 1000g حبوب مطحونة,محصول فريد من نوعه بسبب امتالك منطقة هرار أقدم وأطول أنواع أشجار البن المزروعة على وجه األرض، مما يجعلها تنتج أنواعا كبيرة من القهوة عالية الجودة. مميز لمشروبات الفلتر الحار و البارد بنكهتة الفاكهية الكالسيكية المتوازنة.,in stock,new,175.00 AED,https://thegreenroasteries.com/product/ethiopia-harrar?lang=ar,https://res.cloudinary.com/dgcexgq5g/image/upload/v1751636632/greenroasteries/variations/variations/ETH-HAR-MED-ROAS_var_4c1b2743-14d2-4c94-b128-5c40be15828c.webp,المحامص الخضراء,"Food, Beverages & Tobacco > Beverages > Coffee",قهوة مقطرة,https://res.cloudinary.com/dgcexgq5g/image/upload/v1751636758/greenroasteries/gallery/gallery/ETH-HAR-MED-ROAS_img_901a9523-cc0e-48d2-9328-81d89116844c.webp,,313fde08-3a78-4cca-9a08-3f17cd6a59ff,Brown,1000g,قهوة,unisex,adult,ar,Ethiopia Harrar,قهوة مقطرة,تحميص متوسط,حبوب مطحونة
fa307cc5-3ba9-49f8-bd43-48fe6f84fba6_ar,اثيوبيـــا حــرار - 250g حبوب كاملة,محصول فريد من نوعه بسبب امتالك منطقة هرار أقدم وأطول أنواع أشجار البن المزروعة على وجه األرض، مما يجعلها تنتج أنواعا كبيرة من القهوة عالية الجودة. مميز لمشروبات الفلتر الحار و البارد بنكهتة الفاكهية الكالسيكية المتوازنة.,in stock,new,52.95 AED,https://thegreenroasteries.com/product/ethiopia-harrar?lang=ar,https://res.cloudinary.com/dgcexgq5g/image/upload/v1751636649/greenroasteries/variations/variations/ETH-HAR-MED-ROAS_var_fa307cc5-3ba9-49f8-bd43-48fe6f84fba6.webp,المحامص الخضراء,"Food, Beverages & Tobacco > Beverages > Coffee",قهوة مقطرة,https://res.cloudinary.com/dgcexgq5g/image/upload/v1751636758/greenroasteries/gallery/gallery/ETH-HAR-MED-ROAS_img_901a9523-cc0e-48d2-9328-81d89116844c.webp,,313fde08-3a78-4cca-9a08-3f17cd6a59ff,Brown,250g,قهوة,unisex,adult,ar,Ethiopia Harrar,قهوة مقطرة,تحميص متوسط,حبوب كاملة
5bdcfd6d-5ec5-4828-9c4f-c6303ecee5a6_ar,اثيوبيـــا حــرار - 500g حبوب مطحونة,محصول فريد من نوعه بسبب امتالك منطقة هرار أقدم وأطول أنواع أشجار البن المزروعة على وجه األرض، مما يجعلها تنتج أنواعا كبيرة من القهوة عالية الجودة. مميز لمشروبات الفلتر الحار و البارد بنكهتة الفاكهية الكالسيكية المتوازنة.,in stock,new,95.00 AED,https://thegreenroasteries.com/product/ethiopia-harrar?lang=ar,https://res.cloudinary.com/dgcexgq5g/image/upload/v1751636651/greenroasteries/variations/variations/ETH-HAR-MED-ROAS_var_5bdcfd6d-5ec5-4828-9c4f-c6303ecee5a6.webp,المحامص الخضراء,"Food, Beverages & Tobacco > Beverages > Coffee",قهوة مقطرة,https://res.cloudinary.com/dgcexgq5g/image/upload/v1751636758/greenroasteries/gallery/gallery/ETH-HAR-MED-ROAS_img_901a9523-cc0e-48d2-9328-81d89116844c.webp,,313fde08-3a78-4cca-9a08-3f17cd6a59ff,Brown,500g,قهوة,unisex,adult,ar,Ethiopia Harrar,قهوة مقطرة,تحميص متوسط,حبوب مطحونة
a95608b7-64c6-4742-b970-635eeb6e99e2_ar,اثيوبيـــا حــرار - 500g حبوب كاملة,محصول فريد من نوعه بسبب امتالك منطقة هرار أقدم وأطول أنواع أشجار البن المزروعة على وجه األرض، مما يجعلها تنتج أنواعا كبيرة من القهوة عالية الجودة. مميز لمشروبات الفلتر الحار و البارد بنكهتة الفاكهية الكالسيكية المتوازنة.,in stock,new,95.00 AED,https://thegreenroasteries.com/product/ethiopia-harrar?lang=ar,https://res.cloudinary.com/dgcexgq5g/image/upload/v1751636655/greenroasteries/variations/variations/ETH-HAR-MED-ROAS_var_a95608b7-64c6-4742-b970-635eeb6e99e2.webp,المحامص الخضراء,"Food, Beverages & Tobacco > Beverages > Coffee",قهوة مقطرة,https://res.cloudinary.com/dgcexgq5g/image/upload/v1751636758/greenroasteries/gallery/gallery/ETH-HAR-MED-ROAS_img_901a9523-cc0e-48d2-9328-81d89116844c.webp,,313fde08-3a78-4cca-9a08-3f17cd6a59ff,Brown,500g,قهوة,unisex,adult,ar,Ethiopia Harrar,قهوة مقطرة,تحميص متوسط,حبوب كاملة
7f484a8b-3997-4644-b6fc-cce9391a7a92_ar,اثيوبيـــا حــرار - 1000g حبوب كاملة,محصول فريد من نوعه بسبب امتالك منطقة هرار أقدم وأطول أنواع أشجار البن المزروعة على وجه األرض، مما يجعلها تنتج أنواعا كبيرة من القهوة عالية الجودة. مميز لمشروبات الفلتر الحار و البارد بنكهتة الفاكهية الكالسيكية المتوازنة.,in stock,new,175.00 AED,https://thegreenroasteries.com/product/ethiopia-harrar?lang=ar,https://res.cloudinary.com/dgcexgq5g/image/upload/v1751636628/greenroasteries/variations/variations/ETH-HAR-MED-ROAS_var_7f484a8b-3997-4644-b6fc-cce9391a7a92.webp,المحامص الخضراء,"Food, Beverages & Tobacco > Beverages > Coffee",قهوة مقطرة,https://res.cloudinary.com/dgcexgq5g/image/upload/v1751636758/greenroasteries/gallery/gallery/ETH-HAR-MED-ROAS_img_901a9523-cc0e-48d2-9328-81d89116844c.webp,,313fde08-3a78-4cca-9a08-3f17cd6a59ff,Brown,1000g,قهوة,unisex,adult,ar,Ethiopia Harrar,قهوة مقطرة,تحميص متوسط,حبوب كاملة
51704d06-cea3-491a-9a3b-792c24203d9f_en,Evening Blend - 500g whole beans,A distinctive crop of green roasters with rich and beautiful notes that suit lovers of classic filter drinks that are free of complexity. The sweetness of the crop is highlighted with milk drinks of all kinds. This crop is considered a special blend of our selection of the finest crops.,in stock,new,115.00 AED,https://thegreenroasteries.com/product/evening-blend,https://res.cloudinary.com/dgcexgq5g/image/upload/v1751636405/greenroasteries/variations/variations/EVE-MED-ROAS_var_51704d06-cea3-491a-9a3b-792c24203d9f.webp,Green Roasteries,"Food, Beverages & Tobacco > Beverages > Coffee",FILTER COFFEE,https://res.cloudinary.com/dgcexgq5g/image/upload/v1751636774/greenroasteries/gallery/gallery/EVE-MED-ROAS_img_aa6241a6-6347-45ad-92a6-d38df1095251.webp,,982dd0d4-6f2b-42d9-8ac3-2f697179e60f,Brown,500g,Coffee,unisex,adult,en,Evening Blend,FILTER COFFEE,Medium Roast,whole beans
d58a777f-b558-4f68-9677-d3c73c36a193_en,Evening Blend - 500g Ground grains,A distinctive crop of green roasters with rich and beautiful notes that suit lovers of classic filter drinks that are free of complexity. The sweetness of the crop is highlighted with milk drinks of all kinds. This crop is considered a special blend of our selection of the finest crops.,in stock,new,115.00 AED,https://thegreenroasteries.com/product/evening-blend,https://res.cloudinary.com/dgcexgq5g/image/upload/v1751636410/greenroasteries/variations/variations/EVE-MED-ROAS_var_d58a777f-b558-4f68-9677-d3c73c36a193.webp,Green Roasteries,"Food, Beverages & Tobacco > Beverages > Coffee",FILTER COFFEE,https://res.cloudinary.com/dgcexgq5g/image/upload/v1751636774/greenroasteries/gallery/gallery/EVE-MED-ROAS_img_aa6241a6-6347-45ad-92a6-d38df1095251.webp,,982dd0d4-6f2b-42d9-8ac3-2f697179e60f,Brown,500g,Coffee,unisex,adult,en,Evening Blend,FILTER COFFEE,Medium Roast,Ground grains
8fe43571-19c9-4cc6-99a5-a3142268d441_en,Evening Blend - 250g Ground grains,A distinctive crop of green roasters with rich and beautiful notes that suit lovers of classic filter drinks that are free of complexity. The sweetness of the crop is highlighted with milk drinks of all kinds. This crop is considered a special blend of our selection of the finest crops.,in stock,new,64.95 AED,https://thegreenroasteries.com/product/evening-blend,https://res.cloudinary.com/dgcexgq5g/image/upload/v1751636413/greenroasteries/variations/variations/EVE-MED-ROAS_var_8fe43571-19c9-4cc6-99a5-a3142268d441.webp,Green Roasteries,"Food, Beverages & Tobacco > Beverages > Coffee",FILTER COFFEE,https://res.cloudinary.com/dgcexgq5g/image/upload/v1751636774/greenroasteries/gallery/gallery/EVE-MED-ROAS_img_aa6241a6-6347-45ad-92a6-d38df1095251.webp,,982dd0d4-6f2b-42d9-8ac3-2f697179e60f,Brown,250g,Coffee,unisex,adult,en,Evening Blend,FILTER COFFEE,Medium Roast,Ground grains
b42ba945-0d1b-45a1-90e4-a9ea38f66194_en,Evening Blend - 250g whole beans,A distinctive crop of green roasters with rich and beautiful notes that suit lovers of classic filter drinks that are free of complexity. The sweetness of the crop is highlighted with milk drinks of all kinds. This crop is considered a special blend of our selection of the finest crops.,in stock,new,64.95 AED,https://thegreenroasteries.com/product/evening-blend,https://res.cloudinary.com/dgcexgq5g/image/upload/v1751636626/greenroasteries/variations/variations/EVE-MED-ROAS_var_b42ba945-0d1b-45a1-90e4-a9ea38f66194.webp,Green Roasteries,"Food, Beverages & Tobacco > Beverages > Coffee",FILTER COFFEE,https://res.cloudinary.com/dgcexgq5g/image/upload/v1751636774/greenroasteries/gallery/gallery/EVE-MED-ROAS_img_aa6241a6-6347-45ad-92a6-d38df1095251.webp,,982dd0d4-6f2b-42d9-8ac3-2f697179e60f,Brown,250g,Coffee,unisex,adult,en,Evening Blend,FILTER COFFEE,Medium Roast,whole beans
d5aa4fc5-bdfa-4f20-bb7a-6061d9b37729_en,Evening Blend - 1000g Ground grains,A distinctive crop of green roasters with rich and beautiful notes that suit lovers of classic filter drinks that are free of complexity. The sweetness of the crop is highlighted with milk drinks of all kinds. This crop is considered a special blend of our selection of the finest crops.,in stock,new,215.00 AED,https://thegreenroasteries.com/product/evening-blend,https://res.cloudinary.com/dgcexgq5g/image/upload/v1751636446/greenroasteries/variations/variations/EVE-MED-ROAS_var_d5aa4fc5-bdfa-4f20-bb7a-6061d9b37729.webp,Green Roasteries,"Food, Beverages & Tobacco > Beverages > Coffee",FILTER COFFEE,https://res.cloudinary.com/dgcexgq5g/image/upload/v1751636774/greenroasteries/gallery/gallery/EVE-MED-ROAS_img_aa6241a6-6347-45ad-92a6-d38df1095251.webp,,982dd0d4-6f2b-42d9-8ac3-2f697179e60f,Brown,1000g,Coffee,unisex,adult,en,Evening Blend,FILTER COFFEE,Medium Roast,Ground grains
d58d71cf-54ad-49c7-b2fb-f4a6ce73d9d8_en,Evening Blend - 1000g whole beans,A distinctive crop of green roasters with rich and beautiful notes that suit lovers of classic filter drinks that are free of complexity. The sweetness of the crop is highlighted with milk drinks of all kinds. This crop is considered a special blend of our selection of the finest crops.,in stock,new,215.00 AED,https://thegreenroasteries.com/product/evening-blend,https://res.cloudinary.com/dgcexgq5g/image/upload/v1751636613/greenroasteries/variations/variations/EVE-MED-ROAS_var_d58d71cf-54ad-49c7-b2fb-f4a6ce73d9d8.webp,Green Roasteries,"Food, Beverages & Tobacco > Beverages > Coffee",FILTER COFFEE,https://res.cloudinary.com/dgcexgq5g/image/upload/v1751636774/greenroasteries/gallery/gallery/EVE-MED-ROAS_img_aa6241a6-6347-45ad-92a6-d38df1095251.webp,,982dd0d4-6f2b-42d9-8ac3-2f697179e60f,Brown,1000g,Coffee,unisex,adult,en,Evening Blend,FILTER COFFEE,Medium Roast,whole beans
51704d06-cea3-491a-9a3b-792c24203d9f_ar,خلطـــة المساء - 500g حبوب كاملة,محصول مميز من المحامص الخضراء يتمتع المحصول بنوتات غنية وجميلة تتناسب مع محبي مشروبات الفلتر الكالسيكي الخالي من التعقيد وتبرز حالوة المحصول مع مشروبات الحليب بكل أنواعه ويعتبر هذا المحصول مزيج خاص من اختيارنا الجود المحاصيل.,in stock,new,115.00 AED,https://thegreenroasteries.com/product/evening-blend?lang=ar,https://res.cloudinary.com/dgcexgq5g/image/upload/v1751636405/greenroasteries/variations/variations/EVE-MED-ROAS_var_51704d06-cea3-491a-9a3b-792c24203d9f.webp,المحامص الخضراء,"Food, Beverages & Tobacco > Beverages > Coffee",قهوة مقطرة,https://res.cloudinary.com/dgcexgq5g/image/upload/v1751636774/greenroasteries/gallery/gallery/EVE-MED-ROAS_img_aa6241a6-6347-45ad-92a6-d38df1095251.webp,,982dd0d4-6f2b-42d9-8ac3-2f697179e60f,Brown,500g,قهوة,unisex,adult,ar,Evening Blend,قهوة مقطرة,تحميص متوسط,حبوب كاملة
d58a777f-b558-4f68-9677-d3c73c36a193_ar,خلطـــة المساء - 500g حبوب مطحونة,محصول مميز من المحامص الخضراء يتمتع المحصول بنوتات غنية وجميلة تتناسب مع محبي مشروبات الفلتر الكالسيكي الخالي من التعقيد وتبرز حالوة المحصول مع مشروبات الحليب بكل أنواعه ويعتبر هذا المحصول مزيج خاص من اختيارنا الجود المحاصيل.,in stock,new,115.00 AED,https://thegreenroasteries.com/product/evening-blend?lang=ar,https://res.cloudinary.com/dgcexgq5g/image/upload/v1751636410/greenroasteries/variations/variations/EVE-MED-ROAS_var_d58a777f-b558-4f68-9677-d3c73c36a193.webp,المحامص الخضراء,"Food, Beverages & Tobacco > Beverages > Coffee",قهوة مقطرة,https://res.cloudinary.com/dgcexgq5g/image/upload/v1751636774/greenroasteries/gallery/gallery/EVE-MED-ROAS_img_aa6241a6-6347-45ad-92a6-d38df1095251.webp,,982dd0d4-6f2b-42d9-8ac3-2f697179e60f,Brown,500g,قهوة,unisex,adult,ar,Evening Blend,قهوة مقطرة,تحميص متوسط,حبوب مطحونة
8fe43571-19c9-4cc6-99a5-a3142268d441_ar,خلطـــة المساء - 250g حبوب مطحونة,محصول مميز من المحامص الخضراء يتمتع المحصول بنوتات غنية وجميلة تتناسب مع محبي مشروبات الفلتر الكالسيكي الخالي من التعقيد وتبرز حالوة المحصول مع مشروبات الحليب بكل أنواعه ويعتبر هذا المحصول مزيج خاص من اختيارنا الجود المحاصيل.,in stock,new,64.95 AED,https://thegreenroasteries.com/product/evening-blend?lang=ar,https://res.cloudinary.com/dgcexgq5g/image/upload/v1751636413/greenroasteries/variations/variations/EVE-MED-ROAS_var_8fe43571-19c9-4cc6-99a5-a3142268d441.webp,المحامص الخضراء,"Food, Beverages & Tobacco > Beverages > Coffee",قهوة مقطرة,https://res.cloudinary.com/dgcexgq5g/image/upload/v1751636774/greenroasteries/gallery/gallery/EVE-MED-ROAS_img_aa6241a6-6347-45ad-92a6-d38df1095251.webp,,982dd0d4-6f2b-42d9-8ac3-2f697179e60f,Brown,250g,قهوة,unisex,adult,ar,Evening Blend,قهوة مقطرة,تحميص متوسط,حبوب مطحونة
b42ba945-0d1b-45a1-90e4-a9ea38f66194_ar,خلطـــة المساء - 250g حبوب كاملة,محصول مميز من المحامص الخضراء يتمتع المحصول بنوتات غنية وجميلة تتناسب مع محبي مشروبات الفلتر الكالسيكي الخالي من التعقيد وتبرز حالوة المحصول مع مشروبات الحليب بكل أنواعه ويعتبر هذا المحصول مزيج خاص من اختيارنا الجود المحاصيل.,in stock,new,64.95 AED,https://thegreenroasteries.com/product/evening-blend?lang=ar,https://res.cloudinary.com/dgcexgq5g/image/upload/v1751636626/greenroasteries/variations/variations/EVE-MED-ROAS_var_b42ba945-0d1b-45a1-90e4-a9ea38f66194.webp,المحامص الخضراء,"Food, Beverages & Tobacco > Beverages > Coffee",قهوة مقطرة,https://res.cloudinary.com/dgcexgq5g/image/upload/v1751636774/greenroasteries/gallery/gallery/EVE-MED-ROAS_img_aa6241a6-6347-45ad-92a6-d38df1095251.webp,,982dd0d4-6f2b-42d9-8ac3-2f697179e60f,Brown,250g,قهوة,unisex,adult,ar,Evening Blend,قهوة مقطرة,تحميص متوسط,حبوب كاملة
d5aa4fc5-bdfa-4f20-bb7a-6061d9b37729_ar,خلطـــة المساء - 1000g حبوب مطحونة,محصول مميز من المحامص الخضراء يتمتع المحصول بنوتات غنية وجميلة تتناسب مع محبي مشروبات الفلتر الكالسيكي الخالي من التعقيد وتبرز حالوة المحصول مع مشروبات الحليب بكل أنواعه ويعتبر هذا المحصول مزيج خاص من اختيارنا الجود المحاصيل.,in stock,new,215.00 AED,https://thegreenroasteries.com/product/evening-blend?lang=ar,https://res.cloudinary.com/dgcexgq5g/image/upload/v1751636446/greenroasteries/variations/variations/EVE-MED-ROAS_var_d5aa4fc5-bdfa-4f20-bb7a-6061d9b37729.webp,المحامص الخضراء,"Food, Beverages & Tobacco > Beverages > Coffee",قهوة مقطرة,https://res.cloudinary.com/dgcexgq5g/image/upload/v1751636774/greenroasteries/gallery/gallery/EVE-MED-ROAS_img_aa6241a6-6347-45ad-92a6-d38df1095251.webp,,982dd0d4-6f2b-42d9-8ac3-2f697179e60f,Brown,1000g,قهوة,unisex,adult,ar,Evening Blend,قهوة مقطرة,تحميص متوسط,حبوب مطحونة
d58d71cf-54ad-49c7-b2fb-f4a6ce73d9d8_ar,خلطـــة المساء - 1000g حبوب كاملة,محصول مميز من المحامص الخضراء يتمتع المحصول بنوتات غنية وجميلة تتناسب مع محبي مشروبات الفلتر الكالسيكي الخالي من التعقيد وتبرز حالوة المحصول مع مشروبات الحليب بكل أنواعه ويعتبر هذا المحصول مزيج خاص من اختيارنا الجود المحاصيل.,in stock,new,215.00 AED,https://thegreenroasteries.com/product/evening-blend?lang=ar,https://res.cloudinary.com/dgcexgq5g/image/upload/v1751636613/greenroasteries/variations/variations/EVE-MED-ROAS_var_d58d71cf-54ad-49c7-b2fb-f4a6ce73d9d8.webp,المحامص الخضراء,"Food, Beverages & Tobacco > Beverages > Coffee",قهوة مقطرة,https://res.cloudinary.com/dgcexgq5g/image/upload/v1751636774/greenroasteries/gallery/gallery/EVE-MED-ROAS_img_aa6241a6-6347-45ad-92a6-d38df1095251.webp,,982dd0d4-6f2b-42d9-8ac3-2f697179e60f,Brown,1000g,قهوة,unisex,adult,ar,Evening Blend,قهوة مقطرة,تحميص متوسط,حبوب كاملة
d2f10ace-0cf8-4b32-a517-250f880d11f2_en,Fiery Chili Pistachios - 500g,"Hand-picked premium pistachios are dry-roasted to golden perfection, then tossed in a bold chili-lime seasoning blend for an irresistible kick. Each vibrant red-orange shell cracks open to reveal tender, buttery green kernels with a perfect balance of smoky heat, tangy citrus, and savory umami undertones. Ideal for snacking straight from the bowl, adding a spicy crunch to salads, or pairing with your favorite chilled beverage—these Fiery Chili Pistachios will awaken your taste buds and leave you reaching for more.",in stock,new,67.97 AED,https://thegreenroasteries.com/product/fiery-chili-pistachios,https://res.cloudinary.com/dgcexgq5g/image/upload/v1751636303/greenroasteries/products/products/NT-PS-CH.webp,Green Roasteries,"Food, Beverages & Tobacco > Food Items > Snack Foods > Nuts & Seeds",NUTS & DRIED FRUITS,,,a097095c-d6bc-48be-ba9a-672f7d195343,Brown,500g,Coffee,unisex,adult,en,Premium Origin,NUTS & DRIED FRUITS,Medium Roast,Arabica Beans
8903f359-6bdf-4867-9315-5406bdd2651b_en,Fiery Chili Pistachios - 1000g,"Hand-picked premium pistachios are dry-roasted to golden perfection, then tossed in a bold chili-lime seasoning blend for an irresistible kick. Each vibrant red-orange shell cracks open to reveal tender, buttery green kernels with a perfect balance of smoky heat, tangy citrus, and savory umami undertones. Ideal for snacking straight from the bowl, adding a spicy crunch to salads, or pairing with your favorite chilled beverage—these Fiery Chili Pistachios will awaken your taste buds and leave you reaching for more.",in stock,new,125.95 AED,https://thegreenroasteries.com/product/fiery-chili-pistachios,https://res.cloudinary.com/dgcexgq5g/image/upload/v1751636303/greenroasteries/products/products/NT-PS-CH.webp,Green Roasteries,"Food, Beverages & Tobacco > Food Items > Snack Foods > Nuts & Seeds",NUTS & DRIED FRUITS,,,a097095c-d6bc-48be-ba9a-672f7d195343,Brown,1000g,Coffee,unisex,adult,en,Premium Origin,NUTS & DRIED FRUITS,Medium Roast,Arabica Beans
d5362f71-f8b4-4bc9-aa9c-6e4391d07262_en,Fiery Chili Pistachios - 250g,"Hand-picked premium pistachios are dry-roasted to golden perfection, then tossed in a bold chili-lime seasoning blend for an irresistible kick. Each vibrant red-orange shell cracks open to reveal tender, buttery green kernels with a perfect balance of smoky heat, tangy citrus, and savory umami undertones. Ideal for snacking straight from the bowl, adding a spicy crunch to salads, or pairing with your favorite chilled beverage—these Fiery Chili Pistachios will awaken your taste buds and leave you reaching for more.",in stock,new,48.95 AED,https://thegreenroasteries.com/product/fiery-chili-pistachios,https://res.cloudinary.com/dgcexgq5g/image/upload/v1751636303/greenroasteries/products/products/NT-PS-CH.webp,Green Roasteries,"Food, Beverages & Tobacco > Food Items > Snack Foods > Nuts & Seeds",NUTS & DRIED FRUITS,,,a097095c-d6bc-48be-ba9a-672f7d195343,Brown,250g,Coffee,unisex,adult,en,Premium Origin,NUTS & DRIED FRUITS,Medium Roast,Arabica Beans
d2f10ace-0cf8-4b32-a517-250f880d11f2_ar,فستق حلبي حار بالتشيلي - 500g,تم تحميص حبات الفستق الحلبي الفاخرة حتى تكتسب لونًا ذهبيًا مميزًا، ثم تُغطى بمزيج توابل الشيلي الحار مع لمسة من الليمون الحامض. عند تشقّق القشرة الحمراء البرتقالية، تكشف عن لبٍّ أخضر ناعم غنيّ بالزبدة، يتوازن فيه الطعم المدخّن الحار مع نكهة الحمضيات المنعشة ولمسات الأومامي المالحة. مثالية للتناول مباشرة من الوعاء، أو إضافة قرمشة حارة للسلطات، أو الترافق مع مشروبك المفضل باردًا—ستُشعل هذه الفستق الحلبي الحار حاسة التذوق لديك وستجعلك تطلب المزيد.,in stock,new,67.97 AED,https://thegreenroasteries.com/product/fiery-chili-pistachios?lang=ar,https://res.cloudinary.com/dgcexgq5g/image/upload/v1751636303/greenroasteries/products/products/NT-PS-CH.webp,المحامص الخضراء,"Food, Beverages & Tobacco > Beverages > Coffee",مكسرات وفواكه مجففة,,,a097095c-d6bc-48be-ba9a-672f7d195343,Brown,500g,قهوة,unisex,adult,ar,أصل مميز,مكسرات وفواكه مجففة,تحميص متوسط,حبوب عربية
8903f359-6bdf-4867-9315-5406bdd2651b_ar,فستق حلبي حار بالتشيلي - 1000g,تم تحميص حبات الفستق الحلبي الفاخرة حتى تكتسب لونًا ذهبيًا مميزًا، ثم تُغطى بمزيج توابل الشيلي الحار مع لمسة من الليمون الحامض. عند تشقّق القشرة الحمراء البرتقالية، تكشف عن لبٍّ أخضر ناعم غنيّ بالزبدة، يتوازن فيه الطعم المدخّن الحار مع نكهة الحمضيات المنعشة ولمسات الأومامي المالحة. مثالية للتناول مباشرة من الوعاء، أو إضافة قرمشة حارة للسلطات، أو الترافق مع مشروبك المفضل باردًا—ستُشعل هذه الفستق الحلبي الحار حاسة التذوق لديك وستجعلك تطلب المزيد.,in stock,new,125.95 AED,https://thegreenroasteries.com/product/fiery-chili-pistachios?lang=ar,https://res.cloudinary.com/dgcexgq5g/image/upload/v1751636303/greenroasteries/products/products/NT-PS-CH.webp,المحامص الخضراء,"Food, Beverages & Tobacco > Beverages > Coffee",مكسرات وفواكه مجففة,,,a097095c-d6bc-48be-ba9a-672f7d195343,Brown,1000g,قهوة,unisex,adult,ar,أصل مميز,مكسرات وفواكه مجففة,تحميص متوسط,حبوب عربية
d5362f71-f8b4-4bc9-aa9c-6e4391d07262_ar,فستق حلبي حار بالتشيلي - 250g,تم تحميص حبات الفستق الحلبي الفاخرة حتى تكتسب لونًا ذهبيًا مميزًا، ثم تُغطى بمزيج توابل الشيلي الحار مع لمسة من الليمون الحامض. عند تشقّق القشرة الحمراء البرتقالية، تكشف عن لبٍّ أخضر ناعم غنيّ بالزبدة، يتوازن فيه الطعم المدخّن الحار مع نكهة الحمضيات المنعشة ولمسات الأومامي المالحة. مثالية للتناول مباشرة من الوعاء، أو إضافة قرمشة حارة للسلطات، أو الترافق مع مشروبك المفضل باردًا—ستُشعل هذه الفستق الحلبي الحار حاسة التذوق لديك وستجعلك تطلب المزيد.,in stock,new,48.95 AED,https://thegreenroasteries.com/product/fiery-chili-pistachios?lang=ar,https://res.cloudinary.com/dgcexgq5g/image/upload/v1751636303/greenroasteries/products/products/NT-PS-CH.webp,المحامص الخضراء,"Food, Beverages & Tobacco > Beverages > Coffee",مكسرات وفواكه مجففة,,,a097095c-d6bc-48be-ba9a-672f7d195343,Brown,250g,قهوة,unisex,adult,ar,أصل مميز,مكسرات وفواكه مجففة,تحميص متوسط,حبوب عربية
f80bb61c-04ed-477c-8ddf-6fa1c9e6b9b0_en,Hot Chili Crunch Cashews - 500g,"Crank up the spice meter with our Fiery Hot Chili Crunch Cashews! Each premium cashew is dry-roasted to golden perfection, then generously coated in an extra-fiery blend of chili powder, cayenne, smoked paprika, and a dash of Himalayan pink salt. The result? A seriously crunchy snack that delivers an intense, mouth-tingling heat from the first bite to the last. Perfect for heat-seekers—enjoy straight from the jar, sprinkle over popcorn for a spicy twist, or serve alongside cold beers to cool down the burn.",in stock,new,67.95 AED,https://thegreenroasteries.com/product/hot-chili-crunch-cashews,https://res.cloudinary.com/dgcexgq5g/image/upload/v1751636337/greenroasteries/products/products/NT-CSH-CH-CR.webp,Green Roasteries,"Food, Beverages & Tobacco > Food Items > Snack Foods > Nuts & Seeds",NUTS & DRIED FRUITS,,,17aa5300-f29c-4a6b-9b01-057dbfc11a08,Brown,500g,Coffee,unisex,adult,en,Premium Origin,NUTS & DRIED FRUITS,Medium Roast,Arabica Beans
83dd36fe-edbf-4c5d-9236-fdde378f3aaa_en,Hot Chili Crunch Cashews - 1000g,"Crank up the spice meter with our Fiery Hot Chili Crunch Cashews! Each premium cashew is dry-roasted to golden perfection, then generously coated in an extra-fiery blend of chili powder, cayenne, smoked paprika, and a dash of Himalayan pink salt. The result? A seriously crunchy snack that delivers an intense, mouth-tingling heat from the first bite to the last. Perfect for heat-seekers—enjoy straight from the jar, sprinkle over popcorn for a spicy twist, or serve alongside cold beers to cool down the burn.",in stock,new,116.41 AED,https://thegreenroasteries.com/product/hot-chili-crunch-cashews,https://res.cloudinary.com/dgcexgq5g/image/upload/v1751636337/greenroasteries/products/products/NT-CSH-CH-CR.webp,Green Roasteries,"Food, Beverages & Tobacco > Food Items > Snack Foods > Nuts & Seeds",NUTS & DRIED FRUITS,,,17aa5300-f29c-4a6b-9b01-057dbfc11a08,Brown,1000g,Coffee,unisex,adult,en,Premium Origin,NUTS & DRIED FRUITS,Medium Roast,Arabica Beans
06fe466c-d06c-47d1-b8e3-ebc529bd15ae_en,Hot Chili Crunch Cashews - 250g,"Crank up the spice meter with our Fiery Hot Chili Crunch Cashews! Each premium cashew is dry-roasted to golden perfection, then generously coated in an extra-fiery blend of chili powder, cayenne, smoked paprika, and a dash of Himalayan pink salt. The result? A seriously crunchy snack that delivers an intense, mouth-tingling heat from the first bite to the last. Perfect for heat-seekers—enjoy straight from the jar, sprinkle over popcorn for a spicy twist, or serve alongside cold beers to cool down the burn.",in stock,new,49.95 AED,https://thegreenroasteries.com/product/hot-chili-crunch-cashews,https://res.cloudinary.com/dgcexgq5g/image/upload/v1751636337/greenroasteries/products/products/NT-CSH-CH-CR.webp,Green Roasteries,"Food, Beverages & Tobacco > Food Items > Snack Foods > Nuts & Seeds",NUTS & DRIED FRUITS,,,17aa5300-f29c-4a6b-9b01-057dbfc11a08,Brown,250g,Coffee,unisex,adult,en,Premium Origin,NUTS & DRIED FRUITS,Medium Roast,Arabica Beans
f80bb61c-04ed-477c-8ddf-6fa1c9e6b9b0_ar,كاجو مقرمش بالفلفل الحار الناري - 500g,ارفع مستوى الحراقة مع كاجو مقرمش بالفلفل الحار الناري! تُحمص حبات الكاجو الفاخرة جافاً حتى تصبح ذهبية ومقرمشة، ثم تُغلف بكرمٍ بخليط ناري إضافي من مسحوق الفلفل الحار والفلفل الحريف الأبيض (الكايين)، والبابريكا المدخنة، ورشة من ملح الهيمالايا الوردي. النتيجة وجبة خفيفة مقرمشة تمنحك حرارة قوية ودغدغة في الفم من أول قضمة حتى آخرها. مثالي لعشاق التحدي—تناولها مباشرة، أو أضفها فوق الفشار لمذاق حار مميز، أو قدمها مع مشروب بارد لتلطيف حرارة الفلفل.,in stock,new,67.95 AED,https://thegreenroasteries.com/product/hot-chili-crunch-cashews?lang=ar,https://res.cloudinary.com/dgcexgq5g/image/upload/v1751636337/greenroasteries/products/products/NT-CSH-CH-CR.webp,المحامص الخضراء,"Food, Beverages & Tobacco > Beverages > Coffee",مكسرات وفواكه مجففة,,,17aa5300-f29c-4a6b-9b01-057dbfc11a08,Brown,500g,قهوة,unisex,adult,ar,أصل مميز,مكسرات وفواكه مجففة,تحميص متوسط,حبوب عربية
83dd36fe-edbf-4c5d-9236-fdde378f3aaa_ar,كاجو مقرمش بالفلفل الحار الناري - 1000g,ارفع مستوى الحراقة مع كاجو مقرمش بالفلفل الحار الناري! تُحمص حبات الكاجو الفاخرة جافاً حتى تصبح ذهبية ومقرمشة، ثم تُغلف بكرمٍ بخليط ناري إضافي من مسحوق الفلفل الحار والفلفل الحريف الأبيض (الكايين)، والبابريكا المدخنة، ورشة من ملح الهيمالايا الوردي. النتيجة وجبة خفيفة مقرمشة تمنحك حرارة قوية ودغدغة في الفم من أول قضمة حتى آخرها. مثالي لعشاق التحدي—تناولها مباشرة، أو أضفها فوق الفشار لمذاق حار مميز، أو قدمها مع مشروب بارد لتلطيف حرارة الفلفل.,in stock,new,116.41 AED,https://thegreenroasteries.com/product/hot-chili-crunch-cashews?lang=ar,https://res.cloudinary.com/dgcexgq5g/image/upload/v1751636337/greenroasteries/products/products/NT-CSH-CH-CR.webp,المحامص الخضراء,"Food, Beverages & Tobacco > Beverages > Coffee",مكسرات وفواكه مجففة,,,17aa5300-f29c-4a6b-9b01-057dbfc11a08,Brown,1000g,قهوة,unisex,adult,ar,أصل مميز,مكسرات وفواكه مجففة,تحميص متوسط,حبوب عربية
06fe466c-d06c-47d1-b8e3-ebc529bd15ae_ar,كاجو مقرمش بالفلفل الحار الناري - 250g,ارفع مستوى الحراقة مع كاجو مقرمش بالفلفل الحار الناري! تُحمص حبات الكاجو الفاخرة جافاً حتى تصبح ذهبية ومقرمشة، ثم تُغلف بكرمٍ بخليط ناري إضافي من مسحوق الفلفل الحار والفلفل الحريف الأبيض (الكايين)، والبابريكا المدخنة، ورشة من ملح الهيمالايا الوردي. النتيجة وجبة خفيفة مقرمشة تمنحك حرارة قوية ودغدغة في الفم من أول قضمة حتى آخرها. مثالي لعشاق التحدي—تناولها مباشرة، أو أضفها فوق الفشار لمذاق حار مميز، أو قدمها مع مشروب بارد لتلطيف حرارة الفلفل.,in stock,new,49.95 AED,https://thegreenroasteries.com/product/hot-chili-crunch-cashews?lang=ar,https://res.cloudinary.com/dgcexgq5g/image/upload/v1751636337/greenroasteries/products/products/NT-CSH-CH-CR.webp,المحامص الخضراء,"Food, Beverages & Tobacco > Beverages > Coffee",مكسرات وفواكه مجففة,,,17aa5300-f29c-4a6b-9b01-057dbfc11a08,Brown,250g,قهوة,unisex,adult,ar,أصل مميز,مكسرات وفواكه مجففة,تحميص متوسط,حبوب عربية
d8e565e8-01fa-4e9c-aae2-065f87e37b14_en,House blend - 1000g whole beans,A distinctive crop of green roasters with rich and beautiful notes that suit lovers of classic filter drinks that are free of complexity. The sweetness of the crop is highlighted with milk drinks of all kinds. This crop is considered a special blend of our selection of the finest crops.,in stock,new,235.00 AED,https://thegreenroasteries.com/product/house-blend,https://res.cloudinary.com/dgcexgq5g/image/upload/v1751636538/greenroasteries/variations/variations/ESS-HSB_var_d8e565e8-01fa-4e9c-aae2-065f87e37b14.webp,Green Roasteries,"Food, Beverages & Tobacco > Beverages > Coffee",ESPRESSO ROAST,https://res.cloudinary.com/dgcexgq5g/image/upload/v1751636743/greenroasteries/gallery/gallery/ESS-HSB_img_b4c2793f-1ddb-4c1a-bdd5-8449b9bd3fc1.webp,,8ae01797-dc44-46a8-bad8-60d8e37425ec,Brown,1000g,Coffee,unisex,adult,en,Premium Origin,ESPRESSO ROAST,Medium Roast,whole beans
80b9914e-dd26-44ff-b5ae-24a8755ba131_en,House blend - 1000g Ground grains,A distinctive crop of green roasters with rich and beautiful notes that suit lovers of classic filter drinks that are free of complexity. The sweetness of the crop is highlighted with milk drinks of all kinds. This crop is considered a special blend of our selection of the finest crops.,in stock,new,235.00 AED,https://thegreenroasteries.com/product/house-blend,https://res.cloudinary.com/dgcexgq5g/image/upload/v1751636544/greenroasteries/variations/variations/ESS-HSB_var_80b9914e-dd26-44ff-b5ae-24a8755ba131.webp,Green Roasteries,"Food, Beverages & Tobacco > Beverages > Coffee",ESPRESSO ROAST,https://res.cloudinary.com/dgcexgq5g/image/upload/v1751636743/greenroasteries/gallery/gallery/ESS-HSB_img_b4c2793f-1ddb-4c1a-bdd5-8449b9bd3fc1.webp,,8ae01797-dc44-46a8-bad8-60d8e37425ec,Brown,1000g,Coffee,unisex,adult,en,Premium Origin,ESPRESSO ROAST,Medium Roast,Ground grains
6688c796-0647-4050-85cd-ff5d7f61583a_en,House blend - 250g Ground grains,A distinctive crop of green roasters with rich and beautiful notes that suit lovers of classic filter drinks that are free of complexity. The sweetness of the crop is highlighted with milk drinks of all kinds. This crop is considered a special blend of our selection of the finest crops.,in stock,new,69.95 AED,https://thegreenroasteries.com/product/house-blend,https://res.cloudinary.com/dgcexgq5g/image/upload/v1751636610/greenroasteries/variations/variations/ESS-HSB_var_6688c796-0647-4050-85cd-ff5d7f61583a.webp,Green Roasteries,"Food, Beverages & Tobacco > Beverages > Coffee",ESPRESSO ROAST,https://res.cloudinary.com/dgcexgq5g/image/upload/v1751636743/greenroasteries/gallery/gallery/ESS-HSB_img_b4c2793f-1ddb-4c1a-bdd5-8449b9bd3fc1.webp,,8ae01797-dc44-46a8-bad8-60d8e37425ec,Brown,250g,Coffee,unisex,adult,en,Premium Origin,ESPRESSO ROAST,Medium Roast,Ground grains
76a9bb37-b9a6-4a48-9319-23e4bc60cabd_en,House blend - 500g Ground grains,A distinctive crop of green roasters with rich and beautiful notes that suit lovers of classic filter drinks that are free of complexity. The sweetness of the crop is highlighted with milk drinks of all kinds. This crop is considered a special blend of our selection of the finest crops.,in stock,new,125.00 AED,https://thegreenroasteries.com/product/house-blend,https://res.cloudinary.com/dgcexgq5g/image/upload/v1751636612/greenroasteries/variations/variations/ESS-HSB_var_76a9bb37-b9a6-4a48-9319-23e4bc60cabd.webp,Green Roasteries,"Food, Beverages & Tobacco > Beverages > Coffee",ESPRESSO ROAST,https://res.cloudinary.com/dgcexgq5g/image/upload/v1751636743/greenroasteries/gallery/gallery/ESS-HSB_img_b4c2793f-1ddb-4c1a-bdd5-8449b9bd3fc1.webp,,8ae01797-dc44-46a8-bad8-60d8e37425ec,Brown,500g,Coffee,unisex,adult,en,Premium Origin,ESPRESSO ROAST,Medium Roast,Ground grains
389ccba2-2bb5-4744-9293-ca932d4320f9_en,House blend - 500g whole beans,A distinctive crop of green roasters with rich and beautiful notes that suit lovers of classic filter drinks that are free of complexity. The sweetness of the crop is highlighted with milk drinks of all kinds. This crop is considered a special blend of our selection of the finest crops.,in stock,new,125.00 AED,https://thegreenroasteries.com/product/house-blend,https://res.cloudinary.com/dgcexgq5g/image/upload/v1751636636/greenroasteries/variations/variations/ESS-HSB_var_389ccba2-2bb5-4744-9293-ca932d4320f9.webp,Green Roasteries,"Food, Beverages & Tobacco > Beverages > Coffee",ESPRESSO ROAST,https://res.cloudinary.com/dgcexgq5g/image/upload/v1751636743/greenroasteries/gallery/gallery/ESS-HSB_img_b4c2793f-1ddb-4c1a-bdd5-8449b9bd3fc1.webp,,8ae01797-dc44-46a8-bad8-60d8e37425ec,Brown,500g,Coffee,unisex,adult,en,Premium Origin,ESPRESSO ROAST,Medium Roast,whole beans
723e3458-43ca-4a06-a162-1f2f296550ff_en,House blend - 250g whole beans,A distinctive crop of green roasters with rich and beautiful notes that suit lovers of classic filter drinks that are free of complexity. The sweetness of the crop is highlighted with milk drinks of all kinds. This crop is considered a special blend of our selection of the finest crops.,in stock,new,69.95 AED,https://thegreenroasteries.com/product/house-blend,https://res.cloudinary.com/dgcexgq5g/image/upload/v1751636661/greenroasteries/variations/variations/ESS-HSB_var_723e3458-43ca-4a06-a162-1f2f296550ff.webp,Green Roasteries,"Food, Beverages & Tobacco > Beverages > Coffee",ESPRESSO ROAST,https://res.cloudinary.com/dgcexgq5g/image/upload/v1751636743/greenroasteries/gallery/gallery/ESS-HSB_img_b4c2793f-1ddb-4c1a-bdd5-8449b9bd3fc1.webp,,8ae01797-dc44-46a8-bad8-60d8e37425ec,Brown,250g,Coffee,unisex,adult,en,Premium Origin,ESPRESSO ROAST,Medium Roast,whole beans
d8e565e8-01fa-4e9c-aae2-065f87e37b14_ar,هـــاوس بلينـــد - 1000g حبوب كاملة,محصول مميز من المحامص الخضراء يتمتع المحصول بنوتات غنية وجميلة تتناسب مع محبي مشروبات الفلتر الكالسيكي الخالي من التعقيد وتبرز حالوة المحصول مع مشروبات الحليب بكل أنواعه ويعتبر هذا المحصول مزيج خاص من اختيارنا الجود المحاصيل.,in stock,new,235.00 AED,https://thegreenroasteries.com/product/house-blend?lang=ar,https://res.cloudinary.com/dgcexgq5g/image/upload/v1751636538/greenroasteries/variations/variations/ESS-HSB_var_d8e565e8-01fa-4e9c-aae2-065f87e37b14.webp,المحامص الخضراء,"Food, Beverages & Tobacco > Beverages > Coffee",تحميص الإسبريسو,https://res.cloudinary.com/dgcexgq5g/image/upload/v1751636743/greenroasteries/gallery/gallery/ESS-HSB_img_b4c2793f-1ddb-4c1a-bdd5-8449b9bd3fc1.webp,,8ae01797-dc44-46a8-bad8-60d8e37425ec,Brown,1000g,قهوة,unisex,adult,ar,أصل مميز,تحميص الإسبريسو,تحميص متوسط,حبوب كاملة
80b9914e-dd26-44ff-b5ae-24a8755ba131_ar,هـــاوس بلينـــد - 1000g حبوب مطحونة,محصول مميز من المحامص الخضراء يتمتع المحصول بنوتات غنية وجميلة تتناسب مع محبي مشروبات الفلتر الكالسيكي الخالي من التعقيد وتبرز حالوة المحصول مع مشروبات الحليب بكل أنواعه ويعتبر هذا المحصول مزيج خاص من اختيارنا الجود المحاصيل.,in stock,new,235.00 AED,https://thegreenroasteries.com/product/house-blend?lang=ar,https://res.cloudinary.com/dgcexgq5g/image/upload/v1751636544/greenroasteries/variations/variations/ESS-HSB_var_80b9914e-dd26-44ff-b5ae-24a8755ba131.webp,المحامص الخضراء,"Food, Beverages & Tobacco > Beverages > Coffee",تحميص الإسبريسو,https://res.cloudinary.com/dgcexgq5g/image/upload/v1751636743/greenroasteries/gallery/gallery/ESS-HSB_img_b4c2793f-1ddb-4c1a-bdd5-8449b9bd3fc1.webp,,8ae01797-dc44-46a8-bad8-60d8e37425ec,Brown,1000g,قهوة,unisex,adult,ar,أصل مميز,تحميص الإسبريسو,تحميص متوسط,حبوب مطحونة
6688c796-0647-4050-85cd-ff5d7f61583a_ar,هـــاوس بلينـــد - 250g حبوب مطحونة,محصول مميز من المحامص الخضراء يتمتع المحصول بنوتات غنية وجميلة تتناسب مع محبي مشروبات الفلتر الكالسيكي الخالي من التعقيد وتبرز حالوة المحصول مع مشروبات الحليب بكل أنواعه ويعتبر هذا المحصول مزيج خاص من اختيارنا الجود المحاصيل.,in stock,new,69.95 AED,https://thegreenroasteries.com/product/house-blend?lang=ar,https://res.cloudinary.com/dgcexgq5g/image/upload/v1751636610/greenroasteries/variations/variations/ESS-HSB_var_6688c796-0647-4050-85cd-ff5d7f61583a.webp,المحامص الخضراء,"Food, Beverages & Tobacco > Beverages > Coffee",تحميص الإسبريسو,https://res.cloudinary.com/dgcexgq5g/image/upload/v1751636743/greenroasteries/gallery/gallery/ESS-HSB_img_b4c2793f-1ddb-4c1a-bdd5-8449b9bd3fc1.webp,,8ae01797-dc44-46a8-bad8-60d8e37425ec,Brown,250g,قهوة,unisex,adult,ar,أصل مميز,تحميص الإسبريسو,تحميص متوسط,حبوب مطحونة
76a9bb37-b9a6-4a48-9319-23e4bc60cabd_ar,هـــاوس بلينـــد - 500g حبوب مطحونة,محصول مميز من المحامص الخضراء يتمتع المحصول بنوتات غنية وجميلة تتناسب مع محبي مشروبات الفلتر الكالسيكي الخالي من التعقيد وتبرز حالوة المحصول مع مشروبات الحليب بكل أنواعه ويعتبر هذا المحصول مزيج خاص من اختيارنا الجود المحاصيل.,in stock,new,125.00 AED,https://thegreenroasteries.com/product/house-blend?lang=ar,https://res.cloudinary.com/dgcexgq5g/image/upload/v1751636612/greenroasteries/variations/variations/ESS-HSB_var_76a9bb37-b9a6-4a48-9319-23e4bc60cabd.webp,المحامص الخضراء,"Food, Beverages & Tobacco > Beverages > Coffee",تحميص الإسبريسو,https://res.cloudinary.com/dgcexgq5g/image/upload/v1751636743/greenroasteries/gallery/gallery/ESS-HSB_img_b4c2793f-1ddb-4c1a-bdd5-8449b9bd3fc1.webp,,8ae01797-dc44-46a8-bad8-60d8e37425ec,Brown,500g,قهوة,unisex,adult,ar,أصل مميز,تحميص الإسبريسو,تحميص متوسط,حبوب مطحونة
389ccba2-2bb5-4744-9293-ca932d4320f9_ar,هـــاوس بلينـــد - 500g حبوب كاملة,محصول مميز من المحامص الخضراء يتمتع المحصول بنوتات غنية وجميلة تتناسب مع محبي مشروبات الفلتر الكالسيكي الخالي من التعقيد وتبرز حالوة المحصول مع مشروبات الحليب بكل أنواعه ويعتبر هذا المحصول مزيج خاص من اختيارنا الجود المحاصيل.,in stock,new,125.00 AED,https://thegreenroasteries.com/product/house-blend?lang=ar,https://res.cloudinary.com/dgcexgq5g/image/upload/v1751636636/greenroasteries/variations/variations/ESS-HSB_var_389ccba2-2bb5-4744-9293-ca932d4320f9.webp,المحامص الخضراء,"Food, Beverages & Tobacco > Beverages > Coffee",تحميص الإسبريسو,https://res.cloudinary.com/dgcexgq5g/image/upload/v1751636743/greenroasteries/gallery/gallery/ESS-HSB_img_b4c2793f-1ddb-4c1a-bdd5-8449b9bd3fc1.webp,,8ae01797-dc44-46a8-bad8-60d8e37425ec,Brown,500g,قهوة,unisex,adult,ar,أصل مميز,تحميص الإسبريسو,تحميص متوسط,حبوب كاملة
723e3458-43ca-4a06-a162-1f2f296550ff_ar,هـــاوس بلينـــد - 250g حبوب كاملة,محصول مميز من المحامص الخضراء يتمتع المحصول بنوتات غنية وجميلة تتناسب مع محبي مشروبات الفلتر الكالسيكي الخالي من التعقيد وتبرز حالوة المحصول مع مشروبات الحليب بكل أنواعه ويعتبر هذا المحصول مزيج خاص من اختيارنا الجود المحاصيل.,in stock,new,69.95 AED,https://thegreenroasteries.com/product/house-blend?lang=ar,https://res.cloudinary.com/dgcexgq5g/image/upload/v1751636661/greenroasteries/variations/variations/ESS-HSB_var_723e3458-43ca-4a06-a162-1f2f296550ff.webp,المحامص الخضراء,"Food, Beverages & Tobacco > Beverages > Coffee",تحميص الإسبريسو,https://res.cloudinary.com/dgcexgq5g/image/upload/v1751636743/greenroasteries/gallery/gallery/ESS-HSB_img_b4c2793f-1ddb-4c1a-bdd5-8449b9bd3fc1.webp,,8ae01797-dc44-46a8-bad8-60d8e37425ec,Brown,250g,قهوة,unisex,adult,ar,أصل مميز,تحميص الإسبريسو,تحميص متوسط,حبوب كاملة
e9317e62-985f-4d6c-9d87-1da6f5704486_en,In-Shell Macadamia Nuts - 250g,"Experience the ultimate snack indulgence with our In-Shell Macadamia Nuts. Each premium-grade nut is encased in its natural, hard shell, scored for effortless cracking and freshly roasted to bring out the rich, buttery flavor unique to macadamias. Perfect for savoring one by one, sharing at gatherings, or adding a fun, hands-on element to your charcuterie board. Naturally high in monounsaturated fats, fiber, and essential minerals like magnesium and manganese, these macadamias support heart health and provide lasting energy.",in stock,new,39.95 AED,https://thegreenroasteries.com/product/in-shell-macadamia-nuts,https://res.cloudinary.com/dgcexgq5g/image/upload/v1751636305/greenroasteries/products/products/NT-MCD.webp,Green Roasteries,"Food, Beverages & Tobacco > Food Items > Snack Foods > Nuts & Seeds",NUTS & DRIED FRUITS,,,7ebc4b7d-cc2b-4f35-a393-cb650863146f,Brown,250g,Coffee,unisex,adult,en,Premium Origin,NUTS & DRIED FRUITS,Medium Roast,Arabica Beans
477e7e80-19f0-4587-8b4e-e818326c0657_en,In-Shell Macadamia Nuts - 500g,"Experience the ultimate snack indulgence with our In-Shell Macadamia Nuts. Each premium-grade nut is encased in its natural, hard shell, scored for effortless cracking and freshly roasted to bring out the rich, buttery flavor unique to macadamias. Perfect for savoring one by one, sharing at gatherings, or adding a fun, hands-on element to your charcuterie board. Naturally high in monounsaturated fats, fiber, and essential minerals like magnesium and manganese, these macadamias support heart health and provide lasting energy.",in stock,new,64.95 AED,https://thegreenroasteries.com/product/in-shell-macadamia-nuts,https://res.cloudinary.com/dgcexgq5g/image/upload/v1751636305/greenroasteries/products/products/NT-MCD.webp,Green Roasteries,"Food, Beverages & Tobacco > Food Items > Snack Foods > Nuts & Seeds",NUTS & DRIED FRUITS,,,7ebc4b7d-cc2b-4f35-a393-cb650863146f,Brown,500g,Coffee,unisex,adult,en,Premium Origin,NUTS & DRIED FRUITS,Medium Roast,Arabica Beans
3dfa508d-b847-41d5-97ba-1cc7d95b0c8a_en,In-Shell Macadamia Nuts - 1000g,"Experience the ultimate snack indulgence with our In-Shell Macadamia Nuts. Each premium-grade nut is encased in its natural, hard shell, scored for effortless cracking and freshly roasted to bring out the rich, buttery flavor unique to macadamias. Perfect for savoring one by one, sharing at gatherings, or adding a fun, hands-on element to your charcuterie board. Naturally high in monounsaturated fats, fiber, and essential minerals like magnesium and manganese, these macadamias support heart health and provide lasting energy.",in stock,new,119.95 AED,https://thegreenroasteries.com/product/in-shell-macadamia-nuts,https://res.cloudinary.com/dgcexgq5g/image/upload/v1751636305/greenroasteries/products/products/NT-MCD.webp,Green Roasteries,"Food, Beverages & Tobacco > Food Items > Snack Foods > Nuts & Seeds",NUTS & DRIED FRUITS,,,7ebc4b7d-cc2b-4f35-a393-cb650863146f,Brown,1000g,Coffee,unisex,adult,en,Premium Origin,NUTS & DRIED FRUITS,Medium Roast,Arabica Beans
e9317e62-985f-4d6c-9d87-1da6f5704486_ar,جوز مكاداميا بالقشر - 250g,استمتع بتجربة تناول جوز المكاداميا بالقشر الفاخرة. كل حبة مختارة بعناية تأتي في قشرتها الصلبة الطبيعية، محفورة بفتحة لتسهيل الكسر، ومحروشة بخفّة لإبراز نكهتها الكريمية الغنية والمميزة. مثالية للاستمتاع بها حبة حبة، أو للمشاركة مع الضيوف، أو لإضفاء لمسة تفاعلية على لوحات الجبن والمقبلات. غنية بالدهون الأحادية غير المشبعة، والألياف، والمعادن الأساسية مثل المغنيسيوم والمنغنيز، مما يعزز صحة القلب ويمنح طاقة دائمة.,in stock,new,39.95 AED,https://thegreenroasteries.com/product/in-shell-macadamia-nuts?lang=ar,https://res.cloudinary.com/dgcexgq5g/image/upload/v1751636305/greenroasteries/products/products/NT-MCD.webp,المحامص الخضراء,"Food, Beverages & Tobacco > Beverages > Coffee",مكسرات وفواكه مجففة,,,7ebc4b7d-cc2b-4f35-a393-cb650863146f,Brown,250g,قهوة,unisex,adult,ar,أصل مميز,مكسرات وفواكه مجففة,تحميص متوسط,حبوب عربية
477e7e80-19f0-4587-8b4e-e818326c0657_ar,جوز مكاداميا بالقشر - 500g,استمتع بتجربة تناول جوز المكاداميا بالقشر الفاخرة. كل حبة مختارة بعناية تأتي في قشرتها الصلبة الطبيعية، محفورة بفتحة لتسهيل الكسر، ومحروشة بخفّة لإبراز نكهتها الكريمية الغنية والمميزة. مثالية للاستمتاع بها حبة حبة، أو للمشاركة مع الضيوف، أو لإضفاء لمسة تفاعلية على لوحات الجبن والمقبلات. غنية بالدهون الأحادية غير المشبعة، والألياف، والمعادن الأساسية مثل المغنيسيوم والمنغنيز، مما يعزز صحة القلب ويمنح طاقة دائمة.,in stock,new,64.95 AED,https://thegreenroasteries.com/product/in-shell-macadamia-nuts?lang=ar,https://res.cloudinary.com/dgcexgq5g/image/upload/v1751636305/greenroasteries/products/products/NT-MCD.webp,المحامص الخضراء,"Food, Beverages & Tobacco > Beverages > Coffee",مكسرات وفواكه مجففة,,,7ebc4b7d-cc2b-4f35-a393-cb650863146f,Brown,500g,قهوة,unisex,adult,ar,أصل مميز,مكسرات وفواكه مجففة,تحميص متوسط,حبوب عربية
3dfa508d-b847-41d5-97ba-1cc7d95b0c8a_ar,جوز مكاداميا بالقشر - 1000g,استمتع بتجربة تناول جوز المكاداميا بالقشر الفاخرة. كل حبة مختارة بعناية تأتي في قشرتها الصلبة الطبيعية، محفورة بفتحة لتسهيل الكسر، ومحروشة بخفّة لإبراز نكهتها الكريمية الغنية والمميزة. مثالية للاستمتاع بها حبة حبة، أو للمشاركة مع الضيوف، أو لإضفاء لمسة تفاعلية على لوحات الجبن والمقبلات. غنية بالدهون الأحادية غير المشبعة، والألياف، والمعادن الأساسية مثل المغنيسيوم والمنغنيز، مما يعزز صحة القلب ويمنح طاقة دائمة.,in stock,new,119.95 AED,https://thegreenroasteries.com/product/in-shell-macadamia-nuts?lang=ar,https://res.cloudinary.com/dgcexgq5g/image/upload/v1751636305/greenroasteries/products/products/NT-MCD.webp,المحامص الخضراء,"Food, Beverages & Tobacco > Beverages > Coffee",مكسرات وفواكه مجففة,,,7ebc4b7d-cc2b-4f35-a393-cb650863146f,Brown,1000g,قهوة,unisex,adult,ar,أصل مميز,مكسرات وفواكه مجففة,تحميص متوسط,حبوب عربية
9e333f35-8d90-4bd4-8c1d-06378a93e368_en,Kenya - 500g whole beans,"This distinctive crop comes to you from the finest types of luxury crops in the world, as it is characterized by a plump texture and pleasant acidity, with balanced and clear flavors such as black currant, sweet caramel and bergamot.",in stock,new,105.00 AED,https://thegreenroasteries.com/product/kenya,https://res.cloudinary.com/dgcexgq5g/image/upload/v1751636397/greenroasteries/variations/variations/KEN-MED-ROAS_var_9e333f35-8d90-4bd4-8c1d-06378a93e368.webp,Green Roasteries,"Food, Beverages & Tobacco > Beverages > Coffee",FILTER COFFEE,https://res.cloudinary.com/dgcexgq5g/image/upload/v1751636766/greenroasteries/gallery/gallery/KEN-MED-ROAS_img_942ebca0-66a6-4816-a2d8-b80fd748dd2c.webp,,de7daafc-51b2-46da-8287-9e387c9b1dea,Brown,500g,Coffee,unisex,adult,en,Kenya,FILTER COFFEE,Medium Roast,whole beans
3c1516b8-1ee4-4314-9338-b0d3245487e4_en,Kenya - 1000g Ground grains,"This distinctive crop comes to you from the finest types of luxury crops in the world, as it is characterized by a plump texture and pleasant acidity, with balanced and clear flavors such as black currant, sweet caramel and bergamot.",in stock,new,195.00 AED,https://thegreenroasteries.com/product/kenya,https://res.cloudinary.com/dgcexgq5g/image/upload/v1751636399/greenroasteries/variations/variations/KEN-MED-ROAS_var_3c1516b8-1ee4-4314-9338-b0d3245487e4.webp,Green Roasteries,"Food, Beverages & Tobacco > Beverages > Coffee",FILTER COFFEE,https://res.cloudinary.com/dgcexgq5g/image/upload/v1751636766/greenroasteries/gallery/gallery/KEN-MED-ROAS_img_942ebca0-66a6-4816-a2d8-b80fd748dd2c.webp,,de7daafc-51b2-46da-8287-9e387c9b1dea,Brown,1000g,Coffee,unisex,adult,en,Kenya,FILTER COFFEE,Medium Roast,Ground grains
8ff60635-5c8f-4010-8cb9-58050db41d17_en,Kenya - 1000g whole beans,"This distinctive crop comes to you from the finest types of luxury crops in the world, as it is characterized by a plump texture and pleasant acidity, with balanced and clear flavors such as black currant, sweet caramel and bergamot.",in stock,new,195.00 AED,https://thegreenroasteries.com/product/kenya,https://res.cloudinary.com/dgcexgq5g/image/upload/v1751636400/greenroasteries/variations/variations/KEN-MED-ROAS_var_8ff60635-5c8f-4010-8cb9-58050db41d17.webp,Green Roasteries,"Food, Beverages & Tobacco > Beverages > Coffee",FILTER COFFEE,https://res.cloudinary.com/dgcexgq5g/image/upload/v1751636766/greenroasteries/gallery/gallery/KEN-MED-ROAS_img_942ebca0-66a6-4816-a2d8-b80fd748dd2c.webp,,de7daafc-51b2-46da-8287-9e387c9b1dea,Brown,1000g,Coffee,unisex,adult,en,Kenya,FILTER COFFEE,Medium Roast,whole beans
92cc0d07-bffd-4dfb-86ff-5359efc8935a_en,Kenya - 500g Ground grains,"This distinctive crop comes to you from the finest types of luxury crops in the world, as it is characterized by a plump texture and pleasant acidity, with balanced and clear flavors such as black currant, sweet caramel and bergamot.",in stock,new,105.00 AED,https://thegreenroasteries.com/product/kenya,https://res.cloudinary.com/dgcexgq5g/image/upload/v1751636620/greenroasteries/variations/variations/KEN-MED-ROAS_var_92cc0d07-bffd-4dfb-86ff-5359efc8935a.webp,Green Roasteries,"Food, Beverages & Tobacco > Beverages > Coffee",FILTER COFFEE,https://res.cloudinary.com/dgcexgq5g/image/upload/v1751636766/greenroasteries/gallery/gallery/KEN-MED-ROAS_img_942ebca0-66a6-4816-a2d8-b80fd748dd2c.webp,,de7daafc-51b2-46da-8287-9e387c9b1dea,Brown,500g,Coffee,unisex,adult,en,Kenya,FILTER COFFEE,Medium Roast,Ground grains
bfcb1def-5d71-425e-91aa-a10b3d432e4b_en,Kenya - 250g Ground grains,"This distinctive crop comes to you from the finest types of luxury crops in the world, as it is characterized by a plump texture and pleasant acidity, with balanced and clear flavors such as black currant, sweet caramel and bergamot.",in stock,new,59.95 AED,https://thegreenroasteries.com/product/kenya,https://res.cloudinary.com/dgcexgq5g/image/upload/v1751636659/greenroasteries/variations/variations/KEN-MED-ROAS_var_bfcb1def-5d71-425e-91aa-a10b3d432e4b.webp,Green Roasteries,"Food, Beverages & Tobacco > Beverages > Coffee",FILTER COFFEE,https://res.cloudinary.com/dgcexgq5g/image/upload/v1751636766/greenroasteries/gallery/gallery/KEN-MED-ROAS_img_942ebca0-66a6-4816-a2d8-b80fd748dd2c.webp,,de7daafc-51b2-46da-8287-9e387c9b1dea,Brown,250g,Coffee,unisex,adult,en,Kenya,FILTER COFFEE,Medium Roast,Ground grains
e7fbe728-9152-4746-ae3b-75762086a44f_en,Kenya - 250g whole beans,"This distinctive crop comes to you from the finest types of luxury crops in the world, as it is characterized by a plump texture and pleasant acidity, with balanced and clear flavors such as black currant, sweet caramel and bergamot.",in stock,new,59.95 AED,https://thegreenroasteries.com/product/kenya,https://res.cloudinary.com/dgcexgq5g/image/upload/v1751636367/greenroasteries/variations/variations/KEN-MED-ROAS_var_e7fbe728-9152-4746-ae3b-75762086a44f.webp,Green Roasteries,"Food, Beverages & Tobacco > Beverages > Coffee",FILTER COFFEE,https://res.cloudinary.com/dgcexgq5g/image/upload/v1751636766/greenroasteries/gallery/gallery/KEN-MED-ROAS_img_942ebca0-66a6-4816-a2d8-b80fd748dd2c.webp,,de7daafc-51b2-46da-8287-9e387c9b1dea,Brown,250g,Coffee,unisex,adult,en,Kenya,FILTER COFFEE,Medium Roast,whole beans
9e333f35-8d90-4bd4-8c1d-06378a93e368_ar,كينيـــا - 500g حبوب كاملة,محصول مميز من المحامص الخضراء يتمتع المحصول بنوتات غنية وجميلة تتناسب مع محبي مشروبات الفلتر الكالسيكي الخالي من التعقيد وتبرز حالوة المحصول مع مشروبات الحليب بكل أنواعه ويعتبر هذا المحصول مزيج خاص من اختيارنا الجود المحاصيل.,in stock,new,105.00 AED,https://thegreenroasteries.com/product/kenya?lang=ar,https://res.cloudinary.com/dgcexgq5g/image/upload/v1751636397/greenroasteries/variations/variations/KEN-MED-ROAS_var_9e333f35-8d90-4bd4-8c1d-06378a93e368.webp,المحامص الخضراء,"Food, Beverages & Tobacco > Beverages > Coffee",قهوة مقطرة,https://res.cloudinary.com/dgcexgq5g/image/upload/v1751636766/greenroasteries/gallery/gallery/KEN-MED-ROAS_img_942ebca0-66a6-4816-a2d8-b80fd748dd2c.webp,,de7daafc-51b2-46da-8287-9e387c9b1dea,Brown,500g,قهوة,unisex,adult,ar,Kenya,قهوة مقطرة,تحميص متوسط,حبوب كاملة
3c1516b8-1ee4-4314-9338-b0d3245487e4_ar,كينيـــا - 1000g حبوب مطحونة,محصول مميز من المحامص الخضراء يتمتع المحصول بنوتات غنية وجميلة تتناسب مع محبي مشروبات الفلتر الكالسيكي الخالي من التعقيد وتبرز حالوة المحصول مع مشروبات الحليب بكل أنواعه ويعتبر هذا المحصول مزيج خاص من اختيارنا الجود المحاصيل.,in stock,new,195.00 AED,https://thegreenroasteries.com/product/kenya?lang=ar,https://res.cloudinary.com/dgcexgq5g/image/upload/v1751636399/greenroasteries/variations/variations/KEN-MED-ROAS_var_3c1516b8-1ee4-4314-9338-b0d3245487e4.webp,المحامص الخضراء,"Food, Beverages & Tobacco > Beverages > Coffee",قهوة مقطرة,https://res.cloudinary.com/dgcexgq5g/image/upload/v1751636766/greenroasteries/gallery/gallery/KEN-MED-ROAS_img_942ebca0-66a6-4816-a2d8-b80fd748dd2c.webp,,de7daafc-51b2-46da-8287-9e387c9b1dea,Brown,1000g,قهوة,unisex,adult,ar,Kenya,قهوة مقطرة,تحميص متوسط,حبوب مطحونة
8ff60635-5c8f-4010-8cb9-58050db41d17_ar,كينيـــا - 1000g حبوب كاملة,محصول مميز من المحامص الخضراء يتمتع المحصول بنوتات غنية وجميلة تتناسب مع محبي مشروبات الفلتر الكالسيكي الخالي من التعقيد وتبرز حالوة المحصول مع مشروبات الحليب بكل أنواعه ويعتبر هذا المحصول مزيج خاص من اختيارنا الجود المحاصيل.,in stock,new,195.00 AED,https://thegreenroasteries.com/product/kenya?lang=ar,https://res.cloudinary.com/dgcexgq5g/image/upload/v1751636400/greenroasteries/variations/variations/KEN-MED-ROAS_var_8ff60635-5c8f-4010-8cb9-58050db41d17.webp,المحامص الخضراء,"Food, Beverages & Tobacco > Beverages > Coffee",قهوة مقطرة,https://res.cloudinary.com/dgcexgq5g/image/upload/v1751636766/greenroasteries/gallery/gallery/KEN-MED-ROAS_img_942ebca0-66a6-4816-a2d8-b80fd748dd2c.webp,,de7daafc-51b2-46da-8287-9e387c9b1dea,Brown,1000g,قهوة,unisex,adult,ar,Kenya,قهوة مقطرة,تحميص متوسط,حبوب كاملة
92cc0d07-bffd-4dfb-86ff-5359efc8935a_ar,كينيـــا - 500g حبوب مطحونة,محصول مميز من المحامص الخضراء يتمتع المحصول بنوتات غنية وجميلة تتناسب مع محبي مشروبات الفلتر الكالسيكي الخالي من التعقيد وتبرز حالوة المحصول مع مشروبات الحليب بكل أنواعه ويعتبر هذا المحصول مزيج خاص من اختيارنا الجود المحاصيل.,in stock,new,105.00 AED,https://thegreenroasteries.com/product/kenya?lang=ar,https://res.cloudinary.com/dgcexgq5g/image/upload/v1751636620/greenroasteries/variations/variations/KEN-MED-ROAS_var_92cc0d07-bffd-4dfb-86ff-5359efc8935a.webp,المحامص الخضراء,"Food, Beverages & Tobacco > Beverages > Coffee",قهوة مقطرة,https://res.cloudinary.com/dgcexgq5g/image/upload/v1751636766/greenroasteries/gallery/gallery/KEN-MED-ROAS_img_942ebca0-66a6-4816-a2d8-b80fd748dd2c.webp,,de7daafc-51b2-46da-8287-9e387c9b1dea,Brown,500g,قهوة,unisex,adult,ar,Kenya,قهوة مقطرة,تحميص متوسط,حبوب مطحونة
bfcb1def-5d71-425e-91aa-a10b3d432e4b_ar,كينيـــا - 250g حبوب مطحونة,محصول مميز من المحامص الخضراء يتمتع المحصول بنوتات غنية وجميلة تتناسب مع محبي مشروبات الفلتر الكالسيكي الخالي من التعقيد وتبرز حالوة المحصول مع مشروبات الحليب بكل أنواعه ويعتبر هذا المحصول مزيج خاص من اختيارنا الجود المحاصيل.,in stock,new,59.95 AED,https://thegreenroasteries.com/product/kenya?lang=ar,https://res.cloudinary.com/dgcexgq5g/image/upload/v1751636659/greenroasteries/variations/variations/KEN-MED-ROAS_var_bfcb1def-5d71-425e-91aa-a10b3d432e4b.webp,المحامص الخضراء,"Food, Beverages & Tobacco > Beverages > Coffee",قهوة مقطرة,https://res.cloudinary.com/dgcexgq5g/image/upload/v1751636766/greenroasteries/gallery/gallery/KEN-MED-ROAS_img_942ebca0-66a6-4816-a2d8-b80fd748dd2c.webp,,de7daafc-51b2-46da-8287-9e387c9b1dea,Brown,250g,قهوة,unisex,adult,ar,Kenya,قهوة مقطرة,تحميص متوسط,حبوب مطحونة
e7fbe728-9152-4746-ae3b-75762086a44f_ar,كينيـــا - 250g حبوب كاملة,محصول مميز من المحامص الخضراء يتمتع المحصول بنوتات غنية وجميلة تتناسب مع محبي مشروبات الفلتر الكالسيكي الخالي من التعقيد وتبرز حالوة المحصول مع مشروبات الحليب بكل أنواعه ويعتبر هذا المحصول مزيج خاص من اختيارنا الجود المحاصيل.,in stock,new,59.95 AED,https://thegreenroasteries.com/product/kenya?lang=ar,https://res.cloudinary.com/dgcexgq5g/image/upload/v1751636367/greenroasteries/variations/variations/KEN-MED-ROAS_var_e7fbe728-9152-4746-ae3b-75762086a44f.webp,المحامص الخضراء,"Food, Beverages & Tobacco > Beverages > Coffee",قهوة مقطرة,https://res.cloudinary.com/dgcexgq5g/image/upload/v1751636766/greenroasteries/gallery/gallery/KEN-MED-ROAS_img_942ebca0-66a6-4816-a2d8-b80fd748dd2c.webp,,de7daafc-51b2-46da-8287-9e387c9b1dea,Brown,250g,قهوة,unisex,adult,ar,Kenya,قهوة مقطرة,تحميص متوسط,حبوب كاملة
221c77a3-6c3a-42db-a2de-5e1bacc1db65_en,Kenya - 500g cardamom Ground grains,"We are proud of the flavor of Emirati Arabic coffee, prepared according to its origins, from selecting green coffee beans and roasting them with love until adding cardamom and saffron. Enjoy a unique experience to learn about our traditions and culture.",in stock,new,89.00 AED,https://thegreenroasteries.com/product/kenya,https://res.cloudinary.com/dgcexgq5g/image/upload/v1751636398/greenroasteries/variations/variations/ARABICA-kenya_var_221c77a3-6c3a-42db-a2de-5e1bacc1db65.webp,Green Roasteries,"Food, Beverages & Tobacco > Beverages > Coffee",ARABIC COFFEE,"https://res.cloudinary.com/dgcexgq5g/image/upload/v1751636701/greenroasteries/gallery/gallery/ARABICA-kenya_img_4249df2b-47da-40c7-a19d-2ddfe19b0c95.webp,https://res.cloudinary.com/dgcexgq5g/image/upload/v1751636706/greenroasteries/gallery/gallery/ARABICA-kenya_img_d07d24e0-fbb6-429f-9450-de92d7091d15.webp,https://res.cloudinary.com/dgcexgq5g/image/upload/v1751636707/greenroasteries/gallery/gallery/ARABICA-kenya_img_511b56c1-4355-460e-91a3-c6c1b0787688.webp,https://res.cloudinary.com/dgcexgq5g/image/upload/v1751636702/greenroasteries/gallery/gallery/ARABICA-kenya_img_db8a16b4-c5c6-4f22-ab2c-96a407a1fc09.webp",,134b0489-1f4d-4ca6-b6d1-7a4e5ab9e365,Brown,500g,Coffee,unisex,adult,en,Kenya,ARABIC COFFEE,cardamom,Ground grains
de428955-d631-485f-8dc5-abcfa169a430_en,Kenya - 250g cardamom whole beans,"We are proud of the flavor of Emirati Arabic coffee, prepared according to its origins, from selecting green coffee beans and roasting them with love until adding cardamom and saffron. Enjoy a unique experience to learn about our traditions and culture.",in stock,new,49.95 AED,https://thegreenroasteries.com/product/kenya,https://res.cloudinary.com/dgcexgq5g/image/upload/v1751636422/greenroasteries/variations/variations/ARABICA-kenya_var_de428955-d631-485f-8dc5-abcfa169a430.webp,Green Roasteries,"Food, Beverages & Tobacco > Beverages > Coffee",ARABIC COFFEE,"https://res.cloudinary.com/dgcexgq5g/image/upload/v1751636701/greenroasteries/gallery/gallery/ARABICA-kenya_img_4249df2b-47da-40c7-a19d-2ddfe19b0c95.webp,https://res.cloudinary.com/dgcexgq5g/image/upload/v1751636706/greenroasteries/gallery/gallery/ARABICA-kenya_img_d07d24e0-fbb6-429f-9450-de92d7091d15.webp,https://res.cloudinary.com/dgcexgq5g/image/upload/v1751636707/greenroasteries/gallery/gallery/ARABICA-kenya_img_511b56c1-4355-460e-91a3-c6c1b0787688.webp,https://res.cloudinary.com/dgcexgq5g/image/upload/v1751636702/greenroasteries/gallery/gallery/ARABICA-kenya_img_db8a16b4-c5c6-4f22-ab2c-96a407a1fc09.webp",,134b0489-1f4d-4ca6-b6d1-7a4e5ab9e365,Brown,250g,Coffee,unisex,adult,en,Kenya,ARABIC COFFEE,cardamom,whole beans
b4ffebcb-58e1-48a6-8288-8a2f59acccfd_en,Kenya - 500g cardamom whole beans,"We are proud of the flavor of Emirati Arabic coffee, prepared according to its origins, from selecting green coffee beans and roasting them with love until adding cardamom and saffron. Enjoy a unique experience to learn about our traditions and culture.",in stock,new,89.00 AED,https://thegreenroasteries.com/product/kenya,https://res.cloudinary.com/dgcexgq5g/image/upload/v1751636425/greenroasteries/variations/variations/ARABICA-kenya_var_b4ffebcb-58e1-48a6-8288-8a2f59acccfd.webp,Green Roasteries,"Food, Beverages & Tobacco > Beverages > Coffee",ARABIC COFFEE,"https://res.cloudinary.com/dgcexgq5g/image/upload/v1751636701/greenroasteries/gallery/gallery/ARABICA-kenya_img_4249df2b-47da-40c7-a19d-2ddfe19b0c95.webp,https://res.cloudinary.com/dgcexgq5g/image/upload/v1751636706/greenroasteries/gallery/gallery/ARABICA-kenya_img_d07d24e0-fbb6-429f-9450-de92d7091d15.webp,https://res.cloudinary.com/dgcexgq5g/image/upload/v1751636707/greenroasteries/gallery/gallery/ARABICA-kenya_img_511b56c1-4355-460e-91a3-c6c1b0787688.webp,https://res.cloudinary.com/dgcexgq5g/image/upload/v1751636702/greenroasteries/gallery/gallery/ARABICA-kenya_img_db8a16b4-c5c6-4f22-ab2c-96a407a1fc09.webp",,134b0489-1f4d-4ca6-b6d1-7a4e5ab9e365,Brown,500g,Coffee,unisex,adult,en,Kenya,ARABIC COFFEE,cardamom,whole beans
c4d974dc-d159-4e21-b304-8cf88c5184c6_en,Kenya - 250g saffron whole beans,"We are proud of the flavor of Emirati Arabic coffee, prepared according to its origins, from selecting green coffee beans and roasting them with love until adding cardamom and saffron. Enjoy a unique experience to learn about our traditions and culture.",in stock,new,57.95 AED,https://thegreenroasteries.com/product/kenya,https://res.cloudinary.com/dgcexgq5g/image/upload/v1751636435/greenroasteries/variations/variations/ARABICA-kenya_var_c4d974dc-d159-4e21-b304-8cf88c5184c6.webp,Green Roasteries,"Food, Beverages & Tobacco > Beverages > Coffee",ARABIC COFFEE,"https://res.cloudinary.com/dgcexgq5g/image/upload/v1751636701/greenroasteries/gallery/gallery/ARABICA-kenya_img_4249df2b-47da-40c7-a19d-2ddfe19b0c95.webp,https://res.cloudinary.com/dgcexgq5g/image/upload/v1751636706/greenroasteries/gallery/gallery/ARABICA-kenya_img_d07d24e0-fbb6-429f-9450-de92d7091d15.webp,https://res.cloudinary.com/dgcexgq5g/image/upload/v1751636707/greenroasteries/gallery/gallery/ARABICA-kenya_img_511b56c1-4355-460e-91a3-c6c1b0787688.webp,https://res.cloudinary.com/dgcexgq5g/image/upload/v1751636702/greenroasteries/gallery/gallery/ARABICA-kenya_img_db8a16b4-c5c6-4f22-ab2c-96a407a1fc09.webp",,134b0489-1f4d-4ca6-b6d1-7a4e5ab9e365,Brown,250g,Coffee,unisex,adult,en,Kenya,ARABIC COFFEE,saffron,whole beans
bea5bcf4-1e27-4dbc-b3b4-a390454d5a23_en,Kenya - 250g cardamom Ground grains,"We are proud of the flavor of Emirati Arabic coffee, prepared according to its origins, from selecting green coffee beans and roasting them with love until adding cardamom and saffron. Enjoy a unique experience to learn about our traditions and culture.",in stock,new,49.95 AED,https://thegreenroasteries.com/product/kenya,https://res.cloudinary.com/dgcexgq5g/image/upload/v1751636438/greenroasteries/variations/variations/ARABICA-kenya_var_bea5bcf4-1e27-4dbc-b3b4-a390454d5a23.webp,Green Roasteries,"Food, Beverages & Tobacco > Beverages > Coffee",ARABIC COFFEE,"https://res.cloudinary.com/dgcexgq5g/image/upload/v1751636701/greenroasteries/gallery/gallery/ARABICA-kenya_img_4249df2b-47da-40c7-a19d-2ddfe19b0c95.webp,https://res.cloudinary.com/dgcexgq5g/image/upload/v1751636706/greenroasteries/gallery/gallery/ARABICA-kenya_img_d07d24e0-fbb6-429f-9450-de92d7091d15.webp,https://res.cloudinary.com/dgcexgq5g/image/upload/v1751636707/greenroasteries/gallery/gallery/ARABICA-kenya_img_511b56c1-4355-460e-91a3-c6c1b0787688.webp,https://res.cloudinary.com/dgcexgq5g/image/upload/v1751636702/greenroasteries/gallery/gallery/ARABICA-kenya_img_db8a16b4-c5c6-4f22-ab2c-96a407a1fc09.webp",,134b0489-1f4d-4ca6-b6d1-7a4e5ab9e365,Brown,250g,Coffee,unisex,adult,en,Kenya,ARABIC COFFEE,cardamom,Ground grains
972ad734-5b77-4f0d-acf5-e935e02d62c6_en,Kenya - 500g saffron whole beans,"We are proud of the flavor of Emirati Arabic coffee, prepared according to its origins, from selecting green coffee beans and roasting them with love until adding cardamom and saffron. Enjoy a unique experience to learn about our traditions and culture.",in stock,new,99.95 AED,https://thegreenroasteries.com/product/kenya,https://res.cloudinary.com/dgcexgq5g/image/upload/v1751636448/greenroasteries/variations/variations/ARABICA-kenya_var_972ad734-5b77-4f0d-acf5-e935e02d62c6.webp,Green Roasteries,"Food, Beverages & Tobacco > Beverages > Coffee",ARABIC COFFEE,"https://res.cloudinary.com/dgcexgq5g/image/upload/v1751636701/greenroasteries/gallery/gallery/ARABICA-kenya_img_4249df2b-47da-40c7-a19d-2ddfe19b0c95.webp,https://res.cloudinary.com/dgcexgq5g/image/upload/v1751636706/greenroasteries/gallery/gallery/ARABICA-kenya_img_d07d24e0-fbb6-429f-9450-de92d7091d15.webp,https://res.cloudinary.com/dgcexgq5g/image/upload/v1751636707/greenroasteries/gallery/gallery/ARABICA-kenya_img_511b56c1-4355-460e-91a3-c6c1b0787688.webp,https://res.cloudinary.com/dgcexgq5g/image/upload/v1751636702/greenroasteries/gallery/gallery/ARABICA-kenya_img_db8a16b4-c5c6-4f22-ab2c-96a407a1fc09.webp",,134b0489-1f4d-4ca6-b6d1-7a4e5ab9e365,Brown,500g,Coffee,unisex,adult,en,Kenya,ARABIC COFFEE,saffron,whole beans
9b546dc1-1207-4c62-baf3-0da65c931593_en,Kenya - 500g  cardamom & saffron Ground grains,"We are proud of the flavor of Emirati Arabic coffee, prepared according to its origins, from selecting green coffee beans and roasting them with love until adding cardamom and saffron. Enjoy a unique experience to learn about our traditions and culture.",in stock,new,106.00 AED,https://thegreenroasteries.com/product/kenya,https://res.cloudinary.com/dgcexgq5g/image/upload/v1751636452/greenroasteries/variations/variations/ARABICA-kenya_var_9b546dc1-1207-4c62-baf3-0da65c931593.webp,Green Roasteries,"Food, Beverages & Tobacco > Beverages > Coffee",ARABIC COFFEE,"https://res.cloudinary.com/dgcexgq5g/image/upload/v1751636701/greenroasteries/gallery/gallery/ARABICA-kenya_img_4249df2b-47da-40c7-a19d-2ddfe19b0c95.webp,https://res.cloudinary.com/dgcexgq5g/image/upload/v1751636706/greenroasteries/gallery/gallery/ARABICA-kenya_img_d07d24e0-fbb6-429f-9450-de92d7091d15.webp,https://res.cloudinary.com/dgcexgq5g/image/upload/v1751636707/greenroasteries/gallery/gallery/ARABICA-kenya_img_511b56c1-4355-460e-91a3-c6c1b0787688.webp,https://res.cloudinary.com/dgcexgq5g/image/upload/v1751636702/greenroasteries/gallery/gallery/ARABICA-kenya_img_db8a16b4-c5c6-4f22-ab2c-96a407a1fc09.webp",,134b0489-1f4d-4ca6-b6d1-7a4e5ab9e365,Brown,500g,Coffee,unisex,adult,en,Kenya,ARABIC COFFEE, cardamom & saffron,Ground grains
34b915cd-90fa-48ba-b808-bdda93afc1bc_en,Kenya - 250g saffron Ground grains,"We are proud of the flavor of Emirati Arabic coffee, prepared according to its origins, from selecting green coffee beans and roasting them with love until adding cardamom and saffron. Enjoy a unique experience to learn about our traditions and culture.",in stock,new,57.95 AED,https://thegreenroasteries.com/product/kenya,https://res.cloudinary.com/dgcexgq5g/image/upload/v1751636453/greenroasteries/variations/variations/ARABICA-kenya_var_34b915cd-90fa-48ba-b808-bdda93afc1bc.webp,Green Roasteries,"Food, Beverages & Tobacco > Beverages > Coffee",ARABIC COFFEE,"https://res.cloudinary.com/dgcexgq5g/image/upload/v1751636701/greenroasteries/gallery/gallery/ARABICA-kenya_img_4249df2b-47da-40c7-a19d-2ddfe19b0c95.webp,https://res.cloudinary.com/dgcexgq5g/image/upload/v1751636706/greenroasteries/gallery/gallery/ARABICA-kenya_img_d07d24e0-fbb6-429f-9450-de92d7091d15.webp,https://res.cloudinary.com/dgcexgq5g/image/upload/v1751636707/greenroasteries/gallery/gallery/ARABICA-kenya_img_511b56c1-4355-460e-91a3-c6c1b0787688.webp,https://res.cloudinary.com/dgcexgq5g/image/upload/v1751636702/greenroasteries/gallery/gallery/ARABICA-kenya_img_db8a16b4-c5c6-4f22-ab2c-96a407a1fc09.webp",,134b0489-1f4d-4ca6-b6d1-7a4e5ab9e365,Brown,250g,Coffee,unisex,adult,en,Kenya,ARABIC COFFEE,saffron,Ground grains
f9aa5dde-ff42-481c-bd97-cbf5c6e2869a_en,Kenya - 1000g  cardamom & saffron Ground grains,"We are proud of the flavor of Emirati Arabic coffee, prepared according to its origins, from selecting green coffee beans and roasting them with love until adding cardamom and saffron. Enjoy a unique experience to learn about our traditions and culture.",in stock,new,185.00 AED,https://thegreenroasteries.com/product/kenya,https://res.cloudinary.com/dgcexgq5g/image/upload/v1751636455/greenroasteries/variations/variations/ARABICA-kenya_var_f9aa5dde-ff42-481c-bd97-cbf5c6e2869a.webp,Green Roasteries,"Food, Beverages & Tobacco > Beverages > Coffee",ARABIC COFFEE,"https://res.cloudinary.com/dgcexgq5g/image/upload/v1751636701/greenroasteries/gallery/gallery/ARABICA-kenya_img_4249df2b-47da-40c7-a19d-2ddfe19b0c95.webp,https://res.cloudinary.com/dgcexgq5g/image/upload/v1751636706/greenroasteries/gallery/gallery/ARABICA-kenya_img_d07d24e0-fbb6-429f-9450-de92d7091d15.webp,https://res.cloudinary.com/dgcexgq5g/image/upload/v1751636707/greenroasteries/gallery/gallery/ARABICA-kenya_img_511b56c1-4355-460e-91a3-c6c1b0787688.webp,https://res.cloudinary.com/dgcexgq5g/image/upload/v1751636702/greenroasteries/gallery/gallery/ARABICA-kenya_img_db8a16b4-c5c6-4f22-ab2c-96a407a1fc09.webp",,134b0489-1f4d-4ca6-b6d1-7a4e5ab9e365,Brown,1000g,Coffee,unisex,adult,en,Kenya,ARABIC COFFEE, cardamom & saffron,Ground grains
caee7be6-5fd2-4054-8ebd-21481b52c30a_en,Kenya - 500g saffron Ground grains,"We are proud of the flavor of Emirati Arabic coffee, prepared according to its origins, from selecting green coffee beans and roasting them with love until adding cardamom and saffron. Enjoy a unique experience to learn about our traditions and culture.",in stock,new,99.95 AED,https://thegreenroasteries.com/product/kenya,https://res.cloudinary.com/dgcexgq5g/image/upload/v1751636475/greenroasteries/variations/variations/ARABICA-kenya_var_caee7be6-5fd2-4054-8ebd-21481b52c30a.webp,Green Roasteries,"Food, Beverages & Tobacco > Beverages > Coffee",ARABIC COFFEE,"https://res.cloudinary.com/dgcexgq5g/image/upload/v1751636701/greenroasteries/gallery/gallery/ARABICA-kenya_img_4249df2b-47da-40c7-a19d-2ddfe19b0c95.webp,https://res.cloudinary.com/dgcexgq5g/image/upload/v1751636706/greenroasteries/gallery/gallery/ARABICA-kenya_img_d07d24e0-fbb6-429f-9450-de92d7091d15.webp,https://res.cloudinary.com/dgcexgq5g/image/upload/v1751636707/greenroasteries/gallery/gallery/ARABICA-kenya_img_511b56c1-4355-460e-91a3-c6c1b0787688.webp,https://res.cloudinary.com/dgcexgq5g/image/upload/v1751636702/greenroasteries/gallery/gallery/ARABICA-kenya_img_db8a16b4-c5c6-4f22-ab2c-96a407a1fc09.webp",,134b0489-1f4d-4ca6-b6d1-7a4e5ab9e365,Brown,500g,Coffee,unisex,adult,en,Kenya,ARABIC COFFEE,saffron,Ground grains
a2837aa5-73e6-483b-b654-ac74ab579f52_en,Kenya - 250g  cardamom & saffron whole beans,"We are proud of the flavor of Emirati Arabic coffee, prepared according to its origins, from selecting green coffee beans and roasting them with love until adding cardamom and saffron. Enjoy a unique experience to learn about our traditions and culture.",in stock,new,59.95 AED,https://thegreenroasteries.com/product/kenya,https://res.cloudinary.com/dgcexgq5g/image/upload/v1751636479/greenroasteries/variations/variations/ARABICA-kenya_var_a2837aa5-73e6-483b-b654-ac74ab579f52.webp,Green Roasteries,"Food, Beverages & Tobacco > Beverages > Coffee",ARABIC COFFEE,"https://res.cloudinary.com/dgcexgq5g/image/upload/v1751636701/greenroasteries/gallery/gallery/ARABICA-kenya_img_4249df2b-47da-40c7-a19d-2ddfe19b0c95.webp,https://res.cloudinary.com/dgcexgq5g/image/upload/v1751636706/greenroasteries/gallery/gallery/ARABICA-kenya_img_d07d24e0-fbb6-429f-9450-de92d7091d15.webp,https://res.cloudinary.com/dgcexgq5g/image/upload/v1751636707/greenroasteries/gallery/gallery/ARABICA-kenya_img_511b56c1-4355-460e-91a3-c6c1b0787688.webp,https://res.cloudinary.com/dgcexgq5g/image/upload/v1751636702/greenroasteries/gallery/gallery/ARABICA-kenya_img_db8a16b4-c5c6-4f22-ab2c-96a407a1fc09.webp",,134b0489-1f4d-4ca6-b6d1-7a4e5ab9e365,Brown,250g,Coffee,unisex,adult,en,Kenya,ARABIC COFFEE, cardamom & saffron,whole beans
25ff6429-1ac6-406c-840d-af62d5a0478a_en,Kenya - 1000g saffron Ground grains,"We are proud of the flavor of Emirati Arabic coffee, prepared according to its origins, from selecting green coffee beans and roasting them with love until adding cardamom and saffron. Enjoy a unique experience to learn about our traditions and culture.",in stock,new,176.00 AED,https://thegreenroasteries.com/product/kenya,https://res.cloudinary.com/dgcexgq5g/image/upload/v1751636671/greenroasteries/variations/variations/ARABICA-kenya_var_25ff6429-1ac6-406c-840d-af62d5a0478a.webp,Green Roasteries,"Food, Beverages & Tobacco > Beverages > Coffee",ARABIC COFFEE,"https://res.cloudinary.com/dgcexgq5g/image/upload/v1751636701/greenroasteries/gallery/gallery/ARABICA-kenya_img_4249df2b-47da-40c7-a19d-2ddfe19b0c95.webp,https://res.cloudinary.com/dgcexgq5g/image/upload/v1751636706/greenroasteries/gallery/gallery/ARABICA-kenya_img_d07d24e0-fbb6-429f-9450-de92d7091d15.webp,https://res.cloudinary.com/dgcexgq5g/image/upload/v1751636707/greenroasteries/gallery/gallery/ARABICA-kenya_img_511b56c1-4355-460e-91a3-c6c1b0787688.webp,https://res.cloudinary.com/dgcexgq5g/image/upload/v1751636702/greenroasteries/gallery/gallery/ARABICA-kenya_img_db8a16b4-c5c6-4f22-ab2c-96a407a1fc09.webp",,134b0489-1f4d-4ca6-b6d1-7a4e5ab9e365,Brown,1000g,Coffee,unisex,adult,en,Kenya,ARABIC COFFEE,saffron,Ground grains
3cbd1184-3769-448e-ad83-2ef0e4780adb_en,Kenya - 1000g cardamom Ground grains,"We are proud of the flavor of Emirati Arabic coffee, prepared according to its origins, from selecting green coffee beans and roasting them with love until adding cardamom and saffron. Enjoy a unique experience to learn about our traditions and culture.",in stock,new,164.00 AED,https://thegreenroasteries.com/product/kenya,https://res.cloudinary.com/dgcexgq5g/image/upload/v1751636408/greenroasteries/variations/variations/ARABICA-kenya_var_3cbd1184-3769-448e-ad83-2ef0e4780adb.webp,Green Roasteries,"Food, Beverages & Tobacco > Beverages > Coffee",ARABIC COFFEE,"https://res.cloudinary.com/dgcexgq5g/image/upload/v1751636701/greenroasteries/gallery/gallery/ARABICA-kenya_img_4249df2b-47da-40c7-a19d-2ddfe19b0c95.webp,https://res.cloudinary.com/dgcexgq5g/image/upload/v1751636706/greenroasteries/gallery/gallery/ARABICA-kenya_img_d07d24e0-fbb6-429f-9450-de92d7091d15.webp,https://res.cloudinary.com/dgcexgq5g/image/upload/v1751636707/greenroasteries/gallery/gallery/ARABICA-kenya_img_511b56c1-4355-460e-91a3-c6c1b0787688.webp,https://res.cloudinary.com/dgcexgq5g/image/upload/v1751636702/greenroasteries/gallery/gallery/ARABICA-kenya_img_db8a16b4-c5c6-4f22-ab2c-96a407a1fc09.webp",,134b0489-1f4d-4ca6-b6d1-7a4e5ab9e365,Brown,1000g,Coffee,unisex,adult,en,Kenya,ARABIC COFFEE,cardamom,Ground grains
9ebc302d-9388-4a30-99be-f52cb3471977_en,Kenya - 1000g cardamom whole beans,"We are proud of the flavor of Emirati Arabic coffee, prepared according to its origins, from selecting green coffee beans and roasting them with love until adding cardamom and saffron. Enjoy a unique experience to learn about our traditions and culture.",in stock,new,164.00 AED,https://thegreenroasteries.com/product/kenya,https://res.cloudinary.com/dgcexgq5g/image/upload/v1751636424/greenroasteries/variations/variations/ARABICA-kenya_var_9ebc302d-9388-4a30-99be-f52cb3471977.webp,Green Roasteries,"Food, Beverages & Tobacco > Beverages > Coffee",ARABIC COFFEE,"https://res.cloudinary.com/dgcexgq5g/image/upload/v1751636701/greenroasteries/gallery/gallery/ARABICA-kenya_img_4249df2b-47da-40c7-a19d-2ddfe19b0c95.webp,https://res.cloudinary.com/dgcexgq5g/image/upload/v1751636706/greenroasteries/gallery/gallery/ARABICA-kenya_img_d07d24e0-fbb6-429f-9450-de92d7091d15.webp,https://res.cloudinary.com/dgcexgq5g/image/upload/v1751636707/greenroasteries/gallery/gallery/ARABICA-kenya_img_511b56c1-4355-460e-91a3-c6c1b0787688.webp,https://res.cloudinary.com/dgcexgq5g/image/upload/v1751636702/greenroasteries/gallery/gallery/ARABICA-kenya_img_db8a16b4-c5c6-4f22-ab2c-96a407a1fc09.webp",,134b0489-1f4d-4ca6-b6d1-7a4e5ab9e365,Brown,1000g,Coffee,unisex,adult,en,Kenya,ARABIC COFFEE,cardamom,whole beans
eb0f486d-dffd-4f42-8586-0a3bee165d94_en,Kenya - 500g  cardamom & saffron whole beans,"We are proud of the flavor of Emirati Arabic coffee, prepared according to its origins, from selecting green coffee beans and roasting them with love until adding cardamom and saffron. Enjoy a unique experience to learn about our traditions and culture.",in stock,new,106.00 AED,https://thegreenroasteries.com/product/kenya,https://res.cloudinary.com/dgcexgq5g/image/upload/v1751636439/greenroasteries/variations/variations/ARABICA-kenya_var_eb0f486d-dffd-4f42-8586-0a3bee165d94.webp,Green Roasteries,"Food, Beverages & Tobacco > Beverages > Coffee",ARABIC COFFEE,"https://res.cloudinary.com/dgcexgq5g/image/upload/v1751636701/greenroasteries/gallery/gallery/ARABICA-kenya_img_4249df2b-47da-40c7-a19d-2ddfe19b0c95.webp,https://res.cloudinary.com/dgcexgq5g/image/upload/v1751636706/greenroasteries/gallery/gallery/ARABICA-kenya_img_d07d24e0-fbb6-429f-9450-de92d7091d15.webp,https://res.cloudinary.com/dgcexgq5g/image/upload/v1751636707/greenroasteries/gallery/gallery/ARABICA-kenya_img_511b56c1-4355-460e-91a3-c6c1b0787688.webp,https://res.cloudinary.com/dgcexgq5g/image/upload/v1751636702/greenroasteries/gallery/gallery/ARABICA-kenya_img_db8a16b4-c5c6-4f22-ab2c-96a407a1fc09.webp",,134b0489-1f4d-4ca6-b6d1-7a4e5ab9e365,Brown,500g,Coffee,unisex,adult,en,Kenya,ARABIC COFFEE, cardamom & saffron,whole beans
a634b39b-c075-417e-a4a2-9e7f4a4764a3_en,Kenya - 1000g  cardamom & saffron whole beans,"We are proud of the flavor of Emirati Arabic coffee, prepared according to its origins, from selecting green coffee beans and roasting them with love until adding cardamom and saffron. Enjoy a unique experience to learn about our traditions and culture.",in stock,new,185.00 AED,https://thegreenroasteries.com/product/kenya,https://res.cloudinary.com/dgcexgq5g/image/upload/v1751636462/greenroasteries/variations/variations/ARABICA-kenya_var_a634b39b-c075-417e-a4a2-9e7f4a4764a3.webp,Green Roasteries,"Food, Beverages & Tobacco > Beverages > Coffee",ARABIC COFFEE,"https://res.cloudinary.com/dgcexgq5g/image/upload/v1751636701/greenroasteries/gallery/gallery/ARABICA-kenya_img_4249df2b-47da-40c7-a19d-2ddfe19b0c95.webp,https://res.cloudinary.com/dgcexgq5g/image/upload/v1751636706/greenroasteries/gallery/gallery/ARABICA-kenya_img_d07d24e0-fbb6-429f-9450-de92d7091d15.webp,https://res.cloudinary.com/dgcexgq5g/image/upload/v1751636707/greenroasteries/gallery/gallery/ARABICA-kenya_img_511b56c1-4355-460e-91a3-c6c1b0787688.webp,https://res.cloudinary.com/dgcexgq5g/image/upload/v1751636702/greenroasteries/gallery/gallery/ARABICA-kenya_img_db8a16b4-c5c6-4f22-ab2c-96a407a1fc09.webp",,134b0489-1f4d-4ca6-b6d1-7a4e5ab9e365,Brown,1000g,Coffee,unisex,adult,en,Kenya,ARABIC COFFEE, cardamom & saffron,whole beans
41bfe51a-91df-4580-85ef-86717602970d_en,Kenya - 250g  cardamom & saffron Ground grains,"We are proud of the flavor of Emirati Arabic coffee, prepared according to its origins, from selecting green coffee beans and roasting them with love until adding cardamom and saffron. Enjoy a unique experience to learn about our traditions and culture.",in stock,new,59.95 AED,https://thegreenroasteries.com/product/kenya,https://res.cloudinary.com/dgcexgq5g/image/upload/v1751636478/greenroasteries/variations/variations/ARABICA-kenya_var_41bfe51a-91df-4580-85ef-86717602970d.webp,Green Roasteries,"Food, Beverages & Tobacco > Beverages > Coffee",ARABIC COFFEE,"https://res.cloudinary.com/dgcexgq5g/image/upload/v1751636701/greenroasteries/gallery/gallery/ARABICA-kenya_img_4249df2b-47da-40c7-a19d-2ddfe19b0c95.webp,https://res.cloudinary.com/dgcexgq5g/image/upload/v1751636706/greenroasteries/gallery/gallery/ARABICA-kenya_img_d07d24e0-fbb6-429f-9450-de92d7091d15.webp,https://res.cloudinary.com/dgcexgq5g/image/upload/v1751636707/greenroasteries/gallery/gallery/ARABICA-kenya_img_511b56c1-4355-460e-91a3-c6c1b0787688.webp,https://res.cloudinary.com/dgcexgq5g/image/upload/v1751636702/greenroasteries/gallery/gallery/ARABICA-kenya_img_db8a16b4-c5c6-4f22-ab2c-96a407a1fc09.webp",,134b0489-1f4d-4ca6-b6d1-7a4e5ab9e365,Brown,250g,Coffee,unisex,adult,en,Kenya,ARABIC COFFEE, cardamom & saffron,Ground grains
784ba873-4ff3-467e-a52e-151d337d526a_en,Kenya - 1000g saffron whole beans,"We are proud of the flavor of Emirati Arabic coffee, prepared according to its origins, from selecting green coffee beans and roasting them with love until adding cardamom and saffron. Enjoy a unique experience to learn about our traditions and culture.",in stock,new,176.00 AED,https://thegreenroasteries.com/product/kenya,https://res.cloudinary.com/dgcexgq5g/image/upload/v1751636674/greenroasteries/variations/variations/ARABICA-kenya_var_784ba873-4ff3-467e-a52e-151d337d526a.webp,Green Roasteries,"Food, Beverages & Tobacco > Beverages > Coffee",ARABIC COFFEE,"https://res.cloudinary.com/dgcexgq5g/image/upload/v1751636701/greenroasteries/gallery/gallery/ARABICA-kenya_img_4249df2b-47da-40c7-a19d-2ddfe19b0c95.webp,https://res.cloudinary.com/dgcexgq5g/image/upload/v1751636706/greenroasteries/gallery/gallery/ARABICA-kenya_img_d07d24e0-fbb6-429f-9450-de92d7091d15.webp,https://res.cloudinary.com/dgcexgq5g/image/upload/v1751636707/greenroasteries/gallery/gallery/ARABICA-kenya_img_511b56c1-4355-460e-91a3-c6c1b0787688.webp,https://res.cloudinary.com/dgcexgq5g/image/upload/v1751636702/greenroasteries/gallery/gallery/ARABICA-kenya_img_db8a16b4-c5c6-4f22-ab2c-96a407a1fc09.webp",,134b0489-1f4d-4ca6-b6d1-7a4e5ab9e365,Brown,1000g,Coffee,unisex,adult,en,Kenya,ARABIC COFFEE,saffron,whole beans
221c77a3-6c3a-42db-a2de-5e1bacc1db65_ar,كينيـــا - 500g هيل حبوب مطحونة,نفخر بنكهة القهوة العربية اإلماراتية المحضرة حسب أصولها، بدءا من انتقاء حبوب البن الخضراء وتحميصها بكل حب حتى ً إضافة الهيل والزعفران، استمتع بتجربة فريدة للتعرف على تقاليدنا وثقافتنا.,in stock,new,89.00 AED,https://thegreenroasteries.com/product/kenya?lang=ar,https://res.cloudinary.com/dgcexgq5g/image/upload/v1751636398/greenroasteries/variations/variations/ARABICA-kenya_var_221c77a3-6c3a-42db-a2de-5e1bacc1db65.webp,المحامص الخضراء,"Food, Beverages & Tobacco > Beverages > Coffee",القهوة العربية,"https://res.cloudinary.com/dgcexgq5g/image/upload/v1751636701/greenroasteries/gallery/gallery/ARABICA-kenya_img_4249df2b-47da-40c7-a19d-2ddfe19b0c95.webp,https://res.cloudinary.com/dgcexgq5g/image/upload/v1751636706/greenroasteries/gallery/gallery/ARABICA-kenya_img_d07d24e0-fbb6-429f-9450-de92d7091d15.webp,https://res.cloudinary.com/dgcexgq5g/image/upload/v1751636707/greenroasteries/gallery/gallery/ARABICA-kenya_img_511b56c1-4355-460e-91a3-c6c1b0787688.webp,https://res.cloudinary.com/dgcexgq5g/image/upload/v1751636702/greenroasteries/gallery/gallery/ARABICA-kenya_img_db8a16b4-c5c6-4f22-ab2c-96a407a1fc09.webp",,134b0489-1f4d-4ca6-b6d1-7a4e5ab9e365,Brown,500g,قهوة,unisex,adult,ar,Kenya,القهوة العربية,هيل,حبوب مطحونة
de428955-d631-485f-8dc5-abcfa169a430_ar,كينيـــا - 250g هيل حبوب كاملة,نفخر بنكهة القهوة العربية اإلماراتية المحضرة حسب أصولها، بدءا من انتقاء حبوب البن الخضراء وتحميصها بكل حب حتى ً إضافة الهيل والزعفران، استمتع بتجربة فريدة للتعرف على تقاليدنا وثقافتنا.,in stock,new,49.95 AED,https://thegreenroasteries.com/product/kenya?lang=ar,https://res.cloudinary.com/dgcexgq5g/image/upload/v1751636422/greenroasteries/variations/variations/ARABICA-kenya_var_de428955-d631-485f-8dc5-abcfa169a430.webp,المحامص الخضراء,"Food, Beverages & Tobacco > Beverages > Coffee",القهوة العربية,"https://res.cloudinary.com/dgcexgq5g/image/upload/v1751636701/greenroasteries/gallery/gallery/ARABICA-kenya_img_4249df2b-47da-40c7-a19d-2ddfe19b0c95.webp,https://res.cloudinary.com/dgcexgq5g/image/upload/v1751636706/greenroasteries/gallery/gallery/ARABICA-kenya_img_d07d24e0-fbb6-429f-9450-de92d7091d15.webp,https://res.cloudinary.com/dgcexgq5g/image/upload/v1751636707/greenroasteries/gallery/gallery/ARABICA-kenya_img_511b56c1-4355-460e-91a3-c6c1b0787688.webp,https://res.cloudinary.com/dgcexgq5g/image/upload/v1751636702/greenroasteries/gallery/gallery/ARABICA-kenya_img_db8a16b4-c5c6-4f22-ab2c-96a407a1fc09.webp",,134b0489-1f4d-4ca6-b6d1-7a4e5ab9e365,Brown,250g,قهوة,unisex,adult,ar,Kenya,القهوة العربية,هيل,حبوب كاملة
b4ffebcb-58e1-48a6-8288-8a2f59acccfd_ar,كينيـــا - 500g هيل حبوب كاملة,نفخر بنكهة القهوة العربية اإلماراتية المحضرة حسب أصولها، بدءا من انتقاء حبوب البن الخضراء وتحميصها بكل حب حتى ً إضافة الهيل والزعفران، استمتع بتجربة فريدة للتعرف على تقاليدنا وثقافتنا.,in stock,new,89.00 AED,https://thegreenroasteries.com/product/kenya?lang=ar,https://res.cloudinary.com/dgcexgq5g/image/upload/v1751636425/greenroasteries/variations/variations/ARABICA-kenya_var_b4ffebcb-58e1-48a6-8288-8a2f59acccfd.webp,المحامص الخضراء,"Food, Beverages & Tobacco > Beverages > Coffee",القهوة العربية,"https://res.cloudinary.com/dgcexgq5g/image/upload/v1751636701/greenroasteries/gallery/gallery/ARABICA-kenya_img_4249df2b-47da-40c7-a19d-2ddfe19b0c95.webp,https://res.cloudinary.com/dgcexgq5g/image/upload/v1751636706/greenroasteries/gallery/gallery/ARABICA-kenya_img_d07d24e0-fbb6-429f-9450-de92d7091d15.webp,https://res.cloudinary.com/dgcexgq5g/image/upload/v1751636707/greenroasteries/gallery/gallery/ARABICA-kenya_img_511b56c1-4355-460e-91a3-c6c1b0787688.webp,https://res.cloudinary.com/dgcexgq5g/image/upload/v1751636702/greenroasteries/gallery/gallery/ARABICA-kenya_img_db8a16b4-c5c6-4f22-ab2c-96a407a1fc09.webp",,134b0489-1f4d-4ca6-b6d1-7a4e5ab9e365,Brown,500g,قهوة,unisex,adult,ar,Kenya,القهوة العربية,هيل,حبوب كاملة
c4d974dc-d159-4e21-b304-8cf88c5184c6_ar,كينيـــا - 250g زعفران حبوب كاملة,نفخر بنكهة القهوة العربية اإلماراتية المحضرة حسب أصولها، بدءا من انتقاء حبوب البن الخضراء وتحميصها بكل حب حتى ً إضافة الهيل والزعفران، استمتع بتجربة فريدة للتعرف على تقاليدنا وثقافتنا.,in stock,new,57.95 AED,https://thegreenroasteries.com/product/kenya?lang=ar,https://res.cloudinary.com/dgcexgq5g/image/upload/v1751636435/greenroasteries/variations/variations/ARABICA-kenya_var_c4d974dc-d159-4e21-b304-8cf88c5184c6.webp,المحامص الخضراء,"Food, Beverages & Tobacco > Beverages > Coffee",القهوة العربية,"https://res.cloudinary.com/dgcexgq5g/image/upload/v1751636701/greenroasteries/gallery/gallery/ARABICA-kenya_img_4249df2b-47da-40c7-a19d-2ddfe19b0c95.webp,https://res.cloudinary.com/dgcexgq5g/image/upload/v1751636706/greenroasteries/gallery/gallery/ARABICA-kenya_img_d07d24e0-fbb6-429f-9450-de92d7091d15.webp,https://res.cloudinary.com/dgcexgq5g/image/upload/v1751636707/greenroasteries/gallery/gallery/ARABICA-kenya_img_511b56c1-4355-460e-91a3-c6c1b0787688.webp,https://res.cloudinary.com/dgcexgq5g/image/upload/v1751636702/greenroasteries/gallery/gallery/ARABICA-kenya_img_db8a16b4-c5c6-4f22-ab2c-96a407a1fc09.webp",,134b0489-1f4d-4ca6-b6d1-7a4e5ab9e365,Brown,250g,قهوة,unisex,adult,ar,Kenya,القهوة العربية,زعفران,حبوب كاملة
bea5bcf4-1e27-4dbc-b3b4-a390454d5a23_ar,كينيـــا - 250g هيل حبوب مطحونة,نفخر بنكهة القهوة العربية اإلماراتية المحضرة حسب أصولها، بدءا من انتقاء حبوب البن الخضراء وتحميصها بكل حب حتى ً إضافة الهيل والزعفران، استمتع بتجربة فريدة للتعرف على تقاليدنا وثقافتنا.,in stock,new,49.95 AED,https://thegreenroasteries.com/product/kenya?lang=ar,https://res.cloudinary.com/dgcexgq5g/image/upload/v1751636438/greenroasteries/variations/variations/ARABICA-kenya_var_bea5bcf4-1e27-4dbc-b3b4-a390454d5a23.webp,المحامص الخضراء,"Food, Beverages & Tobacco > Beverages > Coffee",القهوة العربية,"https://res.cloudinary.com/dgcexgq5g/image/upload/v1751636701/greenroasteries/gallery/gallery/ARABICA-kenya_img_4249df2b-47da-40c7-a19d-2ddfe19b0c95.webp,https://res.cloudinary.com/dgcexgq5g/image/upload/v1751636706/greenroasteries/gallery/gallery/ARABICA-kenya_img_d07d24e0-fbb6-429f-9450-de92d7091d15.webp,https://res.cloudinary.com/dgcexgq5g/image/upload/v1751636707/greenroasteries/gallery/gallery/ARABICA-kenya_img_511b56c1-4355-460e-91a3-c6c1b0787688.webp,https://res.cloudinary.com/dgcexgq5g/image/upload/v1751636702/greenroasteries/gallery/gallery/ARABICA-kenya_img_db8a16b4-c5c6-4f22-ab2c-96a407a1fc09.webp",,134b0489-1f4d-4ca6-b6d1-7a4e5ab9e365,Brown,250g,قهوة,unisex,adult,ar,Kenya,القهوة العربية,هيل,حبوب مطحونة
972ad734-5b77-4f0d-acf5-e935e02d62c6_ar,كينيـــا - 500g زعفران حبوب كاملة,نفخر بنكهة القهوة العربية اإلماراتية المحضرة حسب أصولها، بدءا من انتقاء حبوب البن الخضراء وتحميصها بكل حب حتى ً إضافة الهيل والزعفران، استمتع بتجربة فريدة للتعرف على تقاليدنا وثقافتنا.,in stock,new,99.95 AED,https://thegreenroasteries.com/product/kenya?lang=ar,https://res.cloudinary.com/dgcexgq5g/image/upload/v1751636448/greenroasteries/variations/variations/ARABICA-kenya_var_972ad734-5b77-4f0d-acf5-e935e02d62c6.webp,المحامص الخضراء,"Food, Beverages & Tobacco > Beverages > Coffee",القهوة العربية,"https://res.cloudinary.com/dgcexgq5g/image/upload/v1751636701/greenroasteries/gallery/gallery/ARABICA-kenya_img_4249df2b-47da-40c7-a19d-2ddfe19b0c95.webp,https://res.cloudinary.com/dgcexgq5g/image/upload/v1751636706/greenroasteries/gallery/gallery/ARABICA-kenya_img_d07d24e0-fbb6-429f-9450-de92d7091d15.webp,https://res.cloudinary.com/dgcexgq5g/image/upload/v1751636707/greenroasteries/gallery/gallery/ARABICA-kenya_img_511b56c1-4355-460e-91a3-c6c1b0787688.webp,https://res.cloudinary.com/dgcexgq5g/image/upload/v1751636702/greenroasteries/gallery/gallery/ARABICA-kenya_img_db8a16b4-c5c6-4f22-ab2c-96a407a1fc09.webp",,134b0489-1f4d-4ca6-b6d1-7a4e5ab9e365,Brown,500g,قهوة,unisex,adult,ar,Kenya,القهوة العربية,زعفران,حبوب كاملة
9b546dc1-1207-4c62-baf3-0da65c931593_ar,كينيـــا - 500g هيل و زعفران حبوب مطحونة,نفخر بنكهة القهوة العربية اإلماراتية المحضرة حسب أصولها، بدءا من انتقاء حبوب البن الخضراء وتحميصها بكل حب حتى ً إضافة الهيل والزعفران، استمتع بتجربة فريدة للتعرف على تقاليدنا وثقافتنا.,in stock,new,106.00 AED,https://thegreenroasteries.com/product/kenya?lang=ar,https://res.cloudinary.com/dgcexgq5g/image/upload/v1751636452/greenroasteries/variations/variations/ARABICA-kenya_var_9b546dc1-1207-4c62-baf3-0da65c931593.webp,المحامص الخضراء,"Food, Beverages & Tobacco > Beverages > Coffee",القهوة العربية,"https://res.cloudinary.com/dgcexgq5g/image/upload/v1751636701/greenroasteries/gallery/gallery/ARABICA-kenya_img_4249df2b-47da-40c7-a19d-2ddfe19b0c95.webp,https://res.cloudinary.com/dgcexgq5g/image/upload/v1751636706/greenroasteries/gallery/gallery/ARABICA-kenya_img_d07d24e0-fbb6-429f-9450-de92d7091d15.webp,https://res.cloudinary.com/dgcexgq5g/image/upload/v1751636707/greenroasteries/gallery/gallery/ARABICA-kenya_img_511b56c1-4355-460e-91a3-c6c1b0787688.webp,https://res.cloudinary.com/dgcexgq5g/image/upload/v1751636702/greenroasteries/gallery/gallery/ARABICA-kenya_img_db8a16b4-c5c6-4f22-ab2c-96a407a1fc09.webp",,134b0489-1f4d-4ca6-b6d1-7a4e5ab9e365,Brown,500g,قهوة,unisex,adult,ar,Kenya,القهوة العربية,هيل و زعفران,حبوب مطحونة
34b915cd-90fa-48ba-b808-bdda93afc1bc_ar,كينيـــا - 250g زعفران حبوب مطحونة,نفخر بنكهة القهوة العربية اإلماراتية المحضرة حسب أصولها، بدءا من انتقاء حبوب البن الخضراء وتحميصها بكل حب حتى ً إضافة الهيل والزعفران، استمتع بتجربة فريدة للتعرف على تقاليدنا وثقافتنا.,in stock,new,57.95 AED,https://thegreenroasteries.com/product/kenya?lang=ar,https://res.cloudinary.com/dgcexgq5g/image/upload/v1751636453/greenroasteries/variations/variations/ARABICA-kenya_var_34b915cd-90fa-48ba-b808-bdda93afc1bc.webp,المحامص الخضراء,"Food, Beverages & Tobacco > Beverages > Coffee",القهوة العربية,"https://res.cloudinary.com/dgcexgq5g/image/upload/v1751636701/greenroasteries/gallery/gallery/ARABICA-kenya_img_4249df2b-47da-40c7-a19d-2ddfe19b0c95.webp,https://res.cloudinary.com/dgcexgq5g/image/upload/v1751636706/greenroasteries/gallery/gallery/ARABICA-kenya_img_d07d24e0-fbb6-429f-9450-de92d7091d15.webp,https://res.cloudinary.com/dgcexgq5g/image/upload/v1751636707/greenroasteries/gallery/gallery/ARABICA-kenya_img_511b56c1-4355-460e-91a3-c6c1b0787688.webp,https://res.cloudinary.com/dgcexgq5g/image/upload/v1751636702/greenroasteries/gallery/gallery/ARABICA-kenya_img_db8a16b4-c5c6-4f22-ab2c-96a407a1fc09.webp",,134b0489-1f4d-4ca6-b6d1-7a4e5ab9e365,Brown,250g,قهوة,unisex,adult,ar,Kenya,القهوة العربية,زعفران,حبوب مطحونة
f9aa5dde-ff42-481c-bd97-cbf5c6e2869a_ar,كينيـــا - 1000g هيل و زعفران حبوب مطحونة,نفخر بنكهة القهوة العربية اإلماراتية المحضرة حسب أصولها، بدءا من انتقاء حبوب البن الخضراء وتحميصها بكل حب حتى ً إضافة الهيل والزعفران، استمتع بتجربة فريدة للتعرف على تقاليدنا وثقافتنا.,in stock,new,185.00 AED,https://thegreenroasteries.com/product/kenya?lang=ar,https://res.cloudinary.com/dgcexgq5g/image/upload/v1751636455/greenroasteries/variations/variations/ARABICA-kenya_var_f9aa5dde-ff42-481c-bd97-cbf5c6e2869a.webp,المحامص الخضراء,"Food, Beverages & Tobacco > Beverages > Coffee",القهوة العربية,"https://res.cloudinary.com/dgcexgq5g/image/upload/v1751636701/greenroasteries/gallery/gallery/ARABICA-kenya_img_4249df2b-47da-40c7-a19d-2ddfe19b0c95.webp,https://res.cloudinary.com/dgcexgq5g/image/upload/v1751636706/greenroasteries/gallery/gallery/ARABICA-kenya_img_d07d24e0-fbb6-429f-9450-de92d7091d15.webp,https://res.cloudinary.com/dgcexgq5g/image/upload/v1751636707/greenroasteries/gallery/gallery/ARABICA-kenya_img_511b56c1-4355-460e-91a3-c6c1b0787688.webp,https://res.cloudinary.com/dgcexgq5g/image/upload/v1751636702/greenroasteries/gallery/gallery/ARABICA-kenya_img_db8a16b4-c5c6-4f22-ab2c-96a407a1fc09.webp",,134b0489-1f4d-4ca6-b6d1-7a4e5ab9e365,Brown,1000g,قهوة,unisex,adult,ar,Kenya,القهوة العربية,هيل و زعفران,حبوب مطحونة
caee7be6-5fd2-4054-8ebd-21481b52c30a_ar,كينيـــا - 500g زعفران حبوب مطحونة,نفخر بنكهة القهوة العربية اإلماراتية المحضرة حسب أصولها، بدءا من انتقاء حبوب البن الخضراء وتحميصها بكل حب حتى ً إضافة الهيل والزعفران، استمتع بتجربة فريدة للتعرف على تقاليدنا وثقافتنا.,in stock,new,99.95 AED,https://thegreenroasteries.com/product/kenya?lang=ar,https://res.cloudinary.com/dgcexgq5g/image/upload/v1751636475/greenroasteries/variations/variations/ARABICA-kenya_var_caee7be6-5fd2-4054-8ebd-21481b52c30a.webp,المحامص الخضراء,"Food, Beverages & Tobacco > Beverages > Coffee",القهوة العربية,"https://res.cloudinary.com/dgcexgq5g/image/upload/v1751636701/greenroasteries/gallery/gallery/ARABICA-kenya_img_4249df2b-47da-40c7-a19d-2ddfe19b0c95.webp,https://res.cloudinary.com/dgcexgq5g/image/upload/v1751636706/greenroasteries/gallery/gallery/ARABICA-kenya_img_d07d24e0-fbb6-429f-9450-de92d7091d15.webp,https://res.cloudinary.com/dgcexgq5g/image/upload/v1751636707/greenroasteries/gallery/gallery/ARABICA-kenya_img_511b56c1-4355-460e-91a3-c6c1b0787688.webp,https://res.cloudinary.com/dgcexgq5g/image/upload/v1751636702/greenroasteries/gallery/gallery/ARABICA-kenya_img_db8a16b4-c5c6-4f22-ab2c-96a407a1fc09.webp",,134b0489-1f4d-4ca6-b6d1-7a4e5ab9e365,Brown,500g,قهوة,unisex,adult,ar,Kenya,القهوة العربية,زعفران,حبوب مطحونة
a2837aa5-73e6-483b-b654-ac74ab579f52_ar,كينيـــا - 250g هيل و زعفران حبوب كاملة,نفخر بنكهة القهوة العربية اإلماراتية المحضرة حسب أصولها، بدءا من انتقاء حبوب البن الخضراء وتحميصها بكل حب حتى ً إضافة الهيل والزعفران، استمتع بتجربة فريدة للتعرف على تقاليدنا وثقافتنا.,in stock,new,59.95 AED,https://thegreenroasteries.com/product/kenya?lang=ar,https://res.cloudinary.com/dgcexgq5g/image/upload/v1751636479/greenroasteries/variations/variations/ARABICA-kenya_var_a2837aa5-73e6-483b-b654-ac74ab579f52.webp,المحامص الخضراء,"Food, Beverages & Tobacco > Beverages > Coffee",القهوة العربية,"https://res.cloudinary.com/dgcexgq5g/image/upload/v1751636701/greenroasteries/gallery/gallery/ARABICA-kenya_img_4249df2b-47da-40c7-a19d-2ddfe19b0c95.webp,https://res.cloudinary.com/dgcexgq5g/image/upload/v1751636706/greenroasteries/gallery/gallery/ARABICA-kenya_img_d07d24e0-fbb6-429f-9450-de92d7091d15.webp,https://res.cloudinary.com/dgcexgq5g/image/upload/v1751636707/greenroasteries/gallery/gallery/ARABICA-kenya_img_511b56c1-4355-460e-91a3-c6c1b0787688.webp,https://res.cloudinary.com/dgcexgq5g/image/upload/v1751636702/greenroasteries/gallery/gallery/ARABICA-kenya_img_db8a16b4-c5c6-4f22-ab2c-96a407a1fc09.webp",,134b0489-1f4d-4ca6-b6d1-7a4e5ab9e365,Brown,250g,قهوة,unisex,adult,ar,Kenya,القهوة العربية,هيل و زعفران,حبوب كاملة
25ff6429-1ac6-406c-840d-af62d5a0478a_ar,كينيـــا - 1000g زعفران حبوب مطحونة,نفخر بنكهة القهوة العربية اإلماراتية المحضرة حسب أصولها، بدءا من انتقاء حبوب البن الخضراء وتحميصها بكل حب حتى ً إضافة الهيل والزعفران، استمتع بتجربة فريدة للتعرف على تقاليدنا وثقافتنا.,in stock,new,176.00 AED,https://thegreenroasteries.com/product/kenya?lang=ar,https://res.cloudinary.com/dgcexgq5g/image/upload/v1751636671/greenroasteries/variations/variations/ARABICA-kenya_var_25ff6429-1ac6-406c-840d-af62d5a0478a.webp,المحامص الخضراء,"Food, Beverages & Tobacco > Beverages > Coffee",القهوة العربية,"https://res.cloudinary.com/dgcexgq5g/image/upload/v1751636701/greenroasteries/gallery/gallery/ARABICA-kenya_img_4249df2b-47da-40c7-a19d-2ddfe19b0c95.webp,https://res.cloudinary.com/dgcexgq5g/image/upload/v1751636706/greenroasteries/gallery/gallery/ARABICA-kenya_img_d07d24e0-fbb6-429f-9450-de92d7091d15.webp,https://res.cloudinary.com/dgcexgq5g/image/upload/v1751636707/greenroasteries/gallery/gallery/ARABICA-kenya_img_511b56c1-4355-460e-91a3-c6c1b0787688.webp,https://res.cloudinary.com/dgcexgq5g/image/upload/v1751636702/greenroasteries/gallery/gallery/ARABICA-kenya_img_db8a16b4-c5c6-4f22-ab2c-96a407a1fc09.webp",,134b0489-1f4d-4ca6-b6d1-7a4e5ab9e365,Brown,1000g,قهوة,unisex,adult,ar,Kenya,القهوة العربية,زعفران,حبوب مطحونة
3cbd1184-3769-448e-ad83-2ef0e4780adb_ar,كينيـــا - 1000g هيل حبوب مطحونة,نفخر بنكهة القهوة العربية اإلماراتية المحضرة حسب أصولها، بدءا من انتقاء حبوب البن الخضراء وتحميصها بكل حب حتى ً إضافة الهيل والزعفران، استمتع بتجربة فريدة للتعرف على تقاليدنا وثقافتنا.,in stock,new,164.00 AED,https://thegreenroasteries.com/product/kenya?lang=ar,https://res.cloudinary.com/dgcexgq5g/image/upload/v1751636408/greenroasteries/variations/variations/ARABICA-kenya_var_3cbd1184-3769-448e-ad83-2ef0e4780adb.webp,المحامص الخضراء,"Food, Beverages & Tobacco > Beverages > Coffee",القهوة العربية,"https://res.cloudinary.com/dgcexgq5g/image/upload/v1751636701/greenroasteries/gallery/gallery/ARABICA-kenya_img_4249df2b-47da-40c7-a19d-2ddfe19b0c95.webp,https://res.cloudinary.com/dgcexgq5g/image/upload/v1751636706/greenroasteries/gallery/gallery/ARABICA-kenya_img_d07d24e0-fbb6-429f-9450-de92d7091d15.webp,https://res.cloudinary.com/dgcexgq5g/image/upload/v1751636707/greenroasteries/gallery/gallery/ARABICA-kenya_img_511b56c1-4355-460e-91a3-c6c1b0787688.webp,https://res.cloudinary.com/dgcexgq5g/image/upload/v1751636702/greenroasteries/gallery/gallery/ARABICA-kenya_img_db8a16b4-c5c6-4f22-ab2c-96a407a1fc09.webp",,134b0489-1f4d-4ca6-b6d1-7a4e5ab9e365,Brown,1000g,قهوة,unisex,adult,ar,Kenya,القهوة العربية,هيل,حبوب مطحونة
9ebc302d-9388-4a30-99be-f52cb3471977_ar,كينيـــا - 1000g هيل حبوب كاملة,نفخر بنكهة القهوة العربية اإلماراتية المحضرة حسب أصولها، بدءا من انتقاء حبوب البن الخضراء وتحميصها بكل حب حتى ً إضافة الهيل والزعفران، استمتع بتجربة فريدة للتعرف على تقاليدنا وثقافتنا.,in stock,new,164.00 AED,https://thegreenroasteries.com/product/kenya?lang=ar,https://res.cloudinary.com/dgcexgq5g/image/upload/v1751636424/greenroasteries/variations/variations/ARABICA-kenya_var_9ebc302d-9388-4a30-99be-f52cb3471977.webp,المحامص الخضراء,"Food, Beverages & Tobacco > Beverages > Coffee",القهوة العربية,"https://res.cloudinary.com/dgcexgq5g/image/upload/v1751636701/greenroasteries/gallery/gallery/ARABICA-kenya_img_4249df2b-47da-40c7-a19d-2ddfe19b0c95.webp,https://res.cloudinary.com/dgcexgq5g/image/upload/v1751636706/greenroasteries/gallery/gallery/ARABICA-kenya_img_d07d24e0-fbb6-429f-9450-de92d7091d15.webp,https://res.cloudinary.com/dgcexgq5g/image/upload/v1751636707/greenroasteries/gallery/gallery/ARABICA-kenya_img_511b56c1-4355-460e-91a3-c6c1b0787688.webp,https://res.cloudinary.com/dgcexgq5g/image/upload/v1751636702/greenroasteries/gallery/gallery/ARABICA-kenya_img_db8a16b4-c5c6-4f22-ab2c-96a407a1fc09.webp",,134b0489-1f4d-4ca6-b6d1-7a4e5ab9e365,Brown,1000g,قهوة,unisex,adult,ar,Kenya,القهوة العربية,هيل,حبوب كاملة
eb0f486d-dffd-4f42-8586-0a3bee165d94_ar,كينيـــا - 500g هيل و زعفران حبوب كاملة,نفخر بنكهة القهوة العربية اإلماراتية المحضرة حسب أصولها، بدءا من انتقاء حبوب البن الخضراء وتحميصها بكل حب حتى ً إضافة الهيل والزعفران، استمتع بتجربة فريدة للتعرف على تقاليدنا وثقافتنا.,in stock,new,106.00 AED,https://thegreenroasteries.com/product/kenya?lang=ar,https://res.cloudinary.com/dgcexgq5g/image/upload/v1751636439/greenroasteries/variations/variations/ARABICA-kenya_var_eb0f486d-dffd-4f42-8586-0a3bee165d94.webp,المحامص الخضراء,"Food, Beverages & Tobacco > Beverages > Coffee",القهوة العربية,"https://res.cloudinary.com/dgcexgq5g/image/upload/v1751636701/greenroasteries/gallery/gallery/ARABICA-kenya_img_4249df2b-47da-40c7-a19d-2ddfe19b0c95.webp,https://res.cloudinary.com/dgcexgq5g/image/upload/v1751636706/greenroasteries/gallery/gallery/ARABICA-kenya_img_d07d24e0-fbb6-429f-9450-de92d7091d15.webp,https://res.cloudinary.com/dgcexgq5g/image/upload/v1751636707/greenroasteries/gallery/gallery/ARABICA-kenya_img_511b56c1-4355-460e-91a3-c6c1b0787688.webp,https://res.cloudinary.com/dgcexgq5g/image/upload/v1751636702/greenroasteries/gallery/gallery/ARABICA-kenya_img_db8a16b4-c5c6-4f22-ab2c-96a407a1fc09.webp",,134b0489-1f4d-4ca6-b6d1-7a4e5ab9e365,Brown,500g,قهوة,unisex,adult,ar,Kenya,القهوة العربية,هيل و زعفران,حبوب كاملة
a634b39b-c075-417e-a4a2-9e7f4a4764a3_ar,كينيـــا - 1000g هيل و زعفران حبوب كاملة,نفخر بنكهة القهوة العربية اإلماراتية المحضرة حسب أصولها، بدءا من انتقاء حبوب البن الخضراء وتحميصها بكل حب حتى ً إضافة الهيل والزعفران، استمتع بتجربة فريدة للتعرف على تقاليدنا وثقافتنا.,in stock,new,185.00 AED,https://thegreenroasteries.com/product/kenya?lang=ar,https://res.cloudinary.com/dgcexgq5g/image/upload/v1751636462/greenroasteries/variations/variations/ARABICA-kenya_var_a634b39b-c075-417e-a4a2-9e7f4a4764a3.webp,المحامص الخضراء,"Food, Beverages & Tobacco > Beverages > Coffee",القهوة العربية,"https://res.cloudinary.com/dgcexgq5g/image/upload/v1751636701/greenroasteries/gallery/gallery/ARABICA-kenya_img_4249df2b-47da-40c7-a19d-2ddfe19b0c95.webp,https://res.cloudinary.com/dgcexgq5g/image/upload/v1751636706/greenroasteries/gallery/gallery/ARABICA-kenya_img_d07d24e0-fbb6-429f-9450-de92d7091d15.webp,https://res.cloudinary.com/dgcexgq5g/image/upload/v1751636707/greenroasteries/gallery/gallery/ARABICA-kenya_img_511b56c1-4355-460e-91a3-c6c1b0787688.webp,https://res.cloudinary.com/dgcexgq5g/image/upload/v1751636702/greenroasteries/gallery/gallery/ARABICA-kenya_img_db8a16b4-c5c6-4f22-ab2c-96a407a1fc09.webp",,134b0489-1f4d-4ca6-b6d1-7a4e5ab9e365,Brown,1000g,قهوة,unisex,adult,ar,Kenya,القهوة العربية,هيل و زعفران,حبوب كاملة
41bfe51a-91df-4580-85ef-86717602970d_ar,كينيـــا - 250g هيل و زعفران حبوب مطحونة,نفخر بنكهة القهوة العربية اإلماراتية المحضرة حسب أصولها، بدءا من انتقاء حبوب البن الخضراء وتحميصها بكل حب حتى ً إضافة الهيل والزعفران، استمتع بتجربة فريدة للتعرف على تقاليدنا وثقافتنا.,in stock,new,59.95 AED,https://thegreenroasteries.com/product/kenya?lang=ar,https://res.cloudinary.com/dgcexgq5g/image/upload/v1751636478/greenroasteries/variations/variations/ARABICA-kenya_var_41bfe51a-91df-4580-85ef-86717602970d.webp,المحامص الخضراء,"Food, Beverages & Tobacco > Beverages > Coffee",القهوة العربية,"https://res.cloudinary.com/dgcexgq5g/image/upload/v1751636701/greenroasteries/gallery/gallery/ARABICA-kenya_img_4249df2b-47da-40c7-a19d-2ddfe19b0c95.webp,https://res.cloudinary.com/dgcexgq5g/image/upload/v1751636706/greenroasteries/gallery/gallery/ARABICA-kenya_img_d07d24e0-fbb6-429f-9450-de92d7091d15.webp,https://res.cloudinary.com/dgcexgq5g/image/upload/v1751636707/greenroasteries/gallery/gallery/ARABICA-kenya_img_511b56c1-4355-460e-91a3-c6c1b0787688.webp,https://res.cloudinary.com/dgcexgq5g/image/upload/v1751636702/greenroasteries/gallery/gallery/ARABICA-kenya_img_db8a16b4-c5c6-4f22-ab2c-96a407a1fc09.webp",,134b0489-1f4d-4ca6-b6d1-7a4e5ab9e365,Brown,250g,قهوة,unisex,adult,ar,Kenya,القهوة العربية,هيل و زعفران,حبوب مطحونة
784ba873-4ff3-467e-a52e-151d337d526a_ar,كينيـــا - 1000g زعفران حبوب كاملة,نفخر بنكهة القهوة العربية اإلماراتية المحضرة حسب أصولها، بدءا من انتقاء حبوب البن الخضراء وتحميصها بكل حب حتى ً إضافة الهيل والزعفران، استمتع بتجربة فريدة للتعرف على تقاليدنا وثقافتنا.,in stock,new,176.00 AED,https://thegreenroasteries.com/product/kenya?lang=ar,https://res.cloudinary.com/dgcexgq5g/image/upload/v1751636674/greenroasteries/variations/variations/ARABICA-kenya_var_784ba873-4ff3-467e-a52e-151d337d526a.webp,المحامص الخضراء,"Food, Beverages & Tobacco > Beverages > Coffee",القهوة العربية,"https://res.cloudinary.com/dgcexgq5g/image/upload/v1751636701/greenroasteries/gallery/gallery/ARABICA-kenya_img_4249df2b-47da-40c7-a19d-2ddfe19b0c95.webp,https://res.cloudinary.com/dgcexgq5g/image/upload/v1751636706/greenroasteries/gallery/gallery/ARABICA-kenya_img_d07d24e0-fbb6-429f-9450-de92d7091d15.webp,https://res.cloudinary.com/dgcexgq5g/image/upload/v1751636707/greenroasteries/gallery/gallery/ARABICA-kenya_img_511b56c1-4355-460e-91a3-c6c1b0787688.webp,https://res.cloudinary.com/dgcexgq5g/image/upload/v1751636702/greenroasteries/gallery/gallery/ARABICA-kenya_img_db8a16b4-c5c6-4f22-ab2c-96a407a1fc09.webp",,134b0489-1f4d-4ca6-b6d1-7a4e5ab9e365,Brown,1000g,قهوة,unisex,adult,ar,Kenya,القهوة العربية,زعفران,حبوب كاملة
26663735-25f6-48f7-9afe-dd0934e6dd22_en,Kenya Espresso - 1000g Ground grains,"This distinctive crop comes to you from the finest types of luxury crops in the world, as it is characterized by a plump texture and pleasant acidity, with balanced and clear flavors such as black currant, sweet caramel and bergamot.",in stock,new,195.00 AED,https://thegreenroasteries.com/product/kenya-espresso,https://res.cloudinary.com/dgcexgq5g/image/upload/v1751636508/greenroasteries/variations/variations/KEN-ESPRSS-ROAS_var_26663735-25f6-48f7-9afe-dd0934e6dd22.webp,Green Roasteries,"Food, Beverages & Tobacco > Beverages > Coffee",ESPRESSO ROAST,https://res.cloudinary.com/dgcexgq5g/image/upload/v1751636751/greenroasteries/gallery/gallery/KEN-ESPRSS-ROAS_img_b1af6b1e-c527-4f01-a5a0-981338971e9d.webp,,2fdc612c-6de8-434c-943b-22045f948613,Brown,1000g,Coffee,unisex,adult,en,Kenya,ESPRESSO ROAST,Medium Roast,Ground grains
f773ebf8-578c-4696-b65d-f1c36e1405d1_en,Kenya Espresso - 1000g whole beans,"This distinctive crop comes to you from the finest types of luxury crops in the world, as it is characterized by a plump texture and pleasant acidity, with balanced and clear flavors such as black currant, sweet caramel and bergamot.",in stock,new,195.00 AED,https://thegreenroasteries.com/product/kenya-espresso,https://res.cloudinary.com/dgcexgq5g/image/upload/v1751636530/greenroasteries/variations/variations/KEN-ESPRSS-ROAS_var_f773ebf8-578c-4696-b65d-f1c36e1405d1.webp,Green Roasteries,"Food, Beverages & Tobacco > Beverages > Coffee",ESPRESSO ROAST,https://res.cloudinary.com/dgcexgq5g/image/upload/v1751636751/greenroasteries/gallery/gallery/KEN-ESPRSS-ROAS_img_b1af6b1e-c527-4f01-a5a0-981338971e9d.webp,,2fdc612c-6de8-434c-943b-22045f948613,Brown,1000g,Coffee,unisex,adult,en,Kenya,ESPRESSO ROAST,Medium Roast,whole beans
51b76cd9-e194-483a-aeb8-94daddaf00d6_en,Kenya Espresso - 500g whole beans,"This distinctive crop comes to you from the finest types of luxury crops in the world, as it is characterized by a plump texture and pleasant acidity, with balanced and clear flavors such as black currant, sweet caramel and bergamot.",in stock,new,105.00 AED,https://thegreenroasteries.com/product/kenya-espresso,https://res.cloudinary.com/dgcexgq5g/image/upload/v1751636582/greenroasteries/variations/variations/KEN-ESPRSS-ROAS_var_51b76cd9-e194-483a-aeb8-94daddaf00d6.webp,Green Roasteries,"Food, Beverages & Tobacco > Beverages > Coffee",ESPRESSO ROAST,https://res.cloudinary.com/dgcexgq5g/image/upload/v1751636751/greenroasteries/gallery/gallery/KEN-ESPRSS-ROAS_img_b1af6b1e-c527-4f01-a5a0-981338971e9d.webp,,2fdc612c-6de8-434c-943b-22045f948613,Brown,500g,Coffee,unisex,adult,en,Kenya,ESPRESSO ROAST,Medium Roast,whole beans
7151d05e-984b-4a16-907c-36250c51e001_en,Kenya Espresso - 250g Ground grains,"This distinctive crop comes to you from the finest types of luxury crops in the world, as it is characterized by a plump texture and pleasant acidity, with balanced and clear flavors such as black currant, sweet caramel and bergamot.",in stock,new,59.95 AED,https://thegreenroasteries.com/product/kenya-espresso,https://res.cloudinary.com/dgcexgq5g/image/upload/v1751636588/greenroasteries/variations/variations/KEN-ESPRSS-ROAS_var_7151d05e-984b-4a16-907c-36250c51e001.webp,Green Roasteries,"Food, Beverages & Tobacco > Beverages > Coffee",ESPRESSO ROAST,https://res.cloudinary.com/dgcexgq5g/image/upload/v1751636751/greenroasteries/gallery/gallery/KEN-ESPRSS-ROAS_img_b1af6b1e-c527-4f01-a5a0-981338971e9d.webp,,2fdc612c-6de8-434c-943b-22045f948613,Brown,250g,Coffee,unisex,adult,en,Kenya,ESPRESSO ROAST,Medium Roast,Ground grains
43b45e7c-c2c3-4b2f-b322-d0139a8f55be_en,Kenya Espresso - 250g whole beans,"This distinctive crop comes to you from the finest types of luxury crops in the world, as it is characterized by a plump texture and pleasant acidity, with balanced and clear flavors such as black currant, sweet caramel and bergamot.",in stock,new,59.95 AED,https://thegreenroasteries.com/product/kenya-espresso,https://res.cloudinary.com/dgcexgq5g/image/upload/v1751636591/greenroasteries/variations/variations/KEN-ESPRSS-ROAS_var_43b45e7c-c2c3-4b2f-b322-d0139a8f55be.webp,Green Roasteries,"Food, Beverages & Tobacco > Beverages > Coffee",ESPRESSO ROAST,https://res.cloudinary.com/dgcexgq5g/image/upload/v1751636751/greenroasteries/gallery/gallery/KEN-ESPRSS-ROAS_img_b1af6b1e-c527-4f01-a5a0-981338971e9d.webp,,2fdc612c-6de8-434c-943b-22045f948613,Brown,250g,Coffee,unisex,adult,en,Kenya,ESPRESSO ROAST,Medium Roast,whole beans
f34af28b-8e53-42e1-bbe4-f5155ae7badc_en,Kenya Espresso - 500g Ground grains,"This distinctive crop comes to you from the finest types of luxury crops in the world, as it is characterized by a plump texture and pleasant acidity, with balanced and clear flavors such as black currant, sweet caramel and bergamot.",in stock,new,105.00 AED,https://thegreenroasteries.com/product/kenya-espresso,https://res.cloudinary.com/dgcexgq5g/image/upload/v1751636578/greenroasteries/variations/variations/KEN-ESPRSS-ROAS_var_f34af28b-8e53-42e1-bbe4-f5155ae7badc.webp,Green Roasteries,"Food, Beverages & Tobacco > Beverages > Coffee",ESPRESSO ROAST,https://res.cloudinary.com/dgcexgq5g/image/upload/v1751636751/greenroasteries/gallery/gallery/KEN-ESPRSS-ROAS_img_b1af6b1e-c527-4f01-a5a0-981338971e9d.webp,,2fdc612c-6de8-434c-943b-22045f948613,Brown,500g,Coffee,unisex,adult,en,Kenya,ESPRESSO ROAST,Medium Roast,Ground grains
26663735-25f6-48f7-9afe-dd0934e6dd22_ar,كينيـــا اسبريسو - 1000g حبوب مطحونة,محصول مميز من المحامص الخضراء يتمتع المحصول بنوتات غنية وجميلة تتناسب مع محبي مشروبات الفلتر الكالسيكي الخالي من التعقيد وتبرز حالوة المحصول مع مشروبات الحليب بكل أنواعه ويعتبر هذا المحصول مزيج خاص من اختيارنا الجود المحاصيل.,in stock,new,195.00 AED,https://thegreenroasteries.com/product/kenya-espresso?lang=ar,https://res.cloudinary.com/dgcexgq5g/image/upload/v1751636508/greenroasteries/variations/variations/KEN-ESPRSS-ROAS_var_26663735-25f6-48f7-9afe-dd0934e6dd22.webp,المحامص الخضراء,"Food, Beverages & Tobacco > Beverages > Coffee",تحميص الإسبريسو,https://res.cloudinary.com/dgcexgq5g/image/upload/v1751636751/greenroasteries/gallery/gallery/KEN-ESPRSS-ROAS_img_b1af6b1e-c527-4f01-a5a0-981338971e9d.webp,,2fdc612c-6de8-434c-943b-22045f948613,Brown,1000g,قهوة,unisex,adult,ar,Kenya,تحميص الإسبريسو,تحميص متوسط,حبوب مطحونة
f773ebf8-578c-4696-b65d-f1c36e1405d1_ar,كينيـــا اسبريسو - 1000g حبوب كاملة,محصول مميز من المحامص الخضراء يتمتع المحصول بنوتات غنية وجميلة تتناسب مع محبي مشروبات الفلتر الكالسيكي الخالي من التعقيد وتبرز حالوة المحصول مع مشروبات الحليب بكل أنواعه ويعتبر هذا المحصول مزيج خاص من اختيارنا الجود المحاصيل.,in stock,new,195.00 AED,https://thegreenroasteries.com/product/kenya-espresso?lang=ar,https://res.cloudinary.com/dgcexgq5g/image/upload/v1751636530/greenroasteries/variations/variations/KEN-ESPRSS-ROAS_var_f773ebf8-578c-4696-b65d-f1c36e1405d1.webp,المحامص الخضراء,"Food, Beverages & Tobacco > Beverages > Coffee",تحميص الإسبريسو,https://res.cloudinary.com/dgcexgq5g/image/upload/v1751636751/greenroasteries/gallery/gallery/KEN-ESPRSS-ROAS_img_b1af6b1e-c527-4f01-a5a0-981338971e9d.webp,,2fdc612c-6de8-434c-943b-22045f948613,Brown,1000g,قهوة,unisex,adult,ar,Kenya,تحميص الإسبريسو,تحميص متوسط,حبوب كاملة
51b76cd9-e194-483a-aeb8-94daddaf00d6_ar,كينيـــا اسبريسو - 500g حبوب كاملة,محصول مميز من المحامص الخضراء يتمتع المحصول بنوتات غنية وجميلة تتناسب مع محبي مشروبات الفلتر الكالسيكي الخالي من التعقيد وتبرز حالوة المحصول مع مشروبات الحليب بكل أنواعه ويعتبر هذا المحصول مزيج خاص من اختيارنا الجود المحاصيل.,in stock,new,105.00 AED,https://thegreenroasteries.com/product/kenya-espresso?lang=ar,https://res.cloudinary.com/dgcexgq5g/image/upload/v1751636582/greenroasteries/variations/variations/KEN-ESPRSS-ROAS_var_51b76cd9-e194-483a-aeb8-94daddaf00d6.webp,المحامص الخضراء,"Food, Beverages & Tobacco > Beverages > Coffee",تحميص الإسبريسو,https://res.cloudinary.com/dgcexgq5g/image/upload/v1751636751/greenroasteries/gallery/gallery/KEN-ESPRSS-ROAS_img_b1af6b1e-c527-4f01-a5a0-981338971e9d.webp,,2fdc612c-6de8-434c-943b-22045f948613,Brown,500g,قهوة,unisex,adult,ar,Kenya,تحميص الإسبريسو,تحميص متوسط,حبوب كاملة
7151d05e-984b-4a16-907c-36250c51e001_ar,كينيـــا اسبريسو - 250g حبوب مطحونة,محصول مميز من المحامص الخضراء يتمتع المحصول بنوتات غنية وجميلة تتناسب مع محبي مشروبات الفلتر الكالسيكي الخالي من التعقيد وتبرز حالوة المحصول مع مشروبات الحليب بكل أنواعه ويعتبر هذا المحصول مزيج خاص من اختيارنا الجود المحاصيل.,in stock,new,59.95 AED,https://thegreenroasteries.com/product/kenya-espresso?lang=ar,https://res.cloudinary.com/dgcexgq5g/image/upload/v1751636588/greenroasteries/variations/variations/KEN-ESPRSS-ROAS_var_7151d05e-984b-4a16-907c-36250c51e001.webp,المحامص الخضراء,"Food, Beverages & Tobacco > Beverages > Coffee",تحميص الإسبريسو,https://res.cloudinary.com/dgcexgq5g/image/upload/v1751636751/greenroasteries/gallery/gallery/KEN-ESPRSS-ROAS_img_b1af6b1e-c527-4f01-a5a0-981338971e9d.webp,,2fdc612c-6de8-434c-943b-22045f948613,Brown,250g,قهوة,unisex,adult,ar,Kenya,تحميص الإسبريسو,تحميص متوسط,حبوب مطحونة
43b45e7c-c2c3-4b2f-b322-d0139a8f55be_ar,كينيـــا اسبريسو - 250g حبوب كاملة,محصول مميز من المحامص الخضراء يتمتع المحصول بنوتات غنية وجميلة تتناسب مع محبي مشروبات الفلتر الكالسيكي الخالي من التعقيد وتبرز حالوة المحصول مع مشروبات الحليب بكل أنواعه ويعتبر هذا المحصول مزيج خاص من اختيارنا الجود المحاصيل.,in stock,new,59.95 AED,https://thegreenroasteries.com/product/kenya-espresso?lang=ar,https://res.cloudinary.com/dgcexgq5g/image/upload/v1751636591/greenroasteries/variations/variations/KEN-ESPRSS-ROAS_var_43b45e7c-c2c3-4b2f-b322-d0139a8f55be.webp,المحامص الخضراء,"Food, Beverages & Tobacco > Beverages > Coffee",تحميص الإسبريسو,https://res.cloudinary.com/dgcexgq5g/image/upload/v1751636751/greenroasteries/gallery/gallery/KEN-ESPRSS-ROAS_img_b1af6b1e-c527-4f01-a5a0-981338971e9d.webp,,2fdc612c-6de8-434c-943b-22045f948613,Brown,250g,قهوة,unisex,adult,ar,Kenya,تحميص الإسبريسو,تحميص متوسط,حبوب كاملة
f34af28b-8e53-42e1-bbe4-f5155ae7badc_ar,كينيـــا اسبريسو - 500g حبوب مطحونة,محصول مميز من المحامص الخضراء يتمتع المحصول بنوتات غنية وجميلة تتناسب مع محبي مشروبات الفلتر الكالسيكي الخالي من التعقيد وتبرز حالوة المحصول مع مشروبات الحليب بكل أنواعه ويعتبر هذا المحصول مزيج خاص من اختيارنا الجود المحاصيل.,in stock,new,105.00 AED,https://thegreenroasteries.com/product/kenya-espresso?lang=ar,https://res.cloudinary.com/dgcexgq5g/image/upload/v1751636578/greenroasteries/variations/variations/KEN-ESPRSS-ROAS_var_f34af28b-8e53-42e1-bbe4-f5155ae7badc.webp,المحامص الخضراء,"Food, Beverages & Tobacco > Beverages > Coffee",تحميص الإسبريسو,https://res.cloudinary.com/dgcexgq5g/image/upload/v1751636751/greenroasteries/gallery/gallery/KEN-ESPRSS-ROAS_img_b1af6b1e-c527-4f01-a5a0-981338971e9d.webp,,2fdc612c-6de8-434c-943b-22045f948613,Brown,500g,قهوة,unisex,adult,ar,Kenya,تحميص الإسبريسو,تحميص متوسط,حبوب مطحونة
1680e655-6581-4789-bba3-7e7cb6659c6c_en,Lemon Pistachios - 500g,"Premium cream-shelled pistachios are gently dry-roasted to bring out their natural buttery flavor and then lightly seasoned with sea salt. Each shell cracks open to reveal tender, emerald-green kernels with a perfect balance of rich nuttiness and savory seasoning. Enjoy these versatile snacks straight from the bowl, sprinkle them over yogurt or salads for added crunch, or pair them with cheese and fruit for an effortless gourmet treat.",in stock,new,67.95 AED,https://thegreenroasteries.com/product/lemon-pistachios,https://res.cloudinary.com/dgcexgq5g/image/upload/v1751636345/greenroasteries/products/products/NT-PS-NR.webp,Green Roasteries,"Food, Beverages & Tobacco > Food Items > Snack Foods > Nuts & Seeds",NUTS & DRIED FRUITS,,,0f6ae743-5019-4a43-9bc3-be45a576c8d1,Brown,500g,Coffee,unisex,adult,en,Premium Origin,NUTS & DRIED FRUITS,Medium Roast,Arabica Beans
8fa00485-8568-4aeb-ab98-ba9a155278fb_en,Lemon Pistachios - 1000g,"Premium cream-shelled pistachios are gently dry-roasted to bring out their natural buttery flavor and then lightly seasoned with sea salt. Each shell cracks open to reveal tender, emerald-green kernels with a perfect balance of rich nuttiness and savory seasoning. Enjoy these versatile snacks straight from the bowl, sprinkle them over yogurt or salads for added crunch, or pair them with cheese and fruit for an effortless gourmet treat.",in stock,new,125.95 AED,https://thegreenroasteries.com/product/lemon-pistachios,https://res.cloudinary.com/dgcexgq5g/image/upload/v1751636345/greenroasteries/products/products/NT-PS-NR.webp,Green Roasteries,"Food, Beverages & Tobacco > Food Items > Snack Foods > Nuts & Seeds",NUTS & DRIED FRUITS,,,0f6ae743-5019-4a43-9bc3-be45a576c8d1,Brown,1000g,Coffee,unisex,adult,en,Premium Origin,NUTS & DRIED FRUITS,Medium Roast,Arabica Beans
2570bcaf-1246-4a39-a51e-532c45c7ed1a_en,Lemon Pistachios - 250g,"Premium cream-shelled pistachios are gently dry-roasted to bring out their natural buttery flavor and then lightly seasoned with sea salt. Each shell cracks open to reveal tender, emerald-green kernels with a perfect balance of rich nuttiness and savory seasoning. Enjoy these versatile snacks straight from the bowl, sprinkle them over yogurt or salads for added crunch, or pair them with cheese and fruit for an effortless gourmet treat.",in stock,new,49.95 AED,https://thegreenroasteries.com/product/lemon-pistachios,https://res.cloudinary.com/dgcexgq5g/image/upload/v1751636345/greenroasteries/products/products/NT-PS-NR.webp,Green Roasteries,"Food, Beverages & Tobacco > Food Items > Snack Foods > Nuts & Seeds",NUTS & DRIED FRUITS,,,0f6ae743-5019-4a43-9bc3-be45a576c8d1,Brown,250g,Coffee,unisex,adult,en,Premium Origin,NUTS & DRIED FRUITS,Medium Roast,Arabica Beans
1680e655-6581-4789-bba3-7e7cb6659c6c_ar,فستق حلبي بالليمون - 500g,تم تحميص حبات الفستق الحلبي عالية الجودة جافًا برفق لإبراز نكهتها الزبدية الطبيعية، ثم تُمَلَّح برفق بملح البحر. عند تشقّق القشرة البيضاء الكريمية، تظهر اللبّ الأخضر الياقوتي الناعم، متوازنًا تمامًا بين المذاق اللذيذ والفوائد المغذية. يمكن تناولها مباشرة من الوعاء، أو رشّها على الزبادي والسلطات لإضفاء قرمشة مرضية، أو تقديمها مع الجبنة والفواكه لتحضير وجبة خفيفة فاخرة بسهولة.,in stock,new,67.95 AED,https://thegreenroasteries.com/product/lemon-pistachios?lang=ar,https://res.cloudinary.com/dgcexgq5g/image/upload/v1751636345/greenroasteries/products/products/NT-PS-NR.webp,المحامص الخضراء,"Food, Beverages & Tobacco > Beverages > Coffee",مكسرات وفواكه مجففة,,,0f6ae743-5019-4a43-9bc3-be45a576c8d1,Brown,500g,قهوة,unisex,adult,ar,أصل مميز,مكسرات وفواكه مجففة,تحميص متوسط,حبوب عربية
8fa00485-8568-4aeb-ab98-ba9a155278fb_ar,فستق حلبي بالليمون - 1000g,تم تحميص حبات الفستق الحلبي عالية الجودة جافًا برفق لإبراز نكهتها الزبدية الطبيعية، ثم تُمَلَّح برفق بملح البحر. عند تشقّق القشرة البيضاء الكريمية، تظهر اللبّ الأخضر الياقوتي الناعم، متوازنًا تمامًا بين المذاق اللذيذ والفوائد المغذية. يمكن تناولها مباشرة من الوعاء، أو رشّها على الزبادي والسلطات لإضفاء قرمشة مرضية، أو تقديمها مع الجبنة والفواكه لتحضير وجبة خفيفة فاخرة بسهولة.,in stock,new,125.95 AED,https://thegreenroasteries.com/product/lemon-pistachios?lang=ar,https://res.cloudinary.com/dgcexgq5g/image/upload/v1751636345/greenroasteries/products/products/NT-PS-NR.webp,المحامص الخضراء,"Food, Beverages & Tobacco > Beverages > Coffee",مكسرات وفواكه مجففة,,,0f6ae743-5019-4a43-9bc3-be45a576c8d1,Brown,1000g,قهوة,unisex,adult,ar,أصل مميز,مكسرات وفواكه مجففة,تحميص متوسط,حبوب عربية
2570bcaf-1246-4a39-a51e-532c45c7ed1a_ar,فستق حلبي بالليمون - 250g,تم تحميص حبات الفستق الحلبي عالية الجودة جافًا برفق لإبراز نكهتها الزبدية الطبيعية، ثم تُمَلَّح برفق بملح البحر. عند تشقّق القشرة البيضاء الكريمية، تظهر اللبّ الأخضر الياقوتي الناعم، متوازنًا تمامًا بين المذاق اللذيذ والفوائد المغذية. يمكن تناولها مباشرة من الوعاء، أو رشّها على الزبادي والسلطات لإضفاء قرمشة مرضية، أو تقديمها مع الجبنة والفواكه لتحضير وجبة خفيفة فاخرة بسهولة.,in stock,new,49.95 AED,https://thegreenroasteries.com/product/lemon-pistachios?lang=ar,https://res.cloudinary.com/dgcexgq5g/image/upload/v1751636345/greenroasteries/products/products/NT-PS-NR.webp,المحامص الخضراء,"Food, Beverages & Tobacco > Beverages > Coffee",مكسرات وفواكه مجففة,,,0f6ae743-5019-4a43-9bc3-be45a576c8d1,Brown,250g,قهوة,unisex,adult,ar,أصل مميز,مكسرات وفواكه مجففة,تحميص متوسط,حبوب عربية
402ad561-705b-40cb-9613-6b37170a71c3_en,Lemon Roasted Almonds - 250g,"Bring the backyard grill experience to your snack bowl with our Smoky BBQ Roasted Almonds. We start with premium whole almonds, dry-roasting them to a crunchy golden finish, then coat them in a rich blend of smoky paprika, tomato powder, brown sugar, garlic, onion, and a pinch of sea salt. The result is a harmonious balance of sweet, savory, and smoky flavors that deliver mouthwatering satisfaction in every bite. Perfect for snacking straight from the pack, tossing into salads, or pairing with cheese and charcuterie for a gourmet twist.",in stock,new,27.95 AED,https://thegreenroasteries.com/product/lemon-roasted-almonds,https://res.cloudinary.com/dgcexgq5g/image/upload/v1751636335/greenroasteries/products/products/ALMD-BBQ.jpg,Green Roasteries,"Food, Beverages & Tobacco > Food Items > Snack Foods > Nuts & Seeds",NUTS & DRIED FRUITS,,,f4ba0144-bf07-4c27-b235-76c79305efed,Brown,250g,Coffee,unisex,adult,en,Premium Origin,NUTS & DRIED FRUITS,Medium Roast,Arabica Beans
97f4325e-e6ee-40c1-8634-b10f320f541c_en,Lemon Roasted Almonds - 500g,"Bring the backyard grill experience to your snack bowl with our Smoky BBQ Roasted Almonds. We start with premium whole almonds, dry-roasting them to a crunchy golden finish, then coat them in a rich blend of smoky paprika, tomato powder, brown sugar, garlic, onion, and a pinch of sea salt. The result is a harmonious balance of sweet, savory, and smoky flavors that deliver mouthwatering satisfaction in every bite. Perfect for snacking straight from the pack, tossing into salads, or pairing with cheese and charcuterie for a gourmet twist.",in stock,new,46.95 AED,https://thegreenroasteries.com/product/lemon-roasted-almonds,https://res.cloudinary.com/dgcexgq5g/image/upload/v1751636335/greenroasteries/products/products/ALMD-BBQ.jpg,Green Roasteries,"Food, Beverages & Tobacco > Food Items > Snack Foods > Nuts & Seeds",NUTS & DRIED FRUITS,,,f4ba0144-bf07-4c27-b235-76c79305efed,Brown,500g,Coffee,unisex,adult,en,Premium Origin,NUTS & DRIED FRUITS,Medium Roast,Arabica Beans
9cda9765-243b-49f4-ab23-b33b80185f79_en,Lemon Roasted Almonds - 1000g,"Bring the backyard grill experience to your snack bowl with our Smoky BBQ Roasted Almonds. We start with premium whole almonds, dry-roasting them to a crunchy golden finish, then coat them in a rich blend of smoky paprika, tomato powder, brown sugar, garlic, onion, and a pinch of sea salt. The result is a harmonious balance of sweet, savory, and smoky flavors that deliver mouthwatering satisfaction in every bite. Perfect for snacking straight from the pack, tossing into salads, or pairing with cheese and charcuterie for a gourmet twist.",in stock,new,67.95 AED,https://thegreenroasteries.com/product/lemon-roasted-almonds,https://res.cloudinary.com/dgcexgq5g/image/upload/v1751636335/greenroasteries/products/products/ALMD-BBQ.jpg,Green Roasteries,"Food, Beverages & Tobacco > Food Items > Snack Foods > Nuts & Seeds",NUTS & DRIED FRUITS,,,f4ba0144-bf07-4c27-b235-76c79305efed,Brown,1000g,Coffee,unisex,adult,en,Premium Origin,NUTS & DRIED FRUITS,Medium Roast,Arabica Beans
402ad561-705b-40cb-9613-6b37170a71c3_ar,لوز محمص بتتبيلة الباربكيو المدخن - 250g,استمتع بنكهات الشواء المميزة مع لوز محمص بتتبيلة الباربكيو المدخن. نأخذ حبات اللوز الفاخرة ونحمصها جافاً حتى تصبح مقرمشة وذهبية اللون، ثم نغلفها بمزيج غني من البابريكا المدخنة، ومسحوق الطماطم، والسكر البني، والثوم، والبصل، ورشة من ملح البحر. النتيجة تناغم مثالي بين الحلاوة والملوحة والدخان في كل قضمة. مثالي للتناول مباشرة، أو إضافته إلى السلطات، أو تقديمه مع الجبن والشاركوتيري لإضفاء لمسة فاخرة.,in stock,new,27.95 AED,https://thegreenroasteries.com/product/lemon-roasted-almonds?lang=ar,https://res.cloudinary.com/dgcexgq5g/image/upload/v1751636335/greenroasteries/products/products/ALMD-BBQ.jpg,المحامص الخضراء,"Food, Beverages & Tobacco > Beverages > Coffee",مكسرات وفواكه مجففة,,,f4ba0144-bf07-4c27-b235-76c79305efed,Brown,250g,قهوة,unisex,adult,ar,أصل مميز,مكسرات وفواكه مجففة,تحميص متوسط,حبوب عربية
97f4325e-e6ee-40c1-8634-b10f320f541c_ar,لوز محمص بتتبيلة الباربكيو المدخن - 500g,استمتع بنكهات الشواء المميزة مع لوز محمص بتتبيلة الباربكيو المدخن. نأخذ حبات اللوز الفاخرة ونحمصها جافاً حتى تصبح مقرمشة وذهبية اللون، ثم نغلفها بمزيج غني من البابريكا المدخنة، ومسحوق الطماطم، والسكر البني، والثوم، والبصل، ورشة من ملح البحر. النتيجة تناغم مثالي بين الحلاوة والملوحة والدخان في كل قضمة. مثالي للتناول مباشرة، أو إضافته إلى السلطات، أو تقديمه مع الجبن والشاركوتيري لإضفاء لمسة فاخرة.,in stock,new,46.95 AED,https://thegreenroasteries.com/product/lemon-roasted-almonds?lang=ar,https://res.cloudinary.com/dgcexgq5g/image/upload/v1751636335/greenroasteries/products/products/ALMD-BBQ.jpg,المحامص الخضراء,"Food, Beverages & Tobacco > Beverages > Coffee",مكسرات وفواكه مجففة,,,f4ba0144-bf07-4c27-b235-76c79305efed,Brown,500g,قهوة,unisex,adult,ar,أصل مميز,مكسرات وفواكه مجففة,تحميص متوسط,حبوب عربية
9cda9765-243b-49f4-ab23-b33b80185f79_ar,لوز محمص بتتبيلة الباربكيو المدخن - 1000g,استمتع بنكهات الشواء المميزة مع لوز محمص بتتبيلة الباربكيو المدخن. نأخذ حبات اللوز الفاخرة ونحمصها جافاً حتى تصبح مقرمشة وذهبية اللون، ثم نغلفها بمزيج غني من البابريكا المدخنة، ومسحوق الطماطم، والسكر البني، والثوم، والبصل، ورشة من ملح البحر. النتيجة تناغم مثالي بين الحلاوة والملوحة والدخان في كل قضمة. مثالي للتناول مباشرة، أو إضافته إلى السلطات، أو تقديمه مع الجبن والشاركوتيري لإضفاء لمسة فاخرة.,in stock,new,67.95 AED,https://thegreenroasteries.com/product/lemon-roasted-almonds?lang=ar,https://res.cloudinary.com/dgcexgq5g/image/upload/v1751636335/greenroasteries/products/products/ALMD-BBQ.jpg,المحامص الخضراء,"Food, Beverages & Tobacco > Beverages > Coffee",مكسرات وفواكه مجففة,,,f4ba0144-bf07-4c27-b235-76c79305efed,Brown,1000g,قهوة,unisex,adult,ar,أصل مميز,مكسرات وفواكه مجففة,تحميص متوسط,حبوب عربية
efca85bd-d294-4ed4-9c8d-ff73553ad420_en,Morning Blend - 1000g Ground grains,A distinctive crop of green roasters with rich and beautiful notes that suit lovers of classic filter drinks that are free of complexity. The sweetness of the crop is highlighted with milk drinks of all kinds. This crop is considered a special blend of our selection of the finest crops.,in stock,new,215.00 AED,https://thegreenroasteries.com/product/morning-blend,https://res.cloudinary.com/dgcexgq5g/image/upload/v1751636409/greenroasteries/variations/variations/MOR-BLE-MED-ROAS_var_efca85bd-d294-4ed4-9c8d-ff73553ad420.webp,Green Roasteries,"Food, Beverages & Tobacco > Beverages > Coffee",FILTER COFFEE,https://res.cloudinary.com/dgcexgq5g/image/upload/v1751636772/greenroasteries/gallery/gallery/MOR-BLE-MED-ROAS_img_9ab22e86-db30-4922-b090-4bc7cdb48eba.webp,,3c595eef-02a0-4d2a-967e-891644b63039,Brown,1000g,Coffee,unisex,adult,en,Morning Blend,FILTER COFFEE,Medium Roast,Ground grains
36dd6748-b141-44c4-9a35-5d12fd0a32d5_en,Morning Blend - 500g whole beans,A distinctive crop of green roasters with rich and beautiful notes that suit lovers of classic filter drinks that are free of complexity. The sweetness of the crop is highlighted with milk drinks of all kinds. This crop is considered a special blend of our selection of the finest crops.,in stock,new,115.00 AED,https://thegreenroasteries.com/product/morning-blend,https://res.cloudinary.com/dgcexgq5g/image/upload/v1751636450/greenroasteries/variations/variations/MOR-BLE-MED-ROAS_var_36dd6748-b141-44c4-9a35-5d12fd0a32d5.webp,Green Roasteries,"Food, Beverages & Tobacco > Beverages > Coffee",FILTER COFFEE,https://res.cloudinary.com/dgcexgq5g/image/upload/v1751636772/greenroasteries/gallery/gallery/MOR-BLE-MED-ROAS_img_9ab22e86-db30-4922-b090-4bc7cdb48eba.webp,,3c595eef-02a0-4d2a-967e-891644b63039,Brown,500g,Coffee,unisex,adult,en,Morning Blend,FILTER COFFEE,Medium Roast,whole beans
2d1172b2-0817-412e-8c80-7525b1717913_en,Morning Blend - 250g Ground grains,A distinctive crop of green roasters with rich and beautiful notes that suit lovers of classic filter drinks that are free of complexity. The sweetness of the crop is highlighted with milk drinks of all kinds. This crop is considered a special blend of our selection of the finest crops.,in stock,new,64.95 AED,https://thegreenroasteries.com/product/morning-blend,https://res.cloudinary.com/dgcexgq5g/image/upload/v1751636617/greenroasteries/variations/variations/MOR-BLE-MED-ROAS_var_2d1172b2-0817-412e-8c80-7525b1717913.webp,Green Roasteries,"Food, Beverages & Tobacco > Beverages > Coffee",FILTER COFFEE,https://res.cloudinary.com/dgcexgq5g/image/upload/v1751636772/greenroasteries/gallery/gallery/MOR-BLE-MED-ROAS_img_9ab22e86-db30-4922-b090-4bc7cdb48eba.webp,,3c595eef-02a0-4d2a-967e-891644b63039,Brown,250g,Coffee,unisex,adult,en,Morning Blend,FILTER COFFEE,Medium Roast,Ground grains
893a57f2-c7ba-4b89-82d3-a56ca3454873_en,Morning Blend - 500g Ground grains,A distinctive crop of green roasters with rich and beautiful notes that suit lovers of classic filter drinks that are free of complexity. The sweetness of the crop is highlighted with milk drinks of all kinds. This crop is considered a special blend of our selection of the finest crops.,in stock,new,115.00 AED,https://thegreenroasteries.com/product/morning-blend,https://res.cloudinary.com/dgcexgq5g/image/upload/v1751636653/greenroasteries/variations/variations/MOR-BLE-MED-ROAS_var_893a57f2-c7ba-4b89-82d3-a56ca3454873.webp,Green Roasteries,"Food, Beverages & Tobacco > Beverages > Coffee",FILTER COFFEE,https://res.cloudinary.com/dgcexgq5g/image/upload/v1751636772/greenroasteries/gallery/gallery/MOR-BLE-MED-ROAS_img_9ab22e86-db30-4922-b090-4bc7cdb48eba.webp,,3c595eef-02a0-4d2a-967e-891644b63039,Brown,500g,Coffee,unisex,adult,en,Morning Blend,FILTER COFFEE,Medium Roast,Ground grains
384d355d-00fe-4720-acc1-c7b9e3ec116e_en,Morning Blend - 1000g whole beans,A distinctive crop of green roasters with rich and beautiful notes that suit lovers of classic filter drinks that are free of complexity. The sweetness of the crop is highlighted with milk drinks of all kinds. This crop is considered a special blend of our selection of the finest crops.,in stock,new,215.00 AED,https://thegreenroasteries.com/product/morning-blend,https://res.cloudinary.com/dgcexgq5g/image/upload/v1751636419/greenroasteries/variations/variations/MOR-BLE-MED-ROAS_var_384d355d-00fe-4720-acc1-c7b9e3ec116e.webp,Green Roasteries,"Food, Beverages & Tobacco > Beverages > Coffee",FILTER COFFEE,https://res.cloudinary.com/dgcexgq5g/image/upload/v1751636772/greenroasteries/gallery/gallery/MOR-BLE-MED-ROAS_img_9ab22e86-db30-4922-b090-4bc7cdb48eba.webp,,3c595eef-02a0-4d2a-967e-891644b63039,Brown,1000g,Coffee,unisex,adult,en,Morning Blend,FILTER COFFEE,Medium Roast,whole beans
6d411896-d58f-498d-b6d9-60f03c8275ff_en,Morning Blend - 250g whole beans,A distinctive crop of green roasters with rich and beautiful notes that suit lovers of classic filter drinks that are free of complexity. The sweetness of the crop is highlighted with milk drinks of all kinds. This crop is considered a special blend of our selection of the finest crops.,in stock,new,64.95 AED,https://thegreenroasteries.com/product/morning-blend,https://res.cloudinary.com/dgcexgq5g/image/upload/v1751636618/greenroasteries/variations/variations/MOR-BLE-MED-ROAS_var_6d411896-d58f-498d-b6d9-60f03c8275ff.webp,Green Roasteries,"Food, Beverages & Tobacco > Beverages > Coffee",FILTER COFFEE,https://res.cloudinary.com/dgcexgq5g/image/upload/v1751636772/greenroasteries/gallery/gallery/MOR-BLE-MED-ROAS_img_9ab22e86-db30-4922-b090-4bc7cdb48eba.webp,,3c595eef-02a0-4d2a-967e-891644b63039,Brown,250g,Coffee,unisex,adult,en,Morning Blend,FILTER COFFEE,Medium Roast,whole beans
efca85bd-d294-4ed4-9c8d-ff73553ad420_ar,خلطـــة الصبـــاح - 1000g حبوب مطحونة,محصول مميز من المحامص الخضراء يتمتع المحصول بنوتات غنية وجميلة تتناسب مع محبي مشروبات الفلتر الكالسيكي الخالي من التعقيد وتبرز حالوة المحصول مع مشروبات الحليب بكل أنواعه ويعتبر هذا المحصول مزيج خاص من اختيارنا الجود المحاصيل.,in stock,new,215.00 AED,https://thegreenroasteries.com/product/morning-blend?lang=ar,https://res.cloudinary.com/dgcexgq5g/image/upload/v1751636409/greenroasteries/variations/variations/MOR-BLE-MED-ROAS_var_efca85bd-d294-4ed4-9c8d-ff73553ad420.webp,المحامص الخضراء,"Food, Beverages & Tobacco > Beverages > Coffee",قهوة مقطرة,https://res.cloudinary.com/dgcexgq5g/image/upload/v1751636772/greenroasteries/gallery/gallery/MOR-BLE-MED-ROAS_img_9ab22e86-db30-4922-b090-4bc7cdb48eba.webp,,3c595eef-02a0-4d2a-967e-891644b63039,Brown,1000g,قهوة,unisex,adult,ar,Morning Blend,قهوة مقطرة,تحميص متوسط,حبوب مطحونة
36dd6748-b141-44c4-9a35-5d12fd0a32d5_ar,خلطـــة الصبـــاح - 500g حبوب كاملة,محصول مميز من المحامص الخضراء يتمتع المحصول بنوتات غنية وجميلة تتناسب مع محبي مشروبات الفلتر الكالسيكي الخالي من التعقيد وتبرز حالوة المحصول مع مشروبات الحليب بكل أنواعه ويعتبر هذا المحصول مزيج خاص من اختيارنا الجود المحاصيل.,in stock,new,115.00 AED,https://thegreenroasteries.com/product/morning-blend?lang=ar,https://res.cloudinary.com/dgcexgq5g/image/upload/v1751636450/greenroasteries/variations/variations/MOR-BLE-MED-ROAS_var_36dd6748-b141-44c4-9a35-5d12fd0a32d5.webp,المحامص الخضراء,"Food, Beverages & Tobacco > Beverages > Coffee",قهوة مقطرة,https://res.cloudinary.com/dgcexgq5g/image/upload/v1751636772/greenroasteries/gallery/gallery/MOR-BLE-MED-ROAS_img_9ab22e86-db30-4922-b090-4bc7cdb48eba.webp,,3c595eef-02a0-4d2a-967e-891644b63039,Brown,500g,قهوة,unisex,adult,ar,Morning Blend,قهوة مقطرة,تحميص متوسط,حبوب كاملة
2d1172b2-0817-412e-8c80-7525b1717913_ar,خلطـــة الصبـــاح - 250g حبوب مطحونة,محصول مميز من المحامص الخضراء يتمتع المحصول بنوتات غنية وجميلة تتناسب مع محبي مشروبات الفلتر الكالسيكي الخالي من التعقيد وتبرز حالوة المحصول مع مشروبات الحليب بكل أنواعه ويعتبر هذا المحصول مزيج خاص من اختيارنا الجود المحاصيل.,in stock,new,64.95 AED,https://thegreenroasteries.com/product/morning-blend?lang=ar,https://res.cloudinary.com/dgcexgq5g/image/upload/v1751636617/greenroasteries/variations/variations/MOR-BLE-MED-ROAS_var_2d1172b2-0817-412e-8c80-7525b1717913.webp,المحامص الخضراء,"Food, Beverages & Tobacco > Beverages > Coffee",قهوة مقطرة,https://res.cloudinary.com/dgcexgq5g/image/upload/v1751636772/greenroasteries/gallery/gallery/MOR-BLE-MED-ROAS_img_9ab22e86-db30-4922-b090-4bc7cdb48eba.webp,,3c595eef-02a0-4d2a-967e-891644b63039,Brown,250g,قهوة,unisex,adult,ar,Morning Blend,قهوة مقطرة,تحميص متوسط,حبوب مطحونة
893a57f2-c7ba-4b89-82d3-a56ca3454873_ar,خلطـــة الصبـــاح - 500g حبوب مطحونة,محصول مميز من المحامص الخضراء يتمتع المحصول بنوتات غنية وجميلة تتناسب مع محبي مشروبات الفلتر الكالسيكي الخالي من التعقيد وتبرز حالوة المحصول مع مشروبات الحليب بكل أنواعه ويعتبر هذا المحصول مزيج خاص من اختيارنا الجود المحاصيل.,in stock,new,115.00 AED,https://thegreenroasteries.com/product/morning-blend?lang=ar,https://res.cloudinary.com/dgcexgq5g/image/upload/v1751636653/greenroasteries/variations/variations/MOR-BLE-MED-ROAS_var_893a57f2-c7ba-4b89-82d3-a56ca3454873.webp,المحامص الخضراء,"Food, Beverages & Tobacco > Beverages > Coffee",قهوة مقطرة,https://res.cloudinary.com/dgcexgq5g/image/upload/v1751636772/greenroasteries/gallery/gallery/MOR-BLE-MED-ROAS_img_9ab22e86-db30-4922-b090-4bc7cdb48eba.webp,,3c595eef-02a0-4d2a-967e-891644b63039,Brown,500g,قهوة,unisex,adult,ar,Morning Blend,قهوة مقطرة,تحميص متوسط,حبوب مطحونة
384d355d-00fe-4720-acc1-c7b9e3ec116e_ar,خلطـــة الصبـــاح - 1000g حبوب كاملة,محصول مميز من المحامص الخضراء يتمتع المحصول بنوتات غنية وجميلة تتناسب مع محبي مشروبات الفلتر الكالسيكي الخالي من التعقيد وتبرز حالوة المحصول مع مشروبات الحليب بكل أنواعه ويعتبر هذا المحصول مزيج خاص من اختيارنا الجود المحاصيل.,in stock,new,215.00 AED,https://thegreenroasteries.com/product/morning-blend?lang=ar,https://res.cloudinary.com/dgcexgq5g/image/upload/v1751636419/greenroasteries/variations/variations/MOR-BLE-MED-ROAS_var_384d355d-00fe-4720-acc1-c7b9e3ec116e.webp,المحامص الخضراء,"Food, Beverages & Tobacco > Beverages > Coffee",قهوة مقطرة,https://res.cloudinary.com/dgcexgq5g/image/upload/v1751636772/greenroasteries/gallery/gallery/MOR-BLE-MED-ROAS_img_9ab22e86-db30-4922-b090-4bc7cdb48eba.webp,,3c595eef-02a0-4d2a-967e-891644b63039,Brown,1000g,قهوة,unisex,adult,ar,Morning Blend,قهوة مقطرة,تحميص متوسط,حبوب كاملة
6d411896-d58f-498d-b6d9-60f03c8275ff_ar,خلطـــة الصبـــاح - 250g حبوب كاملة,محصول مميز من المحامص الخضراء يتمتع المحصول بنوتات غنية وجميلة تتناسب مع محبي مشروبات الفلتر الكالسيكي الخالي من التعقيد وتبرز حالوة المحصول مع مشروبات الحليب بكل أنواعه ويعتبر هذا المحصول مزيج خاص من اختيارنا الجود المحاصيل.,in stock,new,64.95 AED,https://thegreenroasteries.com/product/morning-blend?lang=ar,https://res.cloudinary.com/dgcexgq5g/image/upload/v1751636618/greenroasteries/variations/variations/MOR-BLE-MED-ROAS_var_6d411896-d58f-498d-b6d9-60f03c8275ff.webp,المحامص الخضراء,"Food, Beverages & Tobacco > Beverages > Coffee",قهوة مقطرة,https://res.cloudinary.com/dgcexgq5g/image/upload/v1751636772/greenroasteries/gallery/gallery/MOR-BLE-MED-ROAS_img_9ab22e86-db30-4922-b090-4bc7cdb48eba.webp,,3c595eef-02a0-4d2a-967e-891644b63039,Brown,250g,قهوة,unisex,adult,ar,Morning Blend,قهوة مقطرة,تحميص متوسط,حبوب كاملة
73e28265-9021-4e39-9016-aeaf7370c02d_en,Morning blend - 500g Ground grains,A distinctive crop of green roasters with rich and beautiful notes that suit lovers of classic filter drinks that are free of complexity. The sweetness of the crop is highlighted with milk drinks of all kinds. This crop is considered a special blend of our selection of the finest crops.,in stock,new,115.00 AED,https://thegreenroasteries.com/product/morning-blend,https://res.cloudinary.com/dgcexgq5g/image/upload/v1751636581/greenroasteries/variations/variations/ESS-MOR-BL_var_73e28265-9021-4e39-9016-aeaf7370c02d.webp,Green Roasteries,"Food, Beverages & Tobacco > Beverages > Coffee",ESPRESSO ROAST,https://res.cloudinary.com/dgcexgq5g/image/upload/v1751636746/greenroasteries/gallery/gallery/ESS-MOR-BL_img_24c42783-5fe0-4d35-868c-5987d91de845.webp,,68d3a46c-ff7f-415e-844b-3507f3caa40a,Brown,500g,Coffee,unisex,adult,en,Premium Origin,ESPRESSO ROAST,Medium Roast,Ground grains
b49bed4f-44c8-41c3-9a90-e6cb83f508b2_en,Morning blend - 250g Ground grains,A distinctive crop of green roasters with rich and beautiful notes that suit lovers of classic filter drinks that are free of complexity. The sweetness of the crop is highlighted with milk drinks of all kinds. This crop is considered a special blend of our selection of the finest crops.,in stock,new,64.95 AED,https://thegreenroasteries.com/product/morning-blend,https://res.cloudinary.com/dgcexgq5g/image/upload/v1751636643/greenroasteries/variations/variations/ESS-MOR-BL_var_b49bed4f-44c8-41c3-9a90-e6cb83f508b2.webp,Green Roasteries,"Food, Beverages & Tobacco > Beverages > Coffee",ESPRESSO ROAST,https://res.cloudinary.com/dgcexgq5g/image/upload/v1751636746/greenroasteries/gallery/gallery/ESS-MOR-BL_img_24c42783-5fe0-4d35-868c-5987d91de845.webp,,68d3a46c-ff7f-415e-844b-3507f3caa40a,Brown,250g,Coffee,unisex,adult,en,Premium Origin,ESPRESSO ROAST,Medium Roast,Ground grains
c42fab50-df44-430a-aadb-cc28d4f81a2b_en,Morning blend - 250g whole beans,A distinctive crop of green roasters with rich and beautiful notes that suit lovers of classic filter drinks that are free of complexity. The sweetness of the crop is highlighted with milk drinks of all kinds. This crop is considered a special blend of our selection of the finest crops.,in stock,new,64.95 AED,https://thegreenroasteries.com/product/morning-blend,https://res.cloudinary.com/dgcexgq5g/image/upload/v1751636637/greenroasteries/variations/variations/ESS-MOR-BL_var_c42fab50-df44-430a-aadb-cc28d4f81a2b.webp,Green Roasteries,"Food, Beverages & Tobacco > Beverages > Coffee",ESPRESSO ROAST,https://res.cloudinary.com/dgcexgq5g/image/upload/v1751636746/greenroasteries/gallery/gallery/ESS-MOR-BL_img_24c42783-5fe0-4d35-868c-5987d91de845.webp,,68d3a46c-ff7f-415e-844b-3507f3caa40a,Brown,250g,Coffee,unisex,adult,en,Premium Origin,ESPRESSO ROAST,Medium Roast,whole beans
66fdd6b4-0e4b-446b-a673-5bcf647ea348_en,Morning blend - 500g whole beans,A distinctive crop of green roasters with rich and beautiful notes that suit lovers of classic filter drinks that are free of complexity. The sweetness of the crop is highlighted with milk drinks of all kinds. This crop is considered a special blend of our selection of the finest crops.,in stock,new,115.00 AED,https://thegreenroasteries.com/product/morning-blend,https://res.cloudinary.com/dgcexgq5g/image/upload/v1751636664/greenroasteries/variations/variations/ESS-MOR-BL_var_66fdd6b4-0e4b-446b-a673-5bcf647ea348.webp,Green Roasteries,"Food, Beverages & Tobacco > Beverages > Coffee",ESPRESSO ROAST,https://res.cloudinary.com/dgcexgq5g/image/upload/v1751636746/greenroasteries/gallery/gallery/ESS-MOR-BL_img_24c42783-5fe0-4d35-868c-5987d91de845.webp,,68d3a46c-ff7f-415e-844b-3507f3caa40a,Brown,500g,Coffee,unisex,adult,en,Premium Origin,ESPRESSO ROAST,Medium Roast,whole beans
3eacb312-33c6-44a3-ad0f-bc42b3933103_en,Morning blend - 1000g whole beans,A distinctive crop of green roasters with rich and beautiful notes that suit lovers of classic filter drinks that are free of complexity. The sweetness of the crop is highlighted with milk drinks of all kinds. This crop is considered a special blend of our selection of the finest crops.,in stock,new,215.00 AED,https://thegreenroasteries.com/product/morning-blend,https://res.cloudinary.com/dgcexgq5g/image/upload/v1751636403/greenroasteries/variations/variations/ESS-MOR-BL_var_3eacb312-33c6-44a3-ad0f-bc42b3933103.webp,Green Roasteries,"Food, Beverages & Tobacco > Beverages > Coffee",ESPRESSO ROAST,https://res.cloudinary.com/dgcexgq5g/image/upload/v1751636746/greenroasteries/gallery/gallery/ESS-MOR-BL_img_24c42783-5fe0-4d35-868c-5987d91de845.webp,,68d3a46c-ff7f-415e-844b-3507f3caa40a,Brown,1000g,Coffee,unisex,adult,en,Premium Origin,ESPRESSO ROAST,Medium Roast,whole beans
2e5b67f6-d9ce-4330-b2ed-f741e503c153_en,Morning blend - 1000g Ground grains,A distinctive crop of green roasters with rich and beautiful notes that suit lovers of classic filter drinks that are free of complexity. The sweetness of the crop is highlighted with milk drinks of all kinds. This crop is considered a special blend of our selection of the finest crops.,in stock,new,215.00 AED,https://thegreenroasteries.com/product/morning-blend,https://res.cloudinary.com/dgcexgq5g/image/upload/v1751636537/greenroasteries/variations/variations/ESS-MOR-BL_var_2e5b67f6-d9ce-4330-b2ed-f741e503c153.webp,Green Roasteries,"Food, Beverages & Tobacco > Beverages > Coffee",ESPRESSO ROAST,https://res.cloudinary.com/dgcexgq5g/image/upload/v1751636746/greenroasteries/gallery/gallery/ESS-MOR-BL_img_24c42783-5fe0-4d35-868c-5987d91de845.webp,,68d3a46c-ff7f-415e-844b-3507f3caa40a,Brown,1000g,Coffee,unisex,adult,en,Premium Origin,ESPRESSO ROAST,Medium Roast,Ground grains
73e28265-9021-4e39-9016-aeaf7370c02d_ar,خلطـــة الصبـــاح - 500g حبوب مطحونة,تعتبر من أشهر مناطق إنتاج القهوة في نيكاراغوا، حيث تتميز بمذاقها السلس والمتوازن باإلضافة إلى نكهة الشوكوالتة، ويمكن استخدامها لتحضير مجموعة واسعة من أنماط القهوة.,in stock,new,115.00 AED,https://thegreenroasteries.com/product/morning-blend?lang=ar,https://res.cloudinary.com/dgcexgq5g/image/upload/v1751636581/greenroasteries/variations/variations/ESS-MOR-BL_var_73e28265-9021-4e39-9016-aeaf7370c02d.webp,المحامص الخضراء,"Food, Beverages & Tobacco > Beverages > Coffee",تحميص الإسبريسو,https://res.cloudinary.com/dgcexgq5g/image/upload/v1751636746/greenroasteries/gallery/gallery/ESS-MOR-BL_img_24c42783-5fe0-4d35-868c-5987d91de845.webp,,68d3a46c-ff7f-415e-844b-3507f3caa40a,Brown,500g,قهوة,unisex,adult,ar,أصل مميز,تحميص الإسبريسو,تحميص متوسط,حبوب مطحونة
b49bed4f-44c8-41c3-9a90-e6cb83f508b2_ar,خلطـــة الصبـــاح - 250g حبوب مطحونة,تعتبر من أشهر مناطق إنتاج القهوة في نيكاراغوا، حيث تتميز بمذاقها السلس والمتوازن باإلضافة إلى نكهة الشوكوالتة، ويمكن استخدامها لتحضير مجموعة واسعة من أنماط القهوة.,in stock,new,64.95 AED,https://thegreenroasteries.com/product/morning-blend?lang=ar,https://res.cloudinary.com/dgcexgq5g/image/upload/v1751636643/greenroasteries/variations/variations/ESS-MOR-BL_var_b49bed4f-44c8-41c3-9a90-e6cb83f508b2.webp,المحامص الخضراء,"Food, Beverages & Tobacco > Beverages > Coffee",تحميص الإسبريسو,https://res.cloudinary.com/dgcexgq5g/image/upload/v1751636746/greenroasteries/gallery/gallery/ESS-MOR-BL_img_24c42783-5fe0-4d35-868c-5987d91de845.webp,,68d3a46c-ff7f-415e-844b-3507f3caa40a,Brown,250g,قهوة,unisex,adult,ar,أصل مميز,تحميص الإسبريسو,تحميص متوسط,حبوب مطحونة
c42fab50-df44-430a-aadb-cc28d4f81a2b_ar,خلطـــة الصبـــاح - 250g حبوب كاملة,تعتبر من أشهر مناطق إنتاج القهوة في نيكاراغوا، حيث تتميز بمذاقها السلس والمتوازن باإلضافة إلى نكهة الشوكوالتة، ويمكن استخدامها لتحضير مجموعة واسعة من أنماط القهوة.,in stock,new,64.95 AED,https://thegreenroasteries.com/product/morning-blend?lang=ar,https://res.cloudinary.com/dgcexgq5g/image/upload/v1751636637/greenroasteries/variations/variations/ESS-MOR-BL_var_c42fab50-df44-430a-aadb-cc28d4f81a2b.webp,المحامص الخضراء,"Food, Beverages & Tobacco > Beverages > Coffee",تحميص الإسبريسو,https://res.cloudinary.com/dgcexgq5g/image/upload/v1751636746/greenroasteries/gallery/gallery/ESS-MOR-BL_img_24c42783-5fe0-4d35-868c-5987d91de845.webp,,68d3a46c-ff7f-415e-844b-3507f3caa40a,Brown,250g,قهوة,unisex,adult,ar,أصل مميز,تحميص الإسبريسو,تحميص متوسط,حبوب كاملة
66fdd6b4-0e4b-446b-a673-5bcf647ea348_ar,خلطـــة الصبـــاح - 500g حبوب كاملة,تعتبر من أشهر مناطق إنتاج القهوة في نيكاراغوا، حيث تتميز بمذاقها السلس والمتوازن باإلضافة إلى نكهة الشوكوالتة، ويمكن استخدامها لتحضير مجموعة واسعة من أنماط القهوة.,in stock,new,115.00 AED,https://thegreenroasteries.com/product/morning-blend?lang=ar,https://res.cloudinary.com/dgcexgq5g/image/upload/v1751636664/greenroasteries/variations/variations/ESS-MOR-BL_var_66fdd6b4-0e4b-446b-a673-5bcf647ea348.webp,المحامص الخضراء,"Food, Beverages & Tobacco > Beverages > Coffee",تحميص الإسبريسو,https://res.cloudinary.com/dgcexgq5g/image/upload/v1751636746/greenroasteries/gallery/gallery/ESS-MOR-BL_img_24c42783-5fe0-4d35-868c-5987d91de845.webp,,68d3a46c-ff7f-415e-844b-3507f3caa40a,Brown,500g,قهوة,unisex,adult,ar,أصل مميز,تحميص الإسبريسو,تحميص متوسط,حبوب كاملة
3eacb312-33c6-44a3-ad0f-bc42b3933103_ar,خلطـــة الصبـــاح - 1000g حبوب كاملة,تعتبر من أشهر مناطق إنتاج القهوة في نيكاراغوا، حيث تتميز بمذاقها السلس والمتوازن باإلضافة إلى نكهة الشوكوالتة، ويمكن استخدامها لتحضير مجموعة واسعة من أنماط القهوة.,in stock,new,215.00 AED,https://thegreenroasteries.com/product/morning-blend?lang=ar,https://res.cloudinary.com/dgcexgq5g/image/upload/v1751636403/greenroasteries/variations/variations/ESS-MOR-BL_var_3eacb312-33c6-44a3-ad0f-bc42b3933103.webp,المحامص الخضراء,"Food, Beverages & Tobacco > Beverages > Coffee",تحميص الإسبريسو,https://res.cloudinary.com/dgcexgq5g/image/upload/v1751636746/greenroasteries/gallery/gallery/ESS-MOR-BL_img_24c42783-5fe0-4d35-868c-5987d91de845.webp,,68d3a46c-ff7f-415e-844b-3507f3caa40a,Brown,1000g,قهوة,unisex,adult,ar,أصل مميز,تحميص الإسبريسو,تحميص متوسط,حبوب كاملة
2e5b67f6-d9ce-4330-b2ed-f741e503c153_ar,خلطـــة الصبـــاح - 1000g حبوب مطحونة,تعتبر من أشهر مناطق إنتاج القهوة في نيكاراغوا، حيث تتميز بمذاقها السلس والمتوازن باإلضافة إلى نكهة الشوكوالتة، ويمكن استخدامها لتحضير مجموعة واسعة من أنماط القهوة.,in stock,new,215.00 AED,https://thegreenroasteries.com/product/morning-blend?lang=ar,https://res.cloudinary.com/dgcexgq5g/image/upload/v1751636537/greenroasteries/variations/variations/ESS-MOR-BL_var_2e5b67f6-d9ce-4330-b2ed-f741e503c153.webp,المحامص الخضراء,"Food, Beverages & Tobacco > Beverages > Coffee",تحميص الإسبريسو,https://res.cloudinary.com/dgcexgq5g/image/upload/v1751636746/greenroasteries/gallery/gallery/ESS-MOR-BL_img_24c42783-5fe0-4d35-868c-5987d91de845.webp,,68d3a46c-ff7f-415e-844b-3507f3caa40a,Brown,1000g,قهوة,unisex,adult,ar,أصل مميز,تحميص الإسبريسو,تحميص متوسط,حبوب مطحونة
336bf8d8-9c0d-4d88-a5d4-bfc75340a116_en,Natural Grill Roasted Cashews - 250g,"Our Natural Skin-On Roasted Cashews are carefully sourced and gently dry-roasted to perfection, preserving their delicate, buttery flavor and wholesome nutrients. The thin, russet skin remains intact for a slightly nutty texture and extra fiber, making them the ideal guilt-free snack. Enjoy them on their own, tossed into salads, or as a protein-packed addition to your favorite trail mix.",in stock,new,49.95 AED,https://thegreenroasteries.com/product/natural-grill-roasted-cashews,https://res.cloudinary.com/dgcexgq5g/image/upload/v1751636556/greenroasteries/variations/variations/NT-CSH_var_336bf8d8-9c0d-4d88-a5d4-bfc75340a116.jpg,Green Roasteries,"Food, Beverages & Tobacco > Food Items > Snack Foods > Nuts & Seeds",NUTS & DRIED FRUITS,,,0b489610-2983-4f9c-a077-8659d844d03d,Brown,250g,Coffee,unisex,adult,en,Premium Origin,NUTS & DRIED FRUITS,Medium Roast,Arabica Beans
1151443a-e519-4c28-b189-d8f7524936f2_en,Natural Grill Roasted Cashews - 500g,"Our Natural Skin-On Roasted Cashews are carefully sourced and gently dry-roasted to perfection, preserving their delicate, buttery flavor and wholesome nutrients. The thin, russet skin remains intact for a slightly nutty texture and extra fiber, making them the ideal guilt-free snack. Enjoy them on their own, tossed into salads, or as a protein-packed addition to your favorite trail mix.",in stock,new,67.95 AED,https://thegreenroasteries.com/product/natural-grill-roasted-cashews,https://res.cloudinary.com/dgcexgq5g/image/upload/v1751636558/greenroasteries/variations/variations/NT-CSH_var_1151443a-e519-4c28-b189-d8f7524936f2.jpg,Green Roasteries,"Food, Beverages & Tobacco > Food Items > Snack Foods > Nuts & Seeds",NUTS & DRIED FRUITS,,,0b489610-2983-4f9c-a077-8659d844d03d,Brown,500g,Coffee,unisex,adult,en,Premium Origin,NUTS & DRIED FRUITS,Medium Roast,Arabica Beans
a1ba1371-aba9-4f6d-b96c-9fa8ff6d0446_en,Natural Grill Roasted Cashews - 1000g,"Our Natural Skin-On Roasted Cashews are carefully sourced and gently dry-roasted to perfection, preserving their delicate, buttery flavor and wholesome nutrients. The thin, russet skin remains intact for a slightly nutty texture and extra fiber, making them the ideal guilt-free snack. Enjoy them on their own, tossed into salads, or as a protein-packed addition to your favorite trail mix.",in stock,new,116.95 AED,https://thegreenroasteries.com/product/natural-grill-roasted-cashews,https://res.cloudinary.com/dgcexgq5g/image/upload/v1751636559/greenroasteries/variations/variations/NT-CSH_var_a1ba1371-aba9-4f6d-b96c-9fa8ff6d0446.jpg,Green Roasteries,"Food, Beverages & Tobacco > Food Items > Snack Foods > Nuts & Seeds",NUTS & DRIED FRUITS,,,0b489610-2983-4f9c-a077-8659d844d03d,Brown,1000g,Coffee,unisex,adult,en,Premium Origin,NUTS & DRIED FRUITS,Medium Roast,Arabica Beans
336bf8d8-9c0d-4d88-a5d4-bfc75340a116_ar,كاجو مشوي طبيعي بقشرته - 250g,كاجو محمص طبيعي بقشرته يتم اختيار حباته بعناية وتحميصها تجفيفياً على نار هادئة حتى تكتسب نكهتها المميزة الغنية والزبدية مع الحفاظ على قيمتها الغذائية. تحتفظ القشرة الرقيقة بلونها البني لتضيف قرمشة خفيفة وألياف غذائية إضافية، مما يجعلها الوجبة الخفيفة المثالية. يمكنك تناولها مباشرة، أو إضافتها إلى السلطات، أو دمجها في خليط المكسرات للتمتع بوجبة عالية البروتين.,in stock,new,49.95 AED,https://thegreenroasteries.com/product/natural-grill-roasted-cashews?lang=ar,https://res.cloudinary.com/dgcexgq5g/image/upload/v1751636556/greenroasteries/variations/variations/NT-CSH_var_336bf8d8-9c0d-4d88-a5d4-bfc75340a116.jpg,المحامص الخضراء,"Food, Beverages & Tobacco > Beverages > Coffee",مكسرات وفواكه مجففة,,,0b489610-2983-4f9c-a077-8659d844d03d,Brown,250g,قهوة,unisex,adult,ar,أصل مميز,مكسرات وفواكه مجففة,تحميص متوسط,حبوب عربية
1151443a-e519-4c28-b189-d8f7524936f2_ar,كاجو مشوي طبيعي بقشرته - 500g,كاجو محمص طبيعي بقشرته يتم اختيار حباته بعناية وتحميصها تجفيفياً على نار هادئة حتى تكتسب نكهتها المميزة الغنية والزبدية مع الحفاظ على قيمتها الغذائية. تحتفظ القشرة الرقيقة بلونها البني لتضيف قرمشة خفيفة وألياف غذائية إضافية، مما يجعلها الوجبة الخفيفة المثالية. يمكنك تناولها مباشرة، أو إضافتها إلى السلطات، أو دمجها في خليط المكسرات للتمتع بوجبة عالية البروتين.,in stock,new,67.95 AED,https://thegreenroasteries.com/product/natural-grill-roasted-cashews?lang=ar,https://res.cloudinary.com/dgcexgq5g/image/upload/v1751636558/greenroasteries/variations/variations/NT-CSH_var_1151443a-e519-4c28-b189-d8f7524936f2.jpg,المحامص الخضراء,"Food, Beverages & Tobacco > Beverages > Coffee",مكسرات وفواكه مجففة,,,0b489610-2983-4f9c-a077-8659d844d03d,Brown,500g,قهوة,unisex,adult,ar,أصل مميز,مكسرات وفواكه مجففة,تحميص متوسط,حبوب عربية
a1ba1371-aba9-4f6d-b96c-9fa8ff6d0446_ar,كاجو مشوي طبيعي بقشرته - 1000g,كاجو محمص طبيعي بقشرته يتم اختيار حباته بعناية وتحميصها تجفيفياً على نار هادئة حتى تكتسب نكهتها المميزة الغنية والزبدية مع الحفاظ على قيمتها الغذائية. تحتفظ القشرة الرقيقة بلونها البني لتضيف قرمشة خفيفة وألياف غذائية إضافية، مما يجعلها الوجبة الخفيفة المثالية. يمكنك تناولها مباشرة، أو إضافتها إلى السلطات، أو دمجها في خليط المكسرات للتمتع بوجبة عالية البروتين.,in stock,new,116.95 AED,https://thegreenroasteries.com/product/natural-grill-roasted-cashews?lang=ar,https://res.cloudinary.com/dgcexgq5g/image/upload/v1751636559/greenroasteries/variations/variations/NT-CSH_var_a1ba1371-aba9-4f6d-b96c-9fa8ff6d0446.jpg,المحامص الخضراء,"Food, Beverages & Tobacco > Beverages > Coffee",مكسرات وفواكه مجففة,,,0b489610-2983-4f9c-a077-8659d844d03d,Brown,1000g,قهوة,unisex,adult,ar,أصل مميز,مكسرات وفواكه مجففة,تحميص متوسط,حبوب عربية
6ed0a70f-87ea-42f1-9684-68aebf098811_en,Natural Raw Almonds - 500g,"Enjoy the wholesome crunch of our Natural Raw Almonds. These premium almonds are carefully selected and lightly blanched to preserve their pure, nutty flavor and nutrient-rich profile. Perfectly crisp and unroasted, they retain all their natural vitamins, minerals, and heart-healthy fats. Ideal as a simple snack, stirred into yogurt or oatmeal, or used as a base for homemade nut butters and dairy-free milks.",in stock,new,46.95 AED,https://thegreenroasteries.com/product/natural-raw-almonds,https://res.cloudinary.com/dgcexgq5g/image/upload/v1751636291/greenroasteries/products/products/ALMD-RW.jpg,Green Roasteries,"Food, Beverages & Tobacco > Food Items > Snack Foods > Nuts & Seeds",NUTS & DRIED FRUITS,,,504fe32e-8813-4b52-a44d-8de33073543b,Brown,500g,Coffee,unisex,adult,en,Premium Origin,NUTS & DRIED FRUITS,Medium Roast,Arabica Beans
2a44e0bb-ba97-47ac-8ea3-53d1ec9b175f_en,Natural Raw Almonds - 1000g,"Enjoy the wholesome crunch of our Natural Raw Almonds. These premium almonds are carefully selected and lightly blanched to preserve their pure, nutty flavor and nutrient-rich profile. Perfectly crisp and unroasted, they retain all their natural vitamins, minerals, and heart-healthy fats. Ideal as a simple snack, stirred into yogurt or oatmeal, or used as a base for homemade nut butters and dairy-free milks.",in stock,new,84.95 AED,https://thegreenroasteries.com/product/natural-raw-almonds,https://res.cloudinary.com/dgcexgq5g/image/upload/v1751636291/greenroasteries/products/products/ALMD-RW.jpg,Green Roasteries,"Food, Beverages & Tobacco > Food Items > Snack Foods > Nuts & Seeds",NUTS & DRIED FRUITS,,,504fe32e-8813-4b52-a44d-8de33073543b,Brown,1000g,Coffee,unisex,adult,en,Premium Origin,NUTS & DRIED FRUITS,Medium Roast,Arabica Beans
ced133b5-4c83-4ec2-8f9b-e6c68edcf527_en,Natural Raw Almonds - 250g,"Enjoy the wholesome crunch of our Natural Raw Almonds. These premium almonds are carefully selected and lightly blanched to preserve their pure, nutty flavor and nutrient-rich profile. Perfectly crisp and unroasted, they retain all their natural vitamins, minerals, and heart-healthy fats. Ideal as a simple snack, stirred into yogurt or oatmeal, or used as a base for homemade nut butters and dairy-free milks.",in stock,new,27.95 AED,https://thegreenroasteries.com/product/natural-raw-almonds,https://res.cloudinary.com/dgcexgq5g/image/upload/v1751636291/greenroasteries/products/products/ALMD-RW.jpg,Green Roasteries,"Food, Beverages & Tobacco > Food Items > Snack Foods > Nuts & Seeds",NUTS & DRIED FRUITS,,,504fe32e-8813-4b52-a44d-8de33073543b,Brown,250g,Coffee,unisex,adult,en,Premium Origin,NUTS & DRIED FRUITS,Medium Roast,Arabica Beans
6ed0a70f-87ea-42f1-9684-68aebf098811_ar,لوز طبيعي نيء - 500g,استمتع بقرمشة صحية مع لوز طبيعي نيء. يتم اختيار هذه الحبات بعناية وتقشيرها خفيفاً للحفاظ على نكهتها المكسرية الأصلية وغناها بالعناصر الغذائية. لوز نيء مقرمش يحتفظ بجميع الفيتامينات والمعادن والدهون الصحية للقلب. مثالي كوجبة خفيفة بسيطة، أو إضافته إلى الزبادي أو الشوفان، أو استخدامه في إعداد زبدة اللوز منزلي الصنع أو حليب اللوز الخالي من الألبان.,in stock,new,46.95 AED,https://thegreenroasteries.com/product/natural-raw-almonds?lang=ar,https://res.cloudinary.com/dgcexgq5g/image/upload/v1751636291/greenroasteries/products/products/ALMD-RW.jpg,المحامص الخضراء,"Food, Beverages & Tobacco > Beverages > Coffee",مكسرات وفواكه مجففة,,,504fe32e-8813-4b52-a44d-8de33073543b,Brown,500g,قهوة,unisex,adult,ar,أصل مميز,مكسرات وفواكه مجففة,تحميص متوسط,حبوب عربية
2a44e0bb-ba97-47ac-8ea3-53d1ec9b175f_ar,لوز طبيعي نيء - 1000g,استمتع بقرمشة صحية مع لوز طبيعي نيء. يتم اختيار هذه الحبات بعناية وتقشيرها خفيفاً للحفاظ على نكهتها المكسرية الأصلية وغناها بالعناصر الغذائية. لوز نيء مقرمش يحتفظ بجميع الفيتامينات والمعادن والدهون الصحية للقلب. مثالي كوجبة خفيفة بسيطة، أو إضافته إلى الزبادي أو الشوفان، أو استخدامه في إعداد زبدة اللوز منزلي الصنع أو حليب اللوز الخالي من الألبان.,in stock,new,84.95 AED,https://thegreenroasteries.com/product/natural-raw-almonds?lang=ar,https://res.cloudinary.com/dgcexgq5g/image/upload/v1751636291/greenroasteries/products/products/ALMD-RW.jpg,المحامص الخضراء,"Food, Beverages & Tobacco > Beverages > Coffee",مكسرات وفواكه مجففة,,,504fe32e-8813-4b52-a44d-8de33073543b,Brown,1000g,قهوة,unisex,adult,ar,أصل مميز,مكسرات وفواكه مجففة,تحميص متوسط,حبوب عربية
ced133b5-4c83-4ec2-8f9b-e6c68edcf527_ar,لوز طبيعي نيء - 250g,استمتع بقرمشة صحية مع لوز طبيعي نيء. يتم اختيار هذه الحبات بعناية وتقشيرها خفيفاً للحفاظ على نكهتها المكسرية الأصلية وغناها بالعناصر الغذائية. لوز نيء مقرمش يحتفظ بجميع الفيتامينات والمعادن والدهون الصحية للقلب. مثالي كوجبة خفيفة بسيطة، أو إضافته إلى الزبادي أو الشوفان، أو استخدامه في إعداد زبدة اللوز منزلي الصنع أو حليب اللوز الخالي من الألبان.,in stock,new,27.95 AED,https://thegreenroasteries.com/product/natural-raw-almonds?lang=ar,https://res.cloudinary.com/dgcexgq5g/image/upload/v1751636291/greenroasteries/products/products/ALMD-RW.jpg,المحامص الخضراء,"Food, Beverages & Tobacco > Beverages > Coffee",مكسرات وفواكه مجففة,,,504fe32e-8813-4b52-a44d-8de33073543b,Brown,250g,قهوة,unisex,adult,ar,أصل مميز,مكسرات وفواكه مجففة,تحميص متوسط,حبوب عربية
bb121260-dc40-44c2-ab7d-f1ee46830beb_en,Nicaragua - 500g saffron whole beans,"We are proud of the flavor of Emirati Arabic coffee, prepared according to its origins, from selecting green coffee beans and roasting them with love until adding cardamom and saffron. Enjoy a unique experience to learn about our traditions and culture.",in stock,new,120.00 AED,https://thegreenroasteries.com/product/nicaragua,https://res.cloudinary.com/dgcexgq5g/image/upload/v1751636372/greenroasteries/variations/variations/bb121260-dc40-44c2-ab7d-f1ee46830beb_var_bb121260-dc40-44c2-ab7d-f1ee46830beb.webp,Green Roasteries,"Food, Beverages & Tobacco > Beverages > Coffee",ARABIC COFFEE,https://res.cloudinary.com/dgcexgq5g/image/upload/v1751636698/greenroasteries/gallery/gallery/7ff2c79a-c639-48f5-9682-75b31182cf7f_img_7ff2c79a-c639-48f5-9682-75b31182cf7f.webp,,04c5bfd6-200d-4639-9581-ce565f29cbd5,Brown,500g,Coffee,unisex,adult,en,Nicaragua,ARABIC COFFEE,saffron,whole beans
474e3541-3d15-43d3-bb3a-e2b108f47f9d_en,Nicaragua - 500g saffron Ground grains,"We are proud of the flavor of Emirati Arabic coffee, prepared according to its origins, from selecting green coffee beans and roasting them with love until adding cardamom and saffron. Enjoy a unique experience to learn about our traditions and culture.",in stock,new,120.00 AED,https://thegreenroasteries.com/product/nicaragua,https://res.cloudinary.com/dgcexgq5g/image/upload/v1751636269/greenroasteries/products/products/04c5bfd6-200d-4639-9581-ce565f29cbd5.webp,Green Roasteries,"Food, Beverages & Tobacco > Beverages > Coffee",ARABIC COFFEE,https://res.cloudinary.com/dgcexgq5g/image/upload/v1751636698/greenroasteries/gallery/gallery/7ff2c79a-c639-48f5-9682-75b31182cf7f_img_7ff2c79a-c639-48f5-9682-75b31182cf7f.webp,,04c5bfd6-200d-4639-9581-ce565f29cbd5,Brown,500g,Coffee,unisex,adult,en,Nicaragua,ARABIC COFFEE,saffron,Ground grains
4f12bcef-878c-4365-a487-e95475bf2a9c_en,Nicaragua - 500g cardamom Ground grains,"We are proud of the flavor of Emirati Arabic coffee, prepared according to its origins, from selecting green coffee beans and roasting them with love until adding cardamom and saffron. Enjoy a unique experience to learn about our traditions and culture.",in stock,new,111.00 AED,https://thegreenroasteries.com/product/nicaragua,https://res.cloudinary.com/dgcexgq5g/image/upload/v1751636392/greenroasteries/variations/variations/4f12bcef-878c-4365-a487-e95475bf2a9c_var_4f12bcef-878c-4365-a487-e95475bf2a9c.webp,Green Roasteries,"Food, Beverages & Tobacco > Beverages > Coffee",ARABIC COFFEE,https://res.cloudinary.com/dgcexgq5g/image/upload/v1751636698/greenroasteries/gallery/gallery/7ff2c79a-c639-48f5-9682-75b31182cf7f_img_7ff2c79a-c639-48f5-9682-75b31182cf7f.webp,,04c5bfd6-200d-4639-9581-ce565f29cbd5,Brown,500g,Coffee,unisex,adult,en,Nicaragua,ARABIC COFFEE,cardamom,Ground grains
d4711bab-594b-48db-9eb8-5d96439a734e_en,Nicaragua - 250g cardamom whole beans,"We are proud of the flavor of Emirati Arabic coffee, prepared according to its origins, from selecting green coffee beans and roasting them with love until adding cardamom and saffron. Enjoy a unique experience to learn about our traditions and culture.",in stock,new,62.95 AED,https://thegreenroasteries.com/product/nicaragua,https://res.cloudinary.com/dgcexgq5g/image/upload/v1751636393/greenroasteries/variations/variations/d4711bab-594b-48db-9eb8-5d96439a734e_var_d4711bab-594b-48db-9eb8-5d96439a734e.webp,Green Roasteries,"Food, Beverages & Tobacco > Beverages > Coffee",ARABIC COFFEE,https://res.cloudinary.com/dgcexgq5g/image/upload/v1751636698/greenroasteries/gallery/gallery/7ff2c79a-c639-48f5-9682-75b31182cf7f_img_7ff2c79a-c639-48f5-9682-75b31182cf7f.webp,,04c5bfd6-200d-4639-9581-ce565f29cbd5,Brown,250g,Coffee,unisex,adult,en,Nicaragua,ARABIC COFFEE,cardamom,whole beans
14c62b7f-f2c9-494c-8a34-00a2e2165616_en,Nicaragua - 250g saffron Ground grains,"We are proud of the flavor of Emirati Arabic coffee, prepared according to its origins, from selecting green coffee beans and roasting them with love until adding cardamom and saffron. Enjoy a unique experience to learn about our traditions and culture.",in stock,new,69.95 AED,https://thegreenroasteries.com/product/nicaragua,https://res.cloudinary.com/dgcexgq5g/image/upload/v1751636460/greenroasteries/variations/variations/14c62b7f-f2c9-494c-8a34-00a2e2165616_var_14c62b7f-f2c9-494c-8a34-00a2e2165616.webp,Green Roasteries,"Food, Beverages & Tobacco > Beverages > Coffee",ARABIC COFFEE,https://res.cloudinary.com/dgcexgq5g/image/upload/v1751636698/greenroasteries/gallery/gallery/7ff2c79a-c639-48f5-9682-75b31182cf7f_img_7ff2c79a-c639-48f5-9682-75b31182cf7f.webp,,04c5bfd6-200d-4639-9581-ce565f29cbd5,Brown,250g,Coffee,unisex,adult,en,Nicaragua,ARABIC COFFEE,saffron,Ground grains
a3f019df-9ead-4df5-9292-770bd8560ff9_en,Nicaragua - 250g saffron whole beans,"We are proud of the flavor of Emirati Arabic coffee, prepared according to its origins, from selecting green coffee beans and roasting them with love until adding cardamom and saffron. Enjoy a unique experience to learn about our traditions and culture.",in stock,new,69.95 AED,https://thegreenroasteries.com/product/nicaragua,https://res.cloudinary.com/dgcexgq5g/image/upload/v1751636463/greenroasteries/variations/variations/a3f019df-9ead-4df5-9292-770bd8560ff9_var_a3f019df-9ead-4df5-9292-770bd8560ff9.webp,Green Roasteries,"Food, Beverages & Tobacco > Beverages > Coffee",ARABIC COFFEE,https://res.cloudinary.com/dgcexgq5g/image/upload/v1751636698/greenroasteries/gallery/gallery/7ff2c79a-c639-48f5-9682-75b31182cf7f_img_7ff2c79a-c639-48f5-9682-75b31182cf7f.webp,,04c5bfd6-200d-4639-9581-ce565f29cbd5,Brown,250g,Coffee,unisex,adult,en,Nicaragua,ARABIC COFFEE,saffron,whole beans
6a24e47d-e373-4c8a-bcaf-3bfca7f108af_en,Nicaragua - 1000g  cardamom & saffron Ground grains,"We are proud of the flavor of Emirati Arabic coffee, prepared according to its origins, from selecting green coffee beans and roasting them with love until adding cardamom and saffron. Enjoy a unique experience to learn about our traditions and culture.",in stock,new,225.00 AED,https://thegreenroasteries.com/product/nicaragua,https://res.cloudinary.com/dgcexgq5g/image/upload/v1751636468/greenroasteries/variations/variations/6a24e47d-e373-4c8a-bcaf-3bfca7f108af_var_6a24e47d-e373-4c8a-bcaf-3bfca7f108af.webp,Green Roasteries,"Food, Beverages & Tobacco > Beverages > Coffee",ARABIC COFFEE,https://res.cloudinary.com/dgcexgq5g/image/upload/v1751636698/greenroasteries/gallery/gallery/7ff2c79a-c639-48f5-9682-75b31182cf7f_img_7ff2c79a-c639-48f5-9682-75b31182cf7f.webp,,04c5bfd6-200d-4639-9581-ce565f29cbd5,Brown,1000g,Coffee,unisex,adult,en,Nicaragua,ARABIC COFFEE, cardamom & saffron,Ground grains
dd3bfdbd-53ed-4603-a261-1b3fcda583d5_en,Nicaragua - 250g  cardamom & saffron whole beans,"We are proud of the flavor of Emirati Arabic coffee, prepared according to its origins, from selecting green coffee beans and roasting them with love until adding cardamom and saffron. Enjoy a unique experience to learn about our traditions and culture.",in stock,new,72.95 AED,https://thegreenroasteries.com/product/nicaragua,https://res.cloudinary.com/dgcexgq5g/image/upload/v1751636473/greenroasteries/variations/variations/dd3bfdbd-53ed-4603-a261-1b3fcda583d5_var_dd3bfdbd-53ed-4603-a261-1b3fcda583d5.webp,Green Roasteries,"Food, Beverages & Tobacco > Beverages > Coffee",ARABIC COFFEE,https://res.cloudinary.com/dgcexgq5g/image/upload/v1751636698/greenroasteries/gallery/gallery/7ff2c79a-c639-48f5-9682-75b31182cf7f_img_7ff2c79a-c639-48f5-9682-75b31182cf7f.webp,,04c5bfd6-200d-4639-9581-ce565f29cbd5,Brown,250g,Coffee,unisex,adult,en,Nicaragua,ARABIC COFFEE, cardamom & saffron,whole beans
a4f0acc3-e6ea-486a-8c5b-9bdef9193d02_en,Nicaragua - 1000g saffron whole beans,"We are proud of the flavor of Emirati Arabic coffee, prepared according to its origins, from selecting green coffee beans and roasting them with love until adding cardamom and saffron. Enjoy a unique experience to learn about our traditions and culture.",in stock,new,216.00 AED,https://thegreenroasteries.com/product/nicaragua,https://res.cloudinary.com/dgcexgq5g/image/upload/v1751636474/greenroasteries/variations/variations/a4f0acc3-e6ea-486a-8c5b-9bdef9193d02_var_a4f0acc3-e6ea-486a-8c5b-9bdef9193d02.webp,Green Roasteries,"Food, Beverages & Tobacco > Beverages > Coffee",ARABIC COFFEE,https://res.cloudinary.com/dgcexgq5g/image/upload/v1751636698/greenroasteries/gallery/gallery/7ff2c79a-c639-48f5-9682-75b31182cf7f_img_7ff2c79a-c639-48f5-9682-75b31182cf7f.webp,,04c5bfd6-200d-4639-9581-ce565f29cbd5,Brown,1000g,Coffee,unisex,adult,en,Nicaragua,ARABIC COFFEE,saffron,whole beans
2eb0e193-7640-4b06-b90e-5961bb609183_en,Nicaragua - 500g  cardamom & saffron whole beans,"We are proud of the flavor of Emirati Arabic coffee, prepared according to its origins, from selecting green coffee beans and roasting them with love until adding cardamom and saffron. Enjoy a unique experience to learn about our traditions and culture.",in stock,new,126.00 AED,https://thegreenroasteries.com/product/nicaragua,https://res.cloudinary.com/dgcexgq5g/image/upload/v1751636502/greenroasteries/variations/variations/2eb0e193-7640-4b06-b90e-5961bb609183_var_2eb0e193-7640-4b06-b90e-5961bb609183.webp,Green Roasteries,"Food, Beverages & Tobacco > Beverages > Coffee",ARABIC COFFEE,https://res.cloudinary.com/dgcexgq5g/image/upload/v1751636698/greenroasteries/gallery/gallery/7ff2c79a-c639-48f5-9682-75b31182cf7f_img_7ff2c79a-c639-48f5-9682-75b31182cf7f.webp,,04c5bfd6-200d-4639-9581-ce565f29cbd5,Brown,500g,Coffee,unisex,adult,en,Nicaragua,ARABIC COFFEE, cardamom & saffron,whole beans
278e84c6-9908-404e-90f4-31d5141305c4_en,Nicaragua - 250g  cardamom & saffron Ground grains,"We are proud of the flavor of Emirati Arabic coffee, prepared according to its origins, from selecting green coffee beans and roasting them with love until adding cardamom and saffron. Enjoy a unique experience to learn about our traditions and culture.",in stock,new,72.95 AED,https://thegreenroasteries.com/product/nicaragua,https://res.cloudinary.com/dgcexgq5g/image/upload/v1751636673/greenroasteries/variations/variations/278e84c6-9908-404e-90f4-31d5141305c4_var_278e84c6-9908-404e-90f4-31d5141305c4.webp,Green Roasteries,"Food, Beverages & Tobacco > Beverages > Coffee",ARABIC COFFEE,https://res.cloudinary.com/dgcexgq5g/image/upload/v1751636698/greenroasteries/gallery/gallery/7ff2c79a-c639-48f5-9682-75b31182cf7f_img_7ff2c79a-c639-48f5-9682-75b31182cf7f.webp,,04c5bfd6-200d-4639-9581-ce565f29cbd5,Brown,250g,Coffee,unisex,adult,en,Nicaragua,ARABIC COFFEE, cardamom & saffron,Ground grains
327b2d87-e6a7-4059-a1a5-6f7750ebd7ec_en,Nicaragua - 1000g cardamom whole beans,"We are proud of the flavor of Emirati Arabic coffee, prepared according to its origins, from selecting green coffee beans and roasting them with love until adding cardamom and saffron. Enjoy a unique experience to learn about our traditions and culture.",in stock,new,204.00 AED,https://thegreenroasteries.com/product/nicaragua,https://res.cloudinary.com/dgcexgq5g/image/upload/v1751636384/greenroasteries/variations/variations/327b2d87-e6a7-4059-a1a5-6f7750ebd7ec_var_327b2d87-e6a7-4059-a1a5-6f7750ebd7ec.webp,Green Roasteries,"Food, Beverages & Tobacco > Beverages > Coffee",ARABIC COFFEE,https://res.cloudinary.com/dgcexgq5g/image/upload/v1751636698/greenroasteries/gallery/gallery/7ff2c79a-c639-48f5-9682-75b31182cf7f_img_7ff2c79a-c639-48f5-9682-75b31182cf7f.webp,,04c5bfd6-200d-4639-9581-ce565f29cbd5,Brown,1000g,Coffee,unisex,adult,en,Nicaragua,ARABIC COFFEE,cardamom,whole beans
bbabc006-38cc-4d19-9084-7f9b4bd157eb_en,Nicaragua - 500g cardamom whole beans,"We are proud of the flavor of Emirati Arabic coffee, prepared according to its origins, from selecting green coffee beans and roasting them with love until adding cardamom and saffron. Enjoy a unique experience to learn about our traditions and culture.",in stock,new,111.00 AED,https://thegreenroasteries.com/product/nicaragua,https://res.cloudinary.com/dgcexgq5g/image/upload/v1751636390/greenroasteries/variations/variations/bbabc006-38cc-4d19-9084-7f9b4bd157eb_var_bbabc006-38cc-4d19-9084-7f9b4bd157eb.webp,Green Roasteries,"Food, Beverages & Tobacco > Beverages > Coffee",ARABIC COFFEE,https://res.cloudinary.com/dgcexgq5g/image/upload/v1751636698/greenroasteries/gallery/gallery/7ff2c79a-c639-48f5-9682-75b31182cf7f_img_7ff2c79a-c639-48f5-9682-75b31182cf7f.webp,,04c5bfd6-200d-4639-9581-ce565f29cbd5,Brown,500g,Coffee,unisex,adult,en,Nicaragua,ARABIC COFFEE,cardamom,whole beans
77a0eeb2-4d57-4403-a63a-a30435f73a2f_en,Nicaragua - 1000g cardamom Ground grains,"We are proud of the flavor of Emirati Arabic coffee, prepared according to its origins, from selecting green coffee beans and roasting them with love until adding cardamom and saffron. Enjoy a unique experience to learn about our traditions and culture.",in stock,new,204.00 AED,https://thegreenroasteries.com/product/nicaragua,https://res.cloudinary.com/dgcexgq5g/image/upload/v1751636394/greenroasteries/variations/variations/77a0eeb2-4d57-4403-a63a-a30435f73a2f_var_77a0eeb2-4d57-4403-a63a-a30435f73a2f.webp,Green Roasteries,"Food, Beverages & Tobacco > Beverages > Coffee",ARABIC COFFEE,https://res.cloudinary.com/dgcexgq5g/image/upload/v1751636698/greenroasteries/gallery/gallery/7ff2c79a-c639-48f5-9682-75b31182cf7f_img_7ff2c79a-c639-48f5-9682-75b31182cf7f.webp,,04c5bfd6-200d-4639-9581-ce565f29cbd5,Brown,1000g,Coffee,unisex,adult,en,Nicaragua,ARABIC COFFEE,cardamom,Ground grains
5b6463a6-8d82-4572-99ff-de0d9bfcb195_en,Nicaragua - 250g cardamom Ground grains,"We are proud of the flavor of Emirati Arabic coffee, prepared according to its origins, from selecting green coffee beans and roasting them with love until adding cardamom and saffron. Enjoy a unique experience to learn about our traditions and culture.",in stock,new,62.95 AED,https://thegreenroasteries.com/product/nicaragua,https://res.cloudinary.com/dgcexgq5g/image/upload/v1751636436/greenroasteries/variations/variations/5b6463a6-8d82-4572-99ff-de0d9bfcb195_var_5b6463a6-8d82-4572-99ff-de0d9bfcb195.webp,Green Roasteries,"Food, Beverages & Tobacco > Beverages > Coffee",ARABIC COFFEE,https://res.cloudinary.com/dgcexgq5g/image/upload/v1751636698/greenroasteries/gallery/gallery/7ff2c79a-c639-48f5-9682-75b31182cf7f_img_7ff2c79a-c639-48f5-9682-75b31182cf7f.webp,,04c5bfd6-200d-4639-9581-ce565f29cbd5,Brown,250g,Coffee,unisex,adult,en,Nicaragua,ARABIC COFFEE,cardamom,Ground grains
eca1079d-9b3a-41c0-a16f-816aeed77222_en,Nicaragua - 1000g  cardamom & saffron whole beans,"We are proud of the flavor of Emirati Arabic coffee, prepared according to its origins, from selecting green coffee beans and roasting them with love until adding cardamom and saffron. Enjoy a unique experience to learn about our traditions and culture.",in stock,new,225.00 AED,https://thegreenroasteries.com/product/nicaragua,https://res.cloudinary.com/dgcexgq5g/image/upload/v1751636467/greenroasteries/variations/variations/eca1079d-9b3a-41c0-a16f-816aeed77222_var_eca1079d-9b3a-41c0-a16f-816aeed77222.webp,Green Roasteries,"Food, Beverages & Tobacco > Beverages > Coffee",ARABIC COFFEE,https://res.cloudinary.com/dgcexgq5g/image/upload/v1751636698/greenroasteries/gallery/gallery/7ff2c79a-c639-48f5-9682-75b31182cf7f_img_7ff2c79a-c639-48f5-9682-75b31182cf7f.webp,,04c5bfd6-200d-4639-9581-ce565f29cbd5,Brown,1000g,Coffee,unisex,adult,en,Nicaragua,ARABIC COFFEE, cardamom & saffron,whole beans
2f20ce0b-9697-4bf6-98d4-d751847695b1_en,Nicaragua - 1000g saffron Ground grains,"We are proud of the flavor of Emirati Arabic coffee, prepared according to its origins, from selecting green coffee beans and roasting them with love until adding cardamom and saffron. Enjoy a unique experience to learn about our traditions and culture.",in stock,new,216.00 AED,https://thegreenroasteries.com/product/nicaragua,https://res.cloudinary.com/dgcexgq5g/image/upload/v1751636472/greenroasteries/variations/variations/2f20ce0b-9697-4bf6-98d4-d751847695b1_var_2f20ce0b-9697-4bf6-98d4-d751847695b1.webp,Green Roasteries,"Food, Beverages & Tobacco > Beverages > Coffee",ARABIC COFFEE,https://res.cloudinary.com/dgcexgq5g/image/upload/v1751636698/greenroasteries/gallery/gallery/7ff2c79a-c639-48f5-9682-75b31182cf7f_img_7ff2c79a-c639-48f5-9682-75b31182cf7f.webp,,04c5bfd6-200d-4639-9581-ce565f29cbd5,Brown,1000g,Coffee,unisex,adult,en,Nicaragua,ARABIC COFFEE,saffron,Ground grains
5cd61633-031e-4664-8dca-bd63ef9d71ac_en,Nicaragua - 500g  cardamom & saffron Ground grains,"We are proud of the flavor of Emirati Arabic coffee, prepared according to its origins, from selecting green coffee beans and roasting them with love until adding cardamom and saffron. Enjoy a unique experience to learn about our traditions and culture.",in stock,new,126.00 AED,https://thegreenroasteries.com/product/nicaragua,https://res.cloudinary.com/dgcexgq5g/image/upload/v1751636503/greenroasteries/variations/variations/5cd61633-031e-4664-8dca-bd63ef9d71ac_var_5cd61633-031e-4664-8dca-bd63ef9d71ac.webp,Green Roasteries,"Food, Beverages & Tobacco > Beverages > Coffee",ARABIC COFFEE,https://res.cloudinary.com/dgcexgq5g/image/upload/v1751636698/greenroasteries/gallery/gallery/7ff2c79a-c639-48f5-9682-75b31182cf7f_img_7ff2c79a-c639-48f5-9682-75b31182cf7f.webp,,04c5bfd6-200d-4639-9581-ce565f29cbd5,Brown,500g,Coffee,unisex,adult,en,Nicaragua,ARABIC COFFEE, cardamom & saffron,Ground grains
bb121260-dc40-44c2-ab7d-f1ee46830beb_ar,نيكاراغـــوا - 500g زعفران حبوب كاملة,نفخر بنكهة القهوة العربية اإلماراتية المحضرة حسب أصولها، بدءا من انتقاء حبوب البن الخضراء وتحميصها بكل حب حتى ً إضافة الهيل والزعفران، استمتع بتجربة فريدة للتعرف على تقاليدنا وثقافتنا.,in stock,new,120.00 AED,https://thegreenroasteries.com/product/nicaragua?lang=ar,https://res.cloudinary.com/dgcexgq5g/image/upload/v1751636372/greenroasteries/variations/variations/bb121260-dc40-44c2-ab7d-f1ee46830beb_var_bb121260-dc40-44c2-ab7d-f1ee46830beb.webp,المحامص الخضراء,"Food, Beverages & Tobacco > Beverages > Coffee",القهوة العربية,https://res.cloudinary.com/dgcexgq5g/image/upload/v1751636698/greenroasteries/gallery/gallery/7ff2c79a-c639-48f5-9682-75b31182cf7f_img_7ff2c79a-c639-48f5-9682-75b31182cf7f.webp,,04c5bfd6-200d-4639-9581-ce565f29cbd5,Brown,500g,قهوة,unisex,adult,ar,Nicaragua,القهوة العربية,زعفران,حبوب كاملة
474e3541-3d15-43d3-bb3a-e2b108f47f9d_ar,نيكاراغـــوا - 500g زعفران حبوب مطحونة,نفخر بنكهة القهوة العربية اإلماراتية المحضرة حسب أصولها، بدءا من انتقاء حبوب البن الخضراء وتحميصها بكل حب حتى ً إضافة الهيل والزعفران، استمتع بتجربة فريدة للتعرف على تقاليدنا وثقافتنا.,in stock,new,120.00 AED,https://thegreenroasteries.com/product/nicaragua?lang=ar,https://res.cloudinary.com/dgcexgq5g/image/upload/v1751636269/greenroasteries/products/products/04c5bfd6-200d-4639-9581-ce565f29cbd5.webp,المحامص الخضراء,"Food, Beverages & Tobacco > Beverages > Coffee",القهوة العربية,https://res.cloudinary.com/dgcexgq5g/image/upload/v1751636698/greenroasteries/gallery/gallery/7ff2c79a-c639-48f5-9682-75b31182cf7f_img_7ff2c79a-c639-48f5-9682-75b31182cf7f.webp,,04c5bfd6-200d-4639-9581-ce565f29cbd5,Brown,500g,قهوة,unisex,adult,ar,Nicaragua,القهوة العربية,زعفران,حبوب مطحونة
4f12bcef-878c-4365-a487-e95475bf2a9c_ar,نيكاراغـــوا - 500g هيل حبوب مطحونة,نفخر بنكهة القهوة العربية اإلماراتية المحضرة حسب أصولها، بدءا من انتقاء حبوب البن الخضراء وتحميصها بكل حب حتى ً إضافة الهيل والزعفران، استمتع بتجربة فريدة للتعرف على تقاليدنا وثقافتنا.,in stock,new,111.00 AED,https://thegreenroasteries.com/product/nicaragua?lang=ar,https://res.cloudinary.com/dgcexgq5g/image/upload/v1751636392/greenroasteries/variations/variations/4f12bcef-878c-4365-a487-e95475bf2a9c_var_4f12bcef-878c-4365-a487-e95475bf2a9c.webp,المحامص الخضراء,"Food, Beverages & Tobacco > Beverages > Coffee",القهوة العربية,https://res.cloudinary.com/dgcexgq5g/image/upload/v1751636698/greenroasteries/gallery/gallery/7ff2c79a-c639-48f5-9682-75b31182cf7f_img_7ff2c79a-c639-48f5-9682-75b31182cf7f.webp,,04c5bfd6-200d-4639-9581-ce565f29cbd5,Brown,500g,قهوة,unisex,adult,ar,Nicaragua,القهوة العربية,هيل,حبوب مطحونة
d4711bab-594b-48db-9eb8-5d96439a734e_ar,نيكاراغـــوا - 250g هيل حبوب كاملة,نفخر بنكهة القهوة العربية اإلماراتية المحضرة حسب أصولها، بدءا من انتقاء حبوب البن الخضراء وتحميصها بكل حب حتى ً إضافة الهيل والزعفران، استمتع بتجربة فريدة للتعرف على تقاليدنا وثقافتنا.,in stock,new,62.95 AED,https://thegreenroasteries.com/product/nicaragua?lang=ar,https://res.cloudinary.com/dgcexgq5g/image/upload/v1751636393/greenroasteries/variations/variations/d4711bab-594b-48db-9eb8-5d96439a734e_var_d4711bab-594b-48db-9eb8-5d96439a734e.webp,المحامص الخضراء,"Food, Beverages & Tobacco > Beverages > Coffee",القهوة العربية,https://res.cloudinary.com/dgcexgq5g/image/upload/v1751636698/greenroasteries/gallery/gallery/7ff2c79a-c639-48f5-9682-75b31182cf7f_img_7ff2c79a-c639-48f5-9682-75b31182cf7f.webp,,04c5bfd6-200d-4639-9581-ce565f29cbd5,Brown,250g,قهوة,unisex,adult,ar,Nicaragua,القهوة العربية,هيل,حبوب كاملة
14c62b7f-f2c9-494c-8a34-00a2e2165616_ar,نيكاراغـــوا - 250g زعفران حبوب مطحونة,نفخر بنكهة القهوة العربية اإلماراتية المحضرة حسب أصولها، بدءا من انتقاء حبوب البن الخضراء وتحميصها بكل حب حتى ً إضافة الهيل والزعفران، استمتع بتجربة فريدة للتعرف على تقاليدنا وثقافتنا.,in stock,new,69.95 AED,https://thegreenroasteries.com/product/nicaragua?lang=ar,https://res.cloudinary.com/dgcexgq5g/image/upload/v1751636460/greenroasteries/variations/variations/14c62b7f-f2c9-494c-8a34-00a2e2165616_var_14c62b7f-f2c9-494c-8a34-00a2e2165616.webp,المحامص الخضراء,"Food, Beverages & Tobacco > Beverages > Coffee",القهوة العربية,https://res.cloudinary.com/dgcexgq5g/image/upload/v1751636698/greenroasteries/gallery/gallery/7ff2c79a-c639-48f5-9682-75b31182cf7f_img_7ff2c79a-c639-48f5-9682-75b31182cf7f.webp,,04c5bfd6-200d-4639-9581-ce565f29cbd5,Brown,250g,قهوة,unisex,adult,ar,Nicaragua,القهوة العربية,زعفران,حبوب مطحونة
a3f019df-9ead-4df5-9292-770bd8560ff9_ar,نيكاراغـــوا - 250g زعفران حبوب كاملة,نفخر بنكهة القهوة العربية اإلماراتية المحضرة حسب أصولها، بدءا من انتقاء حبوب البن الخضراء وتحميصها بكل حب حتى ً إضافة الهيل والزعفران، استمتع بتجربة فريدة للتعرف على تقاليدنا وثقافتنا.,in stock,new,69.95 AED,https://thegreenroasteries.com/product/nicaragua?lang=ar,https://res.cloudinary.com/dgcexgq5g/image/upload/v1751636463/greenroasteries/variations/variations/a3f019df-9ead-4df5-9292-770bd8560ff9_var_a3f019df-9ead-4df5-9292-770bd8560ff9.webp,المحامص الخضراء,"Food, Beverages & Tobacco > Beverages > Coffee",القهوة العربية,https://res.cloudinary.com/dgcexgq5g/image/upload/v1751636698/greenroasteries/gallery/gallery/7ff2c79a-c639-48f5-9682-75b31182cf7f_img_7ff2c79a-c639-48f5-9682-75b31182cf7f.webp,,04c5bfd6-200d-4639-9581-ce565f29cbd5,Brown,250g,قهوة,unisex,adult,ar,Nicaragua,القهوة العربية,زعفران,حبوب كاملة
6a24e47d-e373-4c8a-bcaf-3bfca7f108af_ar,نيكاراغـــوا - 1000g هيل و زعفران حبوب مطحونة,نفخر بنكهة القهوة العربية اإلماراتية المحضرة حسب أصولها، بدءا من انتقاء حبوب البن الخضراء وتحميصها بكل حب حتى ً إضافة الهيل والزعفران، استمتع بتجربة فريدة للتعرف على تقاليدنا وثقافتنا.,in stock,new,225.00 AED,https://thegreenroasteries.com/product/nicaragua?lang=ar,https://res.cloudinary.com/dgcexgq5g/image/upload/v1751636468/greenroasteries/variations/variations/6a24e47d-e373-4c8a-bcaf-3bfca7f108af_var_6a24e47d-e373-4c8a-bcaf-3bfca7f108af.webp,المحامص الخضراء,"Food, Beverages & Tobacco > Beverages > Coffee",القهوة العربية,https://res.cloudinary.com/dgcexgq5g/image/upload/v1751636698/greenroasteries/gallery/gallery/7ff2c79a-c639-48f5-9682-75b31182cf7f_img_7ff2c79a-c639-48f5-9682-75b31182cf7f.webp,,04c5bfd6-200d-4639-9581-ce565f29cbd5,Brown,1000g,قهوة,unisex,adult,ar,Nicaragua,القهوة العربية,هيل و زعفران,حبوب مطحونة
dd3bfdbd-53ed-4603-a261-1b3fcda583d5_ar,نيكاراغـــوا - 250g هيل و زعفران حبوب كاملة,نفخر بنكهة القهوة العربية اإلماراتية المحضرة حسب أصولها، بدءا من انتقاء حبوب البن الخضراء وتحميصها بكل حب حتى ً إضافة الهيل والزعفران، استمتع بتجربة فريدة للتعرف على تقاليدنا وثقافتنا.,in stock,new,72.95 AED,https://thegreenroasteries.com/product/nicaragua?lang=ar,https://res.cloudinary.com/dgcexgq5g/image/upload/v1751636473/greenroasteries/variations/variations/dd3bfdbd-53ed-4603-a261-1b3fcda583d5_var_dd3bfdbd-53ed-4603-a261-1b3fcda583d5.webp,المحامص الخضراء,"Food, Beverages & Tobacco > Beverages > Coffee",القهوة العربية,https://res.cloudinary.com/dgcexgq5g/image/upload/v1751636698/greenroasteries/gallery/gallery/7ff2c79a-c639-48f5-9682-75b31182cf7f_img_7ff2c79a-c639-48f5-9682-75b31182cf7f.webp,,04c5bfd6-200d-4639-9581-ce565f29cbd5,Brown,250g,قهوة,unisex,adult,ar,Nicaragua,القهوة العربية,هيل و زعفران,حبوب كاملة
a4f0acc3-e6ea-486a-8c5b-9bdef9193d02_ar,نيكاراغـــوا - 1000g زعفران حبوب كاملة,نفخر بنكهة القهوة العربية اإلماراتية المحضرة حسب أصولها، بدءا من انتقاء حبوب البن الخضراء وتحميصها بكل حب حتى ً إضافة الهيل والزعفران، استمتع بتجربة فريدة للتعرف على تقاليدنا وثقافتنا.,in stock,new,216.00 AED,https://thegreenroasteries.com/product/nicaragua?lang=ar,https://res.cloudinary.com/dgcexgq5g/image/upload/v1751636474/greenroasteries/variations/variations/a4f0acc3-e6ea-486a-8c5b-9bdef9193d02_var_a4f0acc3-e6ea-486a-8c5b-9bdef9193d02.webp,المحامص الخضراء,"Food, Beverages & Tobacco > Beverages > Coffee",القهوة العربية,https://res.cloudinary.com/dgcexgq5g/image/upload/v1751636698/greenroasteries/gallery/gallery/7ff2c79a-c639-48f5-9682-75b31182cf7f_img_7ff2c79a-c639-48f5-9682-75b31182cf7f.webp,,04c5bfd6-200d-4639-9581-ce565f29cbd5,Brown,1000g,قهوة,unisex,adult,ar,Nicaragua,القهوة العربية,زعفران,حبوب كاملة
2eb0e193-7640-4b06-b90e-5961bb609183_ar,نيكاراغـــوا - 500g هيل و زعفران حبوب كاملة,نفخر بنكهة القهوة العربية اإلماراتية المحضرة حسب أصولها، بدءا من انتقاء حبوب البن الخضراء وتحميصها بكل حب حتى ً إضافة الهيل والزعفران، استمتع بتجربة فريدة للتعرف على تقاليدنا وثقافتنا.,in stock,new,126.00 AED,https://thegreenroasteries.com/product/nicaragua?lang=ar,https://res.cloudinary.com/dgcexgq5g/image/upload/v1751636502/greenroasteries/variations/variations/2eb0e193-7640-4b06-b90e-5961bb609183_var_2eb0e193-7640-4b06-b90e-5961bb609183.webp,المحامص الخضراء,"Food, Beverages & Tobacco > Beverages > Coffee",القهوة العربية,https://res.cloudinary.com/dgcexgq5g/image/upload/v1751636698/greenroasteries/gallery/gallery/7ff2c79a-c639-48f5-9682-75b31182cf7f_img_7ff2c79a-c639-48f5-9682-75b31182cf7f.webp,,04c5bfd6-200d-4639-9581-ce565f29cbd5,Brown,500g,قهوة,unisex,adult,ar,Nicaragua,القهوة العربية,هيل و زعفران,حبوب كاملة
278e84c6-9908-404e-90f4-31d5141305c4_ar,نيكاراغـــوا - 250g هيل و زعفران حبوب مطحونة,نفخر بنكهة القهوة العربية اإلماراتية المحضرة حسب أصولها، بدءا من انتقاء حبوب البن الخضراء وتحميصها بكل حب حتى ً إضافة الهيل والزعفران، استمتع بتجربة فريدة للتعرف على تقاليدنا وثقافتنا.,in stock,new,72.95 AED,https://thegreenroasteries.com/product/nicaragua?lang=ar,https://res.cloudinary.com/dgcexgq5g/image/upload/v1751636673/greenroasteries/variations/variations/278e84c6-9908-404e-90f4-31d5141305c4_var_278e84c6-9908-404e-90f4-31d5141305c4.webp,المحامص الخضراء,"Food, Beverages & Tobacco > Beverages > Coffee",القهوة العربية,https://res.cloudinary.com/dgcexgq5g/image/upload/v1751636698/greenroasteries/gallery/gallery/7ff2c79a-c639-48f5-9682-75b31182cf7f_img_7ff2c79a-c639-48f5-9682-75b31182cf7f.webp,,04c5bfd6-200d-4639-9581-ce565f29cbd5,Brown,250g,قهوة,unisex,adult,ar,Nicaragua,القهوة العربية,هيل و زعفران,حبوب مطحونة
327b2d87-e6a7-4059-a1a5-6f7750ebd7ec_ar,نيكاراغـــوا - 1000g هيل حبوب كاملة,نفخر بنكهة القهوة العربية اإلماراتية المحضرة حسب أصولها، بدءا من انتقاء حبوب البن الخضراء وتحميصها بكل حب حتى ً إضافة الهيل والزعفران، استمتع بتجربة فريدة للتعرف على تقاليدنا وثقافتنا.,in stock,new,204.00 AED,https://thegreenroasteries.com/product/nicaragua?lang=ar,https://res.cloudinary.com/dgcexgq5g/image/upload/v1751636384/greenroasteries/variations/variations/327b2d87-e6a7-4059-a1a5-6f7750ebd7ec_var_327b2d87-e6a7-4059-a1a5-6f7750ebd7ec.webp,المحامص الخضراء,"Food, Beverages & Tobacco > Beverages > Coffee",القهوة العربية,https://res.cloudinary.com/dgcexgq5g/image/upload/v1751636698/greenroasteries/gallery/gallery/7ff2c79a-c639-48f5-9682-75b31182cf7f_img_7ff2c79a-c639-48f5-9682-75b31182cf7f.webp,,04c5bfd6-200d-4639-9581-ce565f29cbd5,Brown,1000g,قهوة,unisex,adult,ar,Nicaragua,القهوة العربية,هيل,حبوب كاملة
bbabc006-38cc-4d19-9084-7f9b4bd157eb_ar,نيكاراغـــوا - 500g هيل حبوب كاملة,نفخر بنكهة القهوة العربية اإلماراتية المحضرة حسب أصولها، بدءا من انتقاء حبوب البن الخضراء وتحميصها بكل حب حتى ً إضافة الهيل والزعفران، استمتع بتجربة فريدة للتعرف على تقاليدنا وثقافتنا.,in stock,new,111.00 AED,https://thegreenroasteries.com/product/nicaragua?lang=ar,https://res.cloudinary.com/dgcexgq5g/image/upload/v1751636390/greenroasteries/variations/variations/bbabc006-38cc-4d19-9084-7f9b4bd157eb_var_bbabc006-38cc-4d19-9084-7f9b4bd157eb.webp,المحامص الخضراء,"Food, Beverages & Tobacco > Beverages > Coffee",القهوة العربية,https://res.cloudinary.com/dgcexgq5g/image/upload/v1751636698/greenroasteries/gallery/gallery/7ff2c79a-c639-48f5-9682-75b31182cf7f_img_7ff2c79a-c639-48f5-9682-75b31182cf7f.webp,,04c5bfd6-200d-4639-9581-ce565f29cbd5,Brown,500g,قهوة,unisex,adult,ar,Nicaragua,القهوة العربية,هيل,حبوب كاملة
77a0eeb2-4d57-4403-a63a-a30435f73a2f_ar,نيكاراغـــوا - 1000g هيل حبوب مطحونة,نفخر بنكهة القهوة العربية اإلماراتية المحضرة حسب أصولها، بدءا من انتقاء حبوب البن الخضراء وتحميصها بكل حب حتى ً إضافة الهيل والزعفران، استمتع بتجربة فريدة للتعرف على تقاليدنا وثقافتنا.,in stock,new,204.00 AED,https://thegreenroasteries.com/product/nicaragua?lang=ar,https://res.cloudinary.com/dgcexgq5g/image/upload/v1751636394/greenroasteries/variations/variations/77a0eeb2-4d57-4403-a63a-a30435f73a2f_var_77a0eeb2-4d57-4403-a63a-a30435f73a2f.webp,المحامص الخضراء,"Food, Beverages & Tobacco > Beverages > Coffee",القهوة العربية,https://res.cloudinary.com/dgcexgq5g/image/upload/v1751636698/greenroasteries/gallery/gallery/7ff2c79a-c639-48f5-9682-75b31182cf7f_img_7ff2c79a-c639-48f5-9682-75b31182cf7f.webp,,04c5bfd6-200d-4639-9581-ce565f29cbd5,Brown,1000g,قهوة,unisex,adult,ar,Nicaragua,القهوة العربية,هيل,حبوب مطحونة
5b6463a6-8d82-4572-99ff-de0d9bfcb195_ar,نيكاراغـــوا - 250g هيل حبوب مطحونة,نفخر بنكهة القهوة العربية اإلماراتية المحضرة حسب أصولها، بدءا من انتقاء حبوب البن الخضراء وتحميصها بكل حب حتى ً إضافة الهيل والزعفران، استمتع بتجربة فريدة للتعرف على تقاليدنا وثقافتنا.,in stock,new,62.95 AED,https://thegreenroasteries.com/product/nicaragua?lang=ar,https://res.cloudinary.com/dgcexgq5g/image/upload/v1751636436/greenroasteries/variations/variations/5b6463a6-8d82-4572-99ff-de0d9bfcb195_var_5b6463a6-8d82-4572-99ff-de0d9bfcb195.webp,المحامص الخضراء,"Food, Beverages & Tobacco > Beverages > Coffee",القهوة العربية,https://res.cloudinary.com/dgcexgq5g/image/upload/v1751636698/greenroasteries/gallery/gallery/7ff2c79a-c639-48f5-9682-75b31182cf7f_img_7ff2c79a-c639-48f5-9682-75b31182cf7f.webp,,04c5bfd6-200d-4639-9581-ce565f29cbd5,Brown,250g,قهوة,unisex,adult,ar,Nicaragua,القهوة العربية,هيل,حبوب مطحونة
eca1079d-9b3a-41c0-a16f-816aeed77222_ar,نيكاراغـــوا - 1000g هيل و زعفران حبوب كاملة,نفخر بنكهة القهوة العربية اإلماراتية المحضرة حسب أصولها، بدءا من انتقاء حبوب البن الخضراء وتحميصها بكل حب حتى ً إضافة الهيل والزعفران، استمتع بتجربة فريدة للتعرف على تقاليدنا وثقافتنا.,in stock,new,225.00 AED,https://thegreenroasteries.com/product/nicaragua?lang=ar,https://res.cloudinary.com/dgcexgq5g/image/upload/v1751636467/greenroasteries/variations/variations/eca1079d-9b3a-41c0-a16f-816aeed77222_var_eca1079d-9b3a-41c0-a16f-816aeed77222.webp,المحامص الخضراء,"Food, Beverages & Tobacco > Beverages > Coffee",القهوة العربية,https://res.cloudinary.com/dgcexgq5g/image/upload/v1751636698/greenroasteries/gallery/gallery/7ff2c79a-c639-48f5-9682-75b31182cf7f_img_7ff2c79a-c639-48f5-9682-75b31182cf7f.webp,,04c5bfd6-200d-4639-9581-ce565f29cbd5,Brown,1000g,قهوة,unisex,adult,ar,Nicaragua,القهوة العربية,هيل و زعفران,حبوب كاملة
2f20ce0b-9697-4bf6-98d4-d751847695b1_ar,نيكاراغـــوا - 1000g زعفران حبوب مطحونة,نفخر بنكهة القهوة العربية اإلماراتية المحضرة حسب أصولها، بدءا من انتقاء حبوب البن الخضراء وتحميصها بكل حب حتى ً إضافة الهيل والزعفران، استمتع بتجربة فريدة للتعرف على تقاليدنا وثقافتنا.,in stock,new,216.00 AED,https://thegreenroasteries.com/product/nicaragua?lang=ar,https://res.cloudinary.com/dgcexgq5g/image/upload/v1751636472/greenroasteries/variations/variations/2f20ce0b-9697-4bf6-98d4-d751847695b1_var_2f20ce0b-9697-4bf6-98d4-d751847695b1.webp,المحامص الخضراء,"Food, Beverages & Tobacco > Beverages > Coffee",القهوة العربية,https://res.cloudinary.com/dgcexgq5g/image/upload/v1751636698/greenroasteries/gallery/gallery/7ff2c79a-c639-48f5-9682-75b31182cf7f_img_7ff2c79a-c639-48f5-9682-75b31182cf7f.webp,,04c5bfd6-200d-4639-9581-ce565f29cbd5,Brown,1000g,قهوة,unisex,adult,ar,Nicaragua,القهوة العربية,زعفران,حبوب مطحونة
5cd61633-031e-4664-8dca-bd63ef9d71ac_ar,نيكاراغـــوا - 500g هيل و زعفران حبوب مطحونة,نفخر بنكهة القهوة العربية اإلماراتية المحضرة حسب أصولها، بدءا من انتقاء حبوب البن الخضراء وتحميصها بكل حب حتى ً إضافة الهيل والزعفران، استمتع بتجربة فريدة للتعرف على تقاليدنا وثقافتنا.,in stock,new,126.00 AED,https://thegreenroasteries.com/product/nicaragua?lang=ar,https://res.cloudinary.com/dgcexgq5g/image/upload/v1751636503/greenroasteries/variations/variations/5cd61633-031e-4664-8dca-bd63ef9d71ac_var_5cd61633-031e-4664-8dca-bd63ef9d71ac.webp,المحامص الخضراء,"Food, Beverages & Tobacco > Beverages > Coffee",القهوة العربية,https://res.cloudinary.com/dgcexgq5g/image/upload/v1751636698/greenroasteries/gallery/gallery/7ff2c79a-c639-48f5-9682-75b31182cf7f_img_7ff2c79a-c639-48f5-9682-75b31182cf7f.webp,,04c5bfd6-200d-4639-9581-ce565f29cbd5,Brown,500g,قهوة,unisex,adult,ar,Nicaragua,القهوة العربية,هيل و زعفران,حبوب مطحونة
9617bbe4-bd84-47d5-9894-470dd1519acf_en,Nicaragua - 250g Ground grains,"It is considered one of the most famous coffee producing regions in Nicaragua, as it is characterized by its smooth and balanced taste in addition to the chocolate flavor It can be used to prepare a wide range of coffee styles.",in stock,new,72.95 AED,https://thegreenroasteries.com/product/nicaragua,https://res.cloudinary.com/dgcexgq5g/image/upload/v1751636361/greenroasteries/variations/variations/NIC-MED-ROAS_var_9617bbe4-bd84-47d5-9894-470dd1519acf.webp,Green Roasteries,"Food, Beverages & Tobacco > Beverages > Coffee",FILTER COFFEE,https://res.cloudinary.com/dgcexgq5g/image/upload/v1751636777/greenroasteries/gallery/gallery/NIC-MED-ROAS_img_52c88c9e-4edb-4ee9-be53-ad6dbf4376ef.webp,,a0660458-12e6-49c0-b6cf-fd78c514761c,Brown,250g,Coffee,unisex,adult,en,Nicaragua,FILTER COFFEE,Medium Roast,Ground grains
acd99f68-c631-4420-8037-efcc9e254fc4_en,Nicaragua - 250g whole beans,"It is considered one of the most famous coffee producing regions in Nicaragua, as it is characterized by its smooth and balanced taste in addition to the chocolate flavor It can be used to prepare a wide range of coffee styles.",in stock,new,72.95 AED,https://thegreenroasteries.com/product/nicaragua,https://res.cloudinary.com/dgcexgq5g/image/upload/v1751636363/greenroasteries/variations/variations/NIC-MED-ROAS_var_acd99f68-c631-4420-8037-efcc9e254fc4.webp,Green Roasteries,"Food, Beverages & Tobacco > Beverages > Coffee",FILTER COFFEE,https://res.cloudinary.com/dgcexgq5g/image/upload/v1751636777/greenroasteries/gallery/gallery/NIC-MED-ROAS_img_52c88c9e-4edb-4ee9-be53-ad6dbf4376ef.webp,,a0660458-12e6-49c0-b6cf-fd78c514761c,Brown,250g,Coffee,unisex,adult,en,Nicaragua,FILTER COFFEE,Medium Roast,whole beans
855bb7e9-a4a2-48ac-8bc9-7aee44b4613d_en,Nicaragua - 500g Ground grains,"It is considered one of the most famous coffee producing regions in Nicaragua, as it is characterized by its smooth and balanced taste in addition to the chocolate flavor It can be used to prepare a wide range of coffee styles.",in stock,new,129.95 AED,https://thegreenroasteries.com/product/nicaragua,https://res.cloudinary.com/dgcexgq5g/image/upload/v1751636364/greenroasteries/variations/variations/NIC-MED-ROAS_var_855bb7e9-a4a2-48ac-8bc9-7aee44b4613d.webp,Green Roasteries,"Food, Beverages & Tobacco > Beverages > Coffee",FILTER COFFEE,https://res.cloudinary.com/dgcexgq5g/image/upload/v1751636777/greenroasteries/gallery/gallery/NIC-MED-ROAS_img_52c88c9e-4edb-4ee9-be53-ad6dbf4376ef.webp,,a0660458-12e6-49c0-b6cf-fd78c514761c,Brown,500g,Coffee,unisex,adult,en,Nicaragua,FILTER COFFEE,Medium Roast,Ground grains
1b22fc3a-d652-4b03-99e0-861d72e5724e_en,Nicaragua - 1000g Ground grains,"It is considered one of the most famous coffee producing regions in Nicaragua, as it is characterized by its smooth and balanced taste in addition to the chocolate flavor It can be used to prepare a wide range of coffee styles.",in stock,new,239.95 AED,https://thegreenroasteries.com/product/nicaragua,https://res.cloudinary.com/dgcexgq5g/image/upload/v1751636370/greenroasteries/variations/variations/NIC-MED-ROAS_var_1b22fc3a-d652-4b03-99e0-861d72e5724e.webp,Green Roasteries,"Food, Beverages & Tobacco > Beverages > Coffee",FILTER COFFEE,https://res.cloudinary.com/dgcexgq5g/image/upload/v1751636777/greenroasteries/gallery/gallery/NIC-MED-ROAS_img_52c88c9e-4edb-4ee9-be53-ad6dbf4376ef.webp,,a0660458-12e6-49c0-b6cf-fd78c514761c,Brown,1000g,Coffee,unisex,adult,en,Nicaragua,FILTER COFFEE,Medium Roast,Ground grains
da9b3018-449d-4f41-8b60-5fe0b245b5ea_en,Nicaragua - 500g whole beans,"It is considered one of the most famous coffee producing regions in Nicaragua, as it is characterized by its smooth and balanced taste in addition to the chocolate flavor It can be used to prepare a wide range of coffee styles.",in stock,new,60.00 AED,https://thegreenroasteries.com/product/nicaragua,https://res.cloudinary.com/dgcexgq5g/image/upload/v1751636360/greenroasteries/variations/variations/NIC-MED-ROAS_var_da9b3018-449d-4f41-8b60-5fe0b245b5ea.webp,Green Roasteries,"Food, Beverages & Tobacco > Beverages > Coffee",FILTER COFFEE,https://res.cloudinary.com/dgcexgq5g/image/upload/v1751636777/greenroasteries/gallery/gallery/NIC-MED-ROAS_img_52c88c9e-4edb-4ee9-be53-ad6dbf4376ef.webp,,a0660458-12e6-49c0-b6cf-fd78c514761c,Brown,500g,Coffee,unisex,adult,en,Nicaragua,FILTER COFFEE,Medium Roast,whole beans
1fa0a8ca-d7e1-4d4e-88fd-1ef6ec4117a5_en,Nicaragua - 1000g whole beans,"It is considered one of the most famous coffee producing regions in Nicaragua, as it is characterized by its smooth and balanced taste in addition to the chocolate flavor It can be used to prepare a wide range of coffee styles.",in stock,new,239.95 AED,https://thegreenroasteries.com/product/nicaragua,https://res.cloudinary.com/dgcexgq5g/image/upload/v1751636567/greenroasteries/variations/variations/NIC-MED-ROAS_var_1fa0a8ca-d7e1-4d4e-88fd-1ef6ec4117a5.webp,Green Roasteries,"Food, Beverages & Tobacco > Beverages > Coffee",FILTER COFFEE,https://res.cloudinary.com/dgcexgq5g/image/upload/v1751636777/greenroasteries/gallery/gallery/NIC-MED-ROAS_img_52c88c9e-4edb-4ee9-be53-ad6dbf4376ef.webp,,a0660458-12e6-49c0-b6cf-fd78c514761c,Brown,1000g,Coffee,unisex,adult,en,Nicaragua,FILTER COFFEE,Medium Roast,whole beans
9617bbe4-bd84-47d5-9894-470dd1519acf_ar,نيكاراغـــوا - 250g حبوب مطحونة,تعتبر من أشهر مناطق إنتاج القهوة في نيكاراغوا، حيث تتميز بمذاقها السلس والمتوازن باإلضافة إلى نكهة الشوكوالتة، ويمكن استخدامها لتحضير مجموعة واسعة من أنماط القهوة.,in stock,new,72.95 AED,https://thegreenroasteries.com/product/nicaragua?lang=ar,https://res.cloudinary.com/dgcexgq5g/image/upload/v1751636361/greenroasteries/variations/variations/NIC-MED-ROAS_var_9617bbe4-bd84-47d5-9894-470dd1519acf.webp,المحامص الخضراء,"Food, Beverages & Tobacco > Beverages > Coffee",قهوة مقطرة,https://res.cloudinary.com/dgcexgq5g/image/upload/v1751636777/greenroasteries/gallery/gallery/NIC-MED-ROAS_img_52c88c9e-4edb-4ee9-be53-ad6dbf4376ef.webp,,a0660458-12e6-49c0-b6cf-fd78c514761c,Brown,250g,قهوة,unisex,adult,ar,Nicaragua,قهوة مقطرة,تحميص متوسط,حبوب مطحونة
acd99f68-c631-4420-8037-efcc9e254fc4_ar,نيكاراغـــوا - 250g حبوب كاملة,تعتبر من أشهر مناطق إنتاج القهوة في نيكاراغوا، حيث تتميز بمذاقها السلس والمتوازن باإلضافة إلى نكهة الشوكوالتة، ويمكن استخدامها لتحضير مجموعة واسعة من أنماط القهوة.,in stock,new,72.95 AED,https://thegreenroasteries.com/product/nicaragua?lang=ar,https://res.cloudinary.com/dgcexgq5g/image/upload/v1751636363/greenroasteries/variations/variations/NIC-MED-ROAS_var_acd99f68-c631-4420-8037-efcc9e254fc4.webp,المحامص الخضراء,"Food, Beverages & Tobacco > Beverages > Coffee",قهوة مقطرة,https://res.cloudinary.com/dgcexgq5g/image/upload/v1751636777/greenroasteries/gallery/gallery/NIC-MED-ROAS_img_52c88c9e-4edb-4ee9-be53-ad6dbf4376ef.webp,,a0660458-12e6-49c0-b6cf-fd78c514761c,Brown,250g,قهوة,unisex,adult,ar,Nicaragua,قهوة مقطرة,تحميص متوسط,حبوب كاملة
855bb7e9-a4a2-48ac-8bc9-7aee44b4613d_ar,نيكاراغـــوا - 500g حبوب مطحونة,تعتبر من أشهر مناطق إنتاج القهوة في نيكاراغوا، حيث تتميز بمذاقها السلس والمتوازن باإلضافة إلى نكهة الشوكوالتة، ويمكن استخدامها لتحضير مجموعة واسعة من أنماط القهوة.,in stock,new,129.95 AED,https://thegreenroasteries.com/product/nicaragua?lang=ar,https://res.cloudinary.com/dgcexgq5g/image/upload/v1751636364/greenroasteries/variations/variations/NIC-MED-ROAS_var_855bb7e9-a4a2-48ac-8bc9-7aee44b4613d.webp,المحامص الخضراء,"Food, Beverages & Tobacco > Beverages > Coffee",قهوة مقطرة,https://res.cloudinary.com/dgcexgq5g/image/upload/v1751636777/greenroasteries/gallery/gallery/NIC-MED-ROAS_img_52c88c9e-4edb-4ee9-be53-ad6dbf4376ef.webp,,a0660458-12e6-49c0-b6cf-fd78c514761c,Brown,500g,قهوة,unisex,adult,ar,Nicaragua,قهوة مقطرة,تحميص متوسط,حبوب مطحونة
1b22fc3a-d652-4b03-99e0-861d72e5724e_ar,نيكاراغـــوا - 1000g حبوب مطحونة,تعتبر من أشهر مناطق إنتاج القهوة في نيكاراغوا، حيث تتميز بمذاقها السلس والمتوازن باإلضافة إلى نكهة الشوكوالتة، ويمكن استخدامها لتحضير مجموعة واسعة من أنماط القهوة.,in stock,new,239.95 AED,https://thegreenroasteries.com/product/nicaragua?lang=ar,https://res.cloudinary.com/dgcexgq5g/image/upload/v1751636370/greenroasteries/variations/variations/NIC-MED-ROAS_var_1b22fc3a-d652-4b03-99e0-861d72e5724e.webp,المحامص الخضراء,"Food, Beverages & Tobacco > Beverages > Coffee",قهوة مقطرة,https://res.cloudinary.com/dgcexgq5g/image/upload/v1751636777/greenroasteries/gallery/gallery/NIC-MED-ROAS_img_52c88c9e-4edb-4ee9-be53-ad6dbf4376ef.webp,,a0660458-12e6-49c0-b6cf-fd78c514761c,Brown,1000g,قهوة,unisex,adult,ar,Nicaragua,قهوة مقطرة,تحميص متوسط,حبوب مطحونة
da9b3018-449d-4f41-8b60-5fe0b245b5ea_ar,نيكاراغـــوا - 500g حبوب كاملة,تعتبر من أشهر مناطق إنتاج القهوة في نيكاراغوا، حيث تتميز بمذاقها السلس والمتوازن باإلضافة إلى نكهة الشوكوالتة، ويمكن استخدامها لتحضير مجموعة واسعة من أنماط القهوة.,in stock,new,60.00 AED,https://thegreenroasteries.com/product/nicaragua?lang=ar,https://res.cloudinary.com/dgcexgq5g/image/upload/v1751636360/greenroasteries/variations/variations/NIC-MED-ROAS_var_da9b3018-449d-4f41-8b60-5fe0b245b5ea.webp,المحامص الخضراء,"Food, Beverages & Tobacco > Beverages > Coffee",قهوة مقطرة,https://res.cloudinary.com/dgcexgq5g/image/upload/v1751636777/greenroasteries/gallery/gallery/NIC-MED-ROAS_img_52c88c9e-4edb-4ee9-be53-ad6dbf4376ef.webp,,a0660458-12e6-49c0-b6cf-fd78c514761c,Brown,500g,قهوة,unisex,adult,ar,Nicaragua,قهوة مقطرة,تحميص متوسط,حبوب كاملة
1fa0a8ca-d7e1-4d4e-88fd-1ef6ec4117a5_ar,نيكاراغـــوا - 1000g حبوب كاملة,تعتبر من أشهر مناطق إنتاج القهوة في نيكاراغوا، حيث تتميز بمذاقها السلس والمتوازن باإلضافة إلى نكهة الشوكوالتة، ويمكن استخدامها لتحضير مجموعة واسعة من أنماط القهوة.,in stock,new,239.95 AED,https://thegreenroasteries.com/product/nicaragua?lang=ar,https://res.cloudinary.com/dgcexgq5g/image/upload/v1751636567/greenroasteries/variations/variations/NIC-MED-ROAS_var_1fa0a8ca-d7e1-4d4e-88fd-1ef6ec4117a5.webp,المحامص الخضراء,"Food, Beverages & Tobacco > Beverages > Coffee",قهوة مقطرة,https://res.cloudinary.com/dgcexgq5g/image/upload/v1751636777/greenroasteries/gallery/gallery/NIC-MED-ROAS_img_52c88c9e-4edb-4ee9-be53-ad6dbf4376ef.webp,,a0660458-12e6-49c0-b6cf-fd78c514761c,Brown,1000g,قهوة,unisex,adult,ar,Nicaragua,قهوة مقطرة,تحميص متوسط,حبوب كاملة
3dd799b6-bf56-4e8a-8386-de971693e5c0_en,Nicaragua - 1000g whole beans,"It is considered one of the most famous coffee producing regions in Nicaragua, as it is characterized by its smooth and balanced taste in addition to the chocolate flavor It can be used to prepare a wide range of coffee styles.",in stock,new,239.95 AED,https://thegreenroasteries.com/product/nicaragua,https://res.cloudinary.com/dgcexgq5g/image/upload/v1751636552/greenroasteries/variations/variations/NIC-ESPRS-ROAS_var_3dd799b6-bf56-4e8a-8386-de971693e5c0.webp,Green Roasteries,"Food, Beverages & Tobacco > Beverages > Coffee",ESPRESSO ROAST,https://res.cloudinary.com/dgcexgq5g/image/upload/v1751636740/greenroasteries/gallery/gallery/NIC-ESPRS-ROAS_img_687604fd-6679-45f4-aa23-8b2c6e9a7c11.webp,,d6a270fb-bedf-442c-be85-26bd54d26a10,Brown,1000g,Coffee,unisex,adult,en,Nicaragua,ESPRESSO ROAST,Medium Roast,whole beans
e5be5366-1085-4e2d-91a4-4a20dcd3a9e2_en,Nicaragua - 500g Ground grains,"It is considered one of the most famous coffee producing regions in Nicaragua, as it is characterized by its smooth and balanced taste in addition to the chocolate flavor It can be used to prepare a wide range of coffee styles.",in stock,new,129.95 AED,https://thegreenroasteries.com/product/nicaragua,https://res.cloudinary.com/dgcexgq5g/image/upload/v1751636598/greenroasteries/variations/variations/NIC-ESPRS-ROAS_var_e5be5366-1085-4e2d-91a4-4a20dcd3a9e2.webp,Green Roasteries,"Food, Beverages & Tobacco > Beverages > Coffee",ESPRESSO ROAST,https://res.cloudinary.com/dgcexgq5g/image/upload/v1751636740/greenroasteries/gallery/gallery/NIC-ESPRS-ROAS_img_687604fd-6679-45f4-aa23-8b2c6e9a7c11.webp,,d6a270fb-bedf-442c-be85-26bd54d26a10,Brown,500g,Coffee,unisex,adult,en,Nicaragua,ESPRESSO ROAST,Medium Roast,Ground grains
95a20398-4975-42fd-a3d7-220f5d4e5975_en,Nicaragua - 250g whole beans,"It is considered one of the most famous coffee producing regions in Nicaragua, as it is characterized by its smooth and balanced taste in addition to the chocolate flavor It can be used to prepare a wide range of coffee styles.",in stock,new,72.95 AED,https://thegreenroasteries.com/product/nicaragua,https://res.cloudinary.com/dgcexgq5g/image/upload/v1751636603/greenroasteries/variations/variations/NIC-ESPRS-ROAS_var_95a20398-4975-42fd-a3d7-220f5d4e5975.webp,Green Roasteries,"Food, Beverages & Tobacco > Beverages > Coffee",ESPRESSO ROAST,https://res.cloudinary.com/dgcexgq5g/image/upload/v1751636740/greenroasteries/gallery/gallery/NIC-ESPRS-ROAS_img_687604fd-6679-45f4-aa23-8b2c6e9a7c11.webp,,d6a270fb-bedf-442c-be85-26bd54d26a10,Brown,250g,Coffee,unisex,adult,en,Nicaragua,ESPRESSO ROAST,Medium Roast,whole beans
cd3e32ce-60cf-4250-923c-e1af14af55a2_en,Nicaragua - 500g whole beans,"It is considered one of the most famous coffee producing regions in Nicaragua, as it is characterized by its smooth and balanced taste in addition to the chocolate flavor It can be used to prepare a wide range of coffee styles.",in stock,new,129.95 AED,https://thegreenroasteries.com/product/nicaragua,https://res.cloudinary.com/dgcexgq5g/image/upload/v1751636604/greenroasteries/variations/variations/NIC-ESPRS-ROAS_var_cd3e32ce-60cf-4250-923c-e1af14af55a2.webp,Green Roasteries,"Food, Beverages & Tobacco > Beverages > Coffee",ESPRESSO ROAST,https://res.cloudinary.com/dgcexgq5g/image/upload/v1751636740/greenroasteries/gallery/gallery/NIC-ESPRS-ROAS_img_687604fd-6679-45f4-aa23-8b2c6e9a7c11.webp,,d6a270fb-bedf-442c-be85-26bd54d26a10,Brown,500g,Coffee,unisex,adult,en,Nicaragua,ESPRESSO ROAST,Medium Roast,whole beans
c935d772-7d74-4479-9ee8-c1869537a86b_en,Nicaragua - 1000g Ground grains,"It is considered one of the most famous coffee producing regions in Nicaragua, as it is characterized by its smooth and balanced taste in addition to the chocolate flavor It can be used to prepare a wide range of coffee styles.",in stock,new,239.95 AED,https://thegreenroasteries.com/product/nicaragua,https://res.cloudinary.com/dgcexgq5g/image/upload/v1751636541/greenroasteries/variations/variations/NIC-ESPRS-ROAS_var_c935d772-7d74-4479-9ee8-c1869537a86b.webp,Green Roasteries,"Food, Beverages & Tobacco > Beverages > Coffee",ESPRESSO ROAST,https://res.cloudinary.com/dgcexgq5g/image/upload/v1751636740/greenroasteries/gallery/gallery/NIC-ESPRS-ROAS_img_687604fd-6679-45f4-aa23-8b2c6e9a7c11.webp,,d6a270fb-bedf-442c-be85-26bd54d26a10,Brown,1000g,Coffee,unisex,adult,en,Nicaragua,ESPRESSO ROAST,Medium Roast,Ground grains
c91577fd-4f8b-4d52-a128-3730cf26edd2_en,Nicaragua - 250g Ground grains,"It is considered one of the most famous coffee producing regions in Nicaragua, as it is characterized by its smooth and balanced taste in addition to the chocolate flavor It can be used to prepare a wide range of coffee styles.",in stock,new,72.95 AED,https://thegreenroasteries.com/product/nicaragua,https://res.cloudinary.com/dgcexgq5g/image/upload/v1751636595/greenroasteries/variations/variations/NIC-ESPRS-ROAS_var_c91577fd-4f8b-4d52-a128-3730cf26edd2.webp,Green Roasteries,"Food, Beverages & Tobacco > Beverages > Coffee",ESPRESSO ROAST,https://res.cloudinary.com/dgcexgq5g/image/upload/v1751636740/greenroasteries/gallery/gallery/NIC-ESPRS-ROAS_img_687604fd-6679-45f4-aa23-8b2c6e9a7c11.webp,,d6a270fb-bedf-442c-be85-26bd54d26a10,Brown,250g,Coffee,unisex,adult,en,Nicaragua,ESPRESSO ROAST,Medium Roast,Ground grains
3dd799b6-bf56-4e8a-8386-de971693e5c0_ar,نيكاراغـــوا - 1000g حبوب كاملة,تعتبر من أشهر مناطق إنتاج القهوة في نيكاراغوا، حيث تتميز بمذاقها السلس والمتوازن باإلضافة إلى نكهة الشوكوالتة، ويمكن استخدامها لتحضير مجموعة واسعة من أنماط القهوة.,in stock,new,239.95 AED,https://thegreenroasteries.com/product/nicaragua?lang=ar,https://res.cloudinary.com/dgcexgq5g/image/upload/v1751636552/greenroasteries/variations/variations/NIC-ESPRS-ROAS_var_3dd799b6-bf56-4e8a-8386-de971693e5c0.webp,المحامص الخضراء,"Food, Beverages & Tobacco > Beverages > Coffee",تحميص الإسبريسو,https://res.cloudinary.com/dgcexgq5g/image/upload/v1751636740/greenroasteries/gallery/gallery/NIC-ESPRS-ROAS_img_687604fd-6679-45f4-aa23-8b2c6e9a7c11.webp,,d6a270fb-bedf-442c-be85-26bd54d26a10,Brown,1000g,قهوة,unisex,adult,ar,Nicaragua,تحميص الإسبريسو,تحميص متوسط,حبوب كاملة
e5be5366-1085-4e2d-91a4-4a20dcd3a9e2_ar,نيكاراغـــوا - 500g حبوب مطحونة,تعتبر من أشهر مناطق إنتاج القهوة في نيكاراغوا، حيث تتميز بمذاقها السلس والمتوازن باإلضافة إلى نكهة الشوكوالتة، ويمكن استخدامها لتحضير مجموعة واسعة من أنماط القهوة.,in stock,new,129.95 AED,https://thegreenroasteries.com/product/nicaragua?lang=ar,https://res.cloudinary.com/dgcexgq5g/image/upload/v1751636598/greenroasteries/variations/variations/NIC-ESPRS-ROAS_var_e5be5366-1085-4e2d-91a4-4a20dcd3a9e2.webp,المحامص الخضراء,"Food, Beverages & Tobacco > Beverages > Coffee",تحميص الإسبريسو,https://res.cloudinary.com/dgcexgq5g/image/upload/v1751636740/greenroasteries/gallery/gallery/NIC-ESPRS-ROAS_img_687604fd-6679-45f4-aa23-8b2c6e9a7c11.webp,,d6a270fb-bedf-442c-be85-26bd54d26a10,Brown,500g,قهوة,unisex,adult,ar,Nicaragua,تحميص الإسبريسو,تحميص متوسط,حبوب مطحونة
95a20398-4975-42fd-a3d7-220f5d4e5975_ar,نيكاراغـــوا - 250g حبوب كاملة,تعتبر من أشهر مناطق إنتاج القهوة في نيكاراغوا، حيث تتميز بمذاقها السلس والمتوازن باإلضافة إلى نكهة الشوكوالتة، ويمكن استخدامها لتحضير مجموعة واسعة من أنماط القهوة.,in stock,new,72.95 AED,https://thegreenroasteries.com/product/nicaragua?lang=ar,https://res.cloudinary.com/dgcexgq5g/image/upload/v1751636603/greenroasteries/variations/variations/NIC-ESPRS-ROAS_var_95a20398-4975-42fd-a3d7-220f5d4e5975.webp,المحامص الخضراء,"Food, Beverages & Tobacco > Beverages > Coffee",تحميص الإسبريسو,https://res.cloudinary.com/dgcexgq5g/image/upload/v1751636740/greenroasteries/gallery/gallery/NIC-ESPRS-ROAS_img_687604fd-6679-45f4-aa23-8b2c6e9a7c11.webp,,d6a270fb-bedf-442c-be85-26bd54d26a10,Brown,250g,قهوة,unisex,adult,ar,Nicaragua,تحميص الإسبريسو,تحميص متوسط,حبوب كاملة
cd3e32ce-60cf-4250-923c-e1af14af55a2_ar,نيكاراغـــوا - 500g حبوب كاملة,تعتبر من أشهر مناطق إنتاج القهوة في نيكاراغوا، حيث تتميز بمذاقها السلس والمتوازن باإلضافة إلى نكهة الشوكوالتة، ويمكن استخدامها لتحضير مجموعة واسعة من أنماط القهوة.,in stock,new,129.95 AED,https://thegreenroasteries.com/product/nicaragua?lang=ar,https://res.cloudinary.com/dgcexgq5g/image/upload/v1751636604/greenroasteries/variations/variations/NIC-ESPRS-ROAS_var_cd3e32ce-60cf-4250-923c-e1af14af55a2.webp,المحامص الخضراء,"Food, Beverages & Tobacco > Beverages > Coffee",تحميص الإسبريسو,https://res.cloudinary.com/dgcexgq5g/image/upload/v1751636740/greenroasteries/gallery/gallery/NIC-ESPRS-ROAS_img_687604fd-6679-45f4-aa23-8b2c6e9a7c11.webp,,d6a270fb-bedf-442c-be85-26bd54d26a10,Brown,500g,قهوة,unisex,adult,ar,Nicaragua,تحميص الإسبريسو,تحميص متوسط,حبوب كاملة
c935d772-7d74-4479-9ee8-c1869537a86b_ar,نيكاراغـــوا - 1000g حبوب مطحونة,تعتبر من أشهر مناطق إنتاج القهوة في نيكاراغوا، حيث تتميز بمذاقها السلس والمتوازن باإلضافة إلى نكهة الشوكوالتة، ويمكن استخدامها لتحضير مجموعة واسعة من أنماط القهوة.,in stock,new,239.95 AED,https://thegreenroasteries.com/product/nicaragua?lang=ar,https://res.cloudinary.com/dgcexgq5g/image/upload/v1751636541/greenroasteries/variations/variations/NIC-ESPRS-ROAS_var_c935d772-7d74-4479-9ee8-c1869537a86b.webp,المحامص الخضراء,"Food, Beverages & Tobacco > Beverages > Coffee",تحميص الإسبريسو,https://res.cloudinary.com/dgcexgq5g/image/upload/v1751636740/greenroasteries/gallery/gallery/NIC-ESPRS-ROAS_img_687604fd-6679-45f4-aa23-8b2c6e9a7c11.webp,,d6a270fb-bedf-442c-be85-26bd54d26a10,Brown,1000g,قهوة,unisex,adult,ar,Nicaragua,تحميص الإسبريسو,تحميص متوسط,حبوب مطحونة
c91577fd-4f8b-4d52-a128-3730cf26edd2_ar,نيكاراغـــوا - 250g حبوب مطحونة,تعتبر من أشهر مناطق إنتاج القهوة في نيكاراغوا، حيث تتميز بمذاقها السلس والمتوازن باإلضافة إلى نكهة الشوكوالتة، ويمكن استخدامها لتحضير مجموعة واسعة من أنماط القهوة.,in stock,new,72.95 AED,https://thegreenroasteries.com/product/nicaragua?lang=ar,https://res.cloudinary.com/dgcexgq5g/image/upload/v1751636595/greenroasteries/variations/variations/NIC-ESPRS-ROAS_var_c91577fd-4f8b-4d52-a128-3730cf26edd2.webp,المحامص الخضراء,"Food, Beverages & Tobacco > Beverages > Coffee",تحميص الإسبريسو,https://res.cloudinary.com/dgcexgq5g/image/upload/v1751636740/greenroasteries/gallery/gallery/NIC-ESPRS-ROAS_img_687604fd-6679-45f4-aa23-8b2c6e9a7c11.webp,,d6a270fb-bedf-442c-be85-26bd54d26a10,Brown,250g,قهوة,unisex,adult,ar,Nicaragua,تحميص الإسبريسو,تحميص متوسط,حبوب مطحونة
521f77ab-9243-4590-8aae-57d08b9547e7_en,Pistachio Powder salt - 250g,Pistachio Powder salt,in stock,new,49.95 AED,https://thegreenroasteries.com/product/pistachio-powder-salt,https://res.cloudinary.com/dgcexgq5g/image/upload/v1751636307/greenroasteries/products/products/NT-PS-T.webp,Green Roasteries,"Food, Beverages & Tobacco > Food Items > Snack Foods > Nuts & Seeds",NUTS & DRIED FRUITS,,,a512870e-021c-4efa-8c36-56ed9b854536,Brown,250g,Coffee,unisex,adult,en,Premium Origin,NUTS & DRIED FRUITS,Medium Roast,Arabica Beans
58e398b1-1cdb-4ef2-b78c-8725157b539c_en,Pistachio Powder salt - 500g,Pistachio Powder salt,in stock,new,66.95 AED,https://thegreenroasteries.com/product/pistachio-powder-salt,https://res.cloudinary.com/dgcexgq5g/image/upload/v1751636307/greenroasteries/products/products/NT-PS-T.webp,Green Roasteries,"Food, Beverages & Tobacco > Food Items > Snack Foods > Nuts & Seeds",NUTS & DRIED FRUITS,,,a512870e-021c-4efa-8c36-56ed9b854536,Brown,500g,Coffee,unisex,adult,en,Premium Origin,NUTS & DRIED FRUITS,Medium Roast,Arabica Beans
157fee20-c3d5-4c7b-9fba-bd6785e9dc7e_en,Pistachio Powder salt - 1000g,Pistachio Powder salt,in stock,new,89.95 AED,https://thegreenroasteries.com/product/pistachio-powder-salt,https://res.cloudinary.com/dgcexgq5g/image/upload/v1751636307/greenroasteries/products/products/NT-PS-T.webp,Green Roasteries,"Food, Beverages & Tobacco > Food Items > Snack Foods > Nuts & Seeds",NUTS & DRIED FRUITS,,,a512870e-021c-4efa-8c36-56ed9b854536,Brown,1000g,Coffee,unisex,adult,en,Premium Origin,NUTS & DRIED FRUITS,Medium Roast,Arabica Beans
521f77ab-9243-4590-8aae-57d08b9547e7_ar,فستق حلبي محمص و مملح أكثر - 250g,Pistachio Powder salt,in stock,new,49.95 AED,https://thegreenroasteries.com/product/pistachio-powder-salt?lang=ar,https://res.cloudinary.com/dgcexgq5g/image/upload/v1751636307/greenroasteries/products/products/NT-PS-T.webp,المحامص الخضراء,"Food, Beverages & Tobacco > Beverages > Coffee",مكسرات وفواكه مجففة,,,a512870e-021c-4efa-8c36-56ed9b854536,Brown,250g,قهوة,unisex,adult,ar,أصل مميز,مكسرات وفواكه مجففة,تحميص متوسط,حبوب عربية
58e398b1-1cdb-4ef2-b78c-8725157b539c_ar,فستق حلبي محمص و مملح أكثر - 500g,Pistachio Powder salt,in stock,new,66.95 AED,https://thegreenroasteries.com/product/pistachio-powder-salt?lang=ar,https://res.cloudinary.com/dgcexgq5g/image/upload/v1751636307/greenroasteries/products/products/NT-PS-T.webp,المحامص الخضراء,"Food, Beverages & Tobacco > Beverages > Coffee",مكسرات وفواكه مجففة,,,a512870e-021c-4efa-8c36-56ed9b854536,Brown,500g,قهوة,unisex,adult,ar,أصل مميز,مكسرات وفواكه مجففة,تحميص متوسط,حبوب عربية
157fee20-c3d5-4c7b-9fba-bd6785e9dc7e_ar,فستق حلبي محمص و مملح أكثر - 1000g,Pistachio Powder salt,in stock,new,89.95 AED,https://thegreenroasteries.com/product/pistachio-powder-salt?lang=ar,https://res.cloudinary.com/dgcexgq5g/image/upload/v1751636307/greenroasteries/products/products/NT-PS-T.webp,المحامص الخضراء,"Food, Beverages & Tobacco > Beverages > Coffee",مكسرات وفواكه مجففة,,,a512870e-021c-4efa-8c36-56ed9b854536,Brown,1000g,قهوة,unisex,adult,ar,أصل مميز,مكسرات وفواكه مجففة,تحميص متوسط,حبوب عربية
49bb1c33-91cc-40f1-adfb-6f4380bff14d_en,Pizza Roasted Cashews - 250g,"Turn up the heat with our Chili-Spiced Roasted Cashews! We start with premium cashews, dry-roasting them to a golden crisp before tossing in a fiery blend of chili powder, smoked paprika, and a hint of garlic. The result is a perfectly balanced snack that delivers a satisfying crunch with every spicy bite. Ideal for those who crave bold, savory flavors—enjoy them straight from the jar, sprinkle over tacos or salads for an extra kick, or pair with your favorite beer for a fiery snack time.",in stock,new,49.95 AED,https://thegreenroasteries.com/product/pizza-roasted-cashews,https://res.cloudinary.com/dgcexgq5g/image/upload/v1751636341/greenroasteries/products/products/NT-CSH-CH.jpg,Green Roasteries,"Food, Beverages & Tobacco > Food Items > Snack Foods > Nuts & Seeds",NUTS & DRIED FRUITS,,,e7524fd3-ba61-4fb2-bc83-a077b28ec222,Brown,250g,Coffee,unisex,adult,en,Premium Origin,NUTS & DRIED FRUITS,Medium Roast,Arabica Beans
a20993e6-45f9-4265-ba43-602977e7348d_en,Pizza Roasted Cashews - 500g,"Turn up the heat with our Chili-Spiced Roasted Cashews! We start with premium cashews, dry-roasting them to a golden crisp before tossing in a fiery blend of chili powder, smoked paprika, and a hint of garlic. The result is a perfectly balanced snack that delivers a satisfying crunch with every spicy bite. Ideal for those who crave bold, savory flavors—enjoy them straight from the jar, sprinkle over tacos or salads for an extra kick, or pair with your favorite beer for a fiery snack time.",in stock,new,67.95 AED,https://thegreenroasteries.com/product/pizza-roasted-cashews,https://res.cloudinary.com/dgcexgq5g/image/upload/v1751636341/greenroasteries/products/products/NT-CSH-CH.jpg,Green Roasteries,"Food, Beverages & Tobacco > Food Items > Snack Foods > Nuts & Seeds",NUTS & DRIED FRUITS,,,e7524fd3-ba61-4fb2-bc83-a077b28ec222,Brown,500g,Coffee,unisex,adult,en,Premium Origin,NUTS & DRIED FRUITS,Medium Roast,Arabica Beans
8753cc9d-c005-46fb-a6ac-d0e58db7ec7b_en,Pizza Roasted Cashews - 1000g,"Turn up the heat with our Chili-Spiced Roasted Cashews! We start with premium cashews, dry-roasting them to a golden crisp before tossing in a fiery blend of chili powder, smoked paprika, and a hint of garlic. The result is a perfectly balanced snack that delivers a satisfying crunch with every spicy bite. Ideal for those who crave bold, savory flavors—enjoy them straight from the jar, sprinkle over tacos or salads for an extra kick, or pair with your favorite beer for a fiery snack time.",in stock,new,115.95 AED,https://thegreenroasteries.com/product/pizza-roasted-cashews,https://res.cloudinary.com/dgcexgq5g/image/upload/v1751636341/greenroasteries/products/products/NT-CSH-CH.jpg,Green Roasteries,"Food, Beverages & Tobacco > Food Items > Snack Foods > Nuts & Seeds",NUTS & DRIED FRUITS,,,e7524fd3-ba61-4fb2-bc83-a077b28ec222,Brown,1000g,Coffee,unisex,adult,en,Premium Origin,NUTS & DRIED FRUITS,Medium Roast,Arabica Beans
49bb1c33-91cc-40f1-adfb-6f4380bff14d_ar,كاجو محمص  بيتزا - 250g,أضف لمسة حارة إلى يومك مع كاجو محمص بتتبيلة الفلفل الحار! نختار حبات الكاجو الفاخرة ونحمصها جافاً حتى تكتسب قواماً مقرمشاً ذهبياً، ثم نغلفها بخليط ناري من مسحوق الفلفل الحار، البابريكا المدخنة، ولمسة من الثوم. النتيجة وجبة خفيفة متوازنة تمنحك قرمشة مرضية ونكهة حارة غنية في كل قضمة. مثالي لمحبي النكهات الجريئة—تناولها مباشرة، أو أضفها على التاكو والسلطات، أو قدمها مع مشروبك البارد كوجبة خفيفة مليئة بالتحدي الحار.,in stock,new,49.95 AED,https://thegreenroasteries.com/product/pizza-roasted-cashews?lang=ar,https://res.cloudinary.com/dgcexgq5g/image/upload/v1751636341/greenroasteries/products/products/NT-CSH-CH.jpg,المحامص الخضراء,"Food, Beverages & Tobacco > Beverages > Coffee",مكسرات وفواكه مجففة,,,e7524fd3-ba61-4fb2-bc83-a077b28ec222,Brown,250g,قهوة,unisex,adult,ar,أصل مميز,مكسرات وفواكه مجففة,تحميص متوسط,حبوب عربية
a20993e6-45f9-4265-ba43-602977e7348d_ar,كاجو محمص  بيتزا - 500g,أضف لمسة حارة إلى يومك مع كاجو محمص بتتبيلة الفلفل الحار! نختار حبات الكاجو الفاخرة ونحمصها جافاً حتى تكتسب قواماً مقرمشاً ذهبياً، ثم نغلفها بخليط ناري من مسحوق الفلفل الحار، البابريكا المدخنة، ولمسة من الثوم. النتيجة وجبة خفيفة متوازنة تمنحك قرمشة مرضية ونكهة حارة غنية في كل قضمة. مثالي لمحبي النكهات الجريئة—تناولها مباشرة، أو أضفها على التاكو والسلطات، أو قدمها مع مشروبك البارد كوجبة خفيفة مليئة بالتحدي الحار.,in stock,new,67.95 AED,https://thegreenroasteries.com/product/pizza-roasted-cashews?lang=ar,https://res.cloudinary.com/dgcexgq5g/image/upload/v1751636341/greenroasteries/products/products/NT-CSH-CH.jpg,المحامص الخضراء,"Food, Beverages & Tobacco > Beverages > Coffee",مكسرات وفواكه مجففة,,,e7524fd3-ba61-4fb2-bc83-a077b28ec222,Brown,500g,قهوة,unisex,adult,ar,أصل مميز,مكسرات وفواكه مجففة,تحميص متوسط,حبوب عربية
8753cc9d-c005-46fb-a6ac-d0e58db7ec7b_ar,كاجو محمص  بيتزا - 1000g,أضف لمسة حارة إلى يومك مع كاجو محمص بتتبيلة الفلفل الحار! نختار حبات الكاجو الفاخرة ونحمصها جافاً حتى تكتسب قواماً مقرمشاً ذهبياً، ثم نغلفها بخليط ناري من مسحوق الفلفل الحار، البابريكا المدخنة، ولمسة من الثوم. النتيجة وجبة خفيفة متوازنة تمنحك قرمشة مرضية ونكهة حارة غنية في كل قضمة. مثالي لمحبي النكهات الجريئة—تناولها مباشرة، أو أضفها على التاكو والسلطات، أو قدمها مع مشروبك البارد كوجبة خفيفة مليئة بالتحدي الحار.,in stock,new,115.95 AED,https://thegreenroasteries.com/product/pizza-roasted-cashews?lang=ar,https://res.cloudinary.com/dgcexgq5g/image/upload/v1751636341/greenroasteries/products/products/NT-CSH-CH.jpg,المحامص الخضراء,"Food, Beverages & Tobacco > Beverages > Coffee",مكسرات وفواكه مجففة,,,e7524fd3-ba61-4fb2-bc83-a077b28ec222,Brown,1000g,قهوة,unisex,adult,ar,أصل مميز,مكسرات وفواكه مجففة,تحميص متوسط,حبوب عربية
6d07e5de-86fe-40b1-89f5-14542d1f8b44_en,Premium Black Raisins - 250g,"These plump, jet-black raisins are crafted from sun-ripe seedless grapes that have been carefully dried to concentrate their rich, naturally sweet flavor. Each tender bite delivers intense notes of grape, with a satisfyingly chewy texture and a hint of brown-sugar caramel. Perfect for snacking straight from the bag, stirring into hot oatmeal, baking into breads and cookies, or pairing with sharp cheeses for an elegant contrast.",in stock,new,13.95 AED,https://thegreenroasteries.com/product/premium-black-raisins,https://res.cloudinary.com/dgcexgq5g/image/upload/v1751636298/greenroasteries/products/products/NT-BLK-RS.webp,Green Roasteries,"Food, Beverages & Tobacco > Food Items > Snack Foods > Nuts & Seeds",NUTS & DRIED FRUITS,,,31245487-dbdb-49b0-9441-abc445a709ef,Brown,250g,Coffee,unisex,adult,en,Premium Origin,NUTS & DRIED FRUITS,Medium Roast,Arabica Beans
8756f0b8-4b97-425f-9848-6dee204f092b_en,Premium Black Raisins - 500g,"These plump, jet-black raisins are crafted from sun-ripe seedless grapes that have been carefully dried to concentrate their rich, naturally sweet flavor. Each tender bite delivers intense notes of grape, with a satisfyingly chewy texture and a hint of brown-sugar caramel. Perfect for snacking straight from the bag, stirring into hot oatmeal, baking into breads and cookies, or pairing with sharp cheeses for an elegant contrast.",in stock,new,25.95 AED,https://thegreenroasteries.com/product/premium-black-raisins,https://res.cloudinary.com/dgcexgq5g/image/upload/v1751636298/greenroasteries/products/products/NT-BLK-RS.webp,Green Roasteries,"Food, Beverages & Tobacco > Food Items > Snack Foods > Nuts & Seeds",NUTS & DRIED FRUITS,,,31245487-dbdb-49b0-9441-abc445a709ef,Brown,500g,Coffee,unisex,adult,en,Premium Origin,NUTS & DRIED FRUITS,Medium Roast,Arabica Beans
9c33f6ca-02df-409c-baed-459142c7057a_en,Premium Black Raisins - 1000g,"These plump, jet-black raisins are crafted from sun-ripe seedless grapes that have been carefully dried to concentrate their rich, naturally sweet flavor. Each tender bite delivers intense notes of grape, with a satisfyingly chewy texture and a hint of brown-sugar caramel. Perfect for snacking straight from the bag, stirring into hot oatmeal, baking into breads and cookies, or pairing with sharp cheeses for an elegant contrast.",in stock,new,44.95 AED,https://thegreenroasteries.com/product/premium-black-raisins,https://res.cloudinary.com/dgcexgq5g/image/upload/v1751636298/greenroasteries/products/products/NT-BLK-RS.webp,Green Roasteries,"Food, Beverages & Tobacco > Food Items > Snack Foods > Nuts & Seeds",NUTS & DRIED FRUITS,,,31245487-dbdb-49b0-9441-abc445a709ef,Brown,1000g,Coffee,unisex,adult,en,Premium Origin,NUTS & DRIED FRUITS,Medium Roast,Arabica Beans
6d07e5de-86fe-40b1-89f5-14542d1f8b44_ar,زبيب أسود فاخر - 250g,يُصنع هذا الزبيب الأسود الفاخر من عنبٍ بلا بذورٍ ناضجٍ تحت ضوء الشمس، حيث يجفف بعناية ليتركز نكهته الغنية الطبيعية. يتميز كل حبة بقوام طري ومضغٍ يشتهر بنكهة العنب المكثفة ولمسة من الكراميل البني. مثالي للتناول مباشرةً، أو إضافته إلى الشوفان الساخن، أو خبزه في الخبز والكوكيز، أو تقديمه مع الأجبان القوية للحصول على تباينٍ راقٍ.,in stock,new,13.95 AED,https://thegreenroasteries.com/product/premium-black-raisins?lang=ar,https://res.cloudinary.com/dgcexgq5g/image/upload/v1751636298/greenroasteries/products/products/NT-BLK-RS.webp,المحامص الخضراء,"Food, Beverages & Tobacco > Beverages > Coffee",مكسرات وفواكه مجففة,,,31245487-dbdb-49b0-9441-abc445a709ef,Brown,250g,قهوة,unisex,adult,ar,أصل مميز,مكسرات وفواكه مجففة,تحميص متوسط,حبوب عربية
8756f0b8-4b97-425f-9848-6dee204f092b_ar,زبيب أسود فاخر - 500g,يُصنع هذا الزبيب الأسود الفاخر من عنبٍ بلا بذورٍ ناضجٍ تحت ضوء الشمس، حيث يجفف بعناية ليتركز نكهته الغنية الطبيعية. يتميز كل حبة بقوام طري ومضغٍ يشتهر بنكهة العنب المكثفة ولمسة من الكراميل البني. مثالي للتناول مباشرةً، أو إضافته إلى الشوفان الساخن، أو خبزه في الخبز والكوكيز، أو تقديمه مع الأجبان القوية للحصول على تباينٍ راقٍ.,in stock,new,25.95 AED,https://thegreenroasteries.com/product/premium-black-raisins?lang=ar,https://res.cloudinary.com/dgcexgq5g/image/upload/v1751636298/greenroasteries/products/products/NT-BLK-RS.webp,المحامص الخضراء,"Food, Beverages & Tobacco > Beverages > Coffee",مكسرات وفواكه مجففة,,,31245487-dbdb-49b0-9441-abc445a709ef,Brown,500g,قهوة,unisex,adult,ar,أصل مميز,مكسرات وفواكه مجففة,تحميص متوسط,حبوب عربية
9c33f6ca-02df-409c-baed-459142c7057a_ar,زبيب أسود فاخر - 1000g,يُصنع هذا الزبيب الأسود الفاخر من عنبٍ بلا بذورٍ ناضجٍ تحت ضوء الشمس، حيث يجفف بعناية ليتركز نكهته الغنية الطبيعية. يتميز كل حبة بقوام طري ومضغٍ يشتهر بنكهة العنب المكثفة ولمسة من الكراميل البني. مثالي للتناول مباشرةً، أو إضافته إلى الشوفان الساخن، أو خبزه في الخبز والكوكيز، أو تقديمه مع الأجبان القوية للحصول على تباينٍ راقٍ.,in stock,new,44.95 AED,https://thegreenroasteries.com/product/premium-black-raisins?lang=ar,https://res.cloudinary.com/dgcexgq5g/image/upload/v1751636298/greenroasteries/products/products/NT-BLK-RS.webp,المحامص الخضراء,"Food, Beverages & Tobacco > Beverages > Coffee",مكسرات وفواكه مجففة,,,31245487-dbdb-49b0-9441-abc445a709ef,Brown,1000g,قهوة,unisex,adult,ar,أصل مميز,مكسرات وفواكه مجففة,تحميص متوسط,حبوب عربية
132681fa-e756-4ae6-8c3d-049ab2967803_en,Premium Dried Figs - 250g,"Our Premium Dried Figs are lovingly sun-dried to achieve a tender, chewy texture and deep golden hue. Each fig is plump and bursting with natural sweetness, showcasing rich caramel and honeyed notes with a slight hint of earthiness from the seeds. Perfect for enjoying on their own as a nutritious snack, layering into cheese boards, chopping into baked goods like cakes and cookies, or rehydrating for compotes and tagines.",in stock,new,19.95 AED,https://thegreenroasteries.com/product/premium-dried-figs,https://res.cloudinary.com/dgcexgq5g/image/upload/v1751636318/greenroasteries/products/products/NT-FG.webp,Green Roasteries,"Food, Beverages & Tobacco > Food Items > Snack Foods > Nuts & Seeds",NUTS & DRIED FRUITS,,,8b6dd3ef-a8b2-49ee-a85f-2cf835892680,Brown,250g,Coffee,unisex,adult,en,Premium Origin,NUTS & DRIED FRUITS,Medium Roast,Arabica Beans
10d43452-1429-46b0-bf8c-162853094238_en,Premium Dried Figs - 1000g,"Our Premium Dried Figs are lovingly sun-dried to achieve a tender, chewy texture and deep golden hue. Each fig is plump and bursting with natural sweetness, showcasing rich caramel and honeyed notes with a slight hint of earthiness from the seeds. Perfect for enjoying on their own as a nutritious snack, layering into cheese boards, chopping into baked goods like cakes and cookies, or rehydrating for compotes and tagines.",in stock,new,64.95 AED,https://thegreenroasteries.com/product/premium-dried-figs,https://res.cloudinary.com/dgcexgq5g/image/upload/v1751636318/greenroasteries/products/products/NT-FG.webp,Green Roasteries,"Food, Beverages & Tobacco > Food Items > Snack Foods > Nuts & Seeds",NUTS & DRIED FRUITS,,,8b6dd3ef-a8b2-49ee-a85f-2cf835892680,Brown,1000g,Coffee,unisex,adult,en,Premium Origin,NUTS & DRIED FRUITS,Medium Roast,Arabica Beans
2037b925-3dda-4516-8278-6bcfb7186184_en,Premium Dried Figs - 500g,"Our Premium Dried Figs are lovingly sun-dried to achieve a tender, chewy texture and deep golden hue. Each fig is plump and bursting with natural sweetness, showcasing rich caramel and honeyed notes with a slight hint of earthiness from the seeds. Perfect for enjoying on their own as a nutritious snack, layering into cheese boards, chopping into baked goods like cakes and cookies, or rehydrating for compotes and tagines.",in stock,new,37.95 AED,https://thegreenroasteries.com/product/premium-dried-figs,https://res.cloudinary.com/dgcexgq5g/image/upload/v1751636318/greenroasteries/products/products/NT-FG.webp,Green Roasteries,"Food, Beverages & Tobacco > Food Items > Snack Foods > Nuts & Seeds",NUTS & DRIED FRUITS,,,8b6dd3ef-a8b2-49ee-a85f-2cf835892680,Brown,500g,Coffee,unisex,adult,en,Premium Origin,NUTS & DRIED FRUITS,Medium Roast,Arabica Beans
132681fa-e756-4ae6-8c3d-049ab2967803_ar,تين مجفف فاخر - 250g,يُجفَّف هذا التين الفاخر بعنايةٍ تحت أشعة الشمس ليحصل على ملمسٍ طريٍّ ومطاطي ولونٍ ذهبيٍ عميق. كل حبة تين ممتلئة وحلوة بطبيعتها، بنكهةٍ غنيةٍ تشبه الكراميل والعسل مع لمسةٍ خفيفةٍ من الأرضيّة بفضل بذورها. مثالي للتناول بمفرده كوجبةٍ مغذية، أو لتزيين أطباق الجبن، أو تقطيعه وإضافته إلى الكعك والبسكويت، أو نقعه للاستعمال في تحضير الكمبوت والأطباق الشرقية.,in stock,new,19.95 AED,https://thegreenroasteries.com/product/premium-dried-figs?lang=ar,https://res.cloudinary.com/dgcexgq5g/image/upload/v1751636318/greenroasteries/products/products/NT-FG.webp,المحامص الخضراء,"Food, Beverages & Tobacco > Beverages > Coffee",مكسرات وفواكه مجففة,,,8b6dd3ef-a8b2-49ee-a85f-2cf835892680,Brown,250g,قهوة,unisex,adult,ar,أصل مميز,مكسرات وفواكه مجففة,تحميص متوسط,حبوب عربية
10d43452-1429-46b0-bf8c-162853094238_ar,تين مجفف فاخر - 1000g,يُجفَّف هذا التين الفاخر بعنايةٍ تحت أشعة الشمس ليحصل على ملمسٍ طريٍّ ومطاطي ولونٍ ذهبيٍ عميق. كل حبة تين ممتلئة وحلوة بطبيعتها، بنكهةٍ غنيةٍ تشبه الكراميل والعسل مع لمسةٍ خفيفةٍ من الأرضيّة بفضل بذورها. مثالي للتناول بمفرده كوجبةٍ مغذية، أو لتزيين أطباق الجبن، أو تقطيعه وإضافته إلى الكعك والبسكويت، أو نقعه للاستعمال في تحضير الكمبوت والأطباق الشرقية.,in stock,new,64.95 AED,https://thegreenroasteries.com/product/premium-dried-figs?lang=ar,https://res.cloudinary.com/dgcexgq5g/image/upload/v1751636318/greenroasteries/products/products/NT-FG.webp,المحامص الخضراء,"Food, Beverages & Tobacco > Beverages > Coffee",مكسرات وفواكه مجففة,,,8b6dd3ef-a8b2-49ee-a85f-2cf835892680,Brown,1000g,قهوة,unisex,adult,ar,أصل مميز,مكسرات وفواكه مجففة,تحميص متوسط,حبوب عربية
2037b925-3dda-4516-8278-6bcfb7186184_ar,تين مجفف فاخر - 500g,يُجفَّف هذا التين الفاخر بعنايةٍ تحت أشعة الشمس ليحصل على ملمسٍ طريٍّ ومطاطي ولونٍ ذهبيٍ عميق. كل حبة تين ممتلئة وحلوة بطبيعتها، بنكهةٍ غنيةٍ تشبه الكراميل والعسل مع لمسةٍ خفيفةٍ من الأرضيّة بفضل بذورها. مثالي للتناول بمفرده كوجبةٍ مغذية، أو لتزيين أطباق الجبن، أو تقطيعه وإضافته إلى الكعك والبسكويت، أو نقعه للاستعمال في تحضير الكمبوت والأطباق الشرقية.,in stock,new,37.95 AED,https://thegreenroasteries.com/product/premium-dried-figs?lang=ar,https://res.cloudinary.com/dgcexgq5g/image/upload/v1751636318/greenroasteries/products/products/NT-FG.webp,المحامص الخضراء,"Food, Beverages & Tobacco > Beverages > Coffee",مكسرات وفواكه مجففة,,,8b6dd3ef-a8b2-49ee-a85f-2cf835892680,Brown,500g,قهوة,unisex,adult,ar,أصل مميز,مكسرات وفواكه مجففة,تحميص متوسط,حبوب عربية
221ba131-2875-4ab8-b739-77e813dcdedc_en,Premium Freeze-Dried Fruit Medley - 500g,Premium Freeze-Dried Fruit Medley,in stock,new,67.95 AED,https://thegreenroasteries.com/product/premium-freeze-dried-fruit-medley,https://res.cloudinary.com/dgcexgq5g/image/upload/v1751636284/greenroasteries/products/products/FRT-LX.webp,Green Roasteries,"Food, Beverages & Tobacco > Food Items > Snack Foods > Nuts & Seeds",NUTS & DRIED FRUITS,,,13fcdfa2-61fb-45fb-8bdc-ff53030395e5,Brown,500g,Coffee,unisex,adult,en,Premium Origin,NUTS & DRIED FRUITS,Medium Roast,Arabica Beans
ca53fc77-c488-45d4-8fc9-99c37ee38f92_en,Premium Freeze-Dried Fruit Medley - 1000g,Premium Freeze-Dried Fruit Medley,in stock,new,237.95 AED,https://thegreenroasteries.com/product/premium-freeze-dried-fruit-medley,https://res.cloudinary.com/dgcexgq5g/image/upload/v1751636284/greenroasteries/products/products/FRT-LX.webp,Green Roasteries,"Food, Beverages & Tobacco > Food Items > Snack Foods > Nuts & Seeds",NUTS & DRIED FRUITS,,,13fcdfa2-61fb-45fb-8bdc-ff53030395e5,Brown,1000g,Coffee,unisex,adult,en,Premium Origin,NUTS & DRIED FRUITS,Medium Roast,Arabica Beans
b2d9ffb9-df6f-4ed3-b24a-7f9a26fb6aa9_en,Premium Freeze-Dried Fruit Medley - 250g,Premium Freeze-Dried Fruit Medley,in stock,new,49.95 AED,https://thegreenroasteries.com/product/premium-freeze-dried-fruit-medley,https://res.cloudinary.com/dgcexgq5g/image/upload/v1751636284/greenroasteries/products/products/FRT-LX.webp,Green Roasteries,"Food, Beverages & Tobacco > Food Items > Snack Foods > Nuts & Seeds",NUTS & DRIED FRUITS,,,13fcdfa2-61fb-45fb-8bdc-ff53030395e5,Brown,250g,Coffee,unisex,adult,en,Premium Origin,NUTS & DRIED FRUITS,Medium Roast,Arabica Beans
221ba131-2875-4ab8-b739-77e813dcdedc_ar,تشكيلة فواكه مجففة بالتجميد الفاخر - 500g,Premium Freeze-Dried Fruit Medley,in stock,new,67.95 AED,https://thegreenroasteries.com/product/premium-freeze-dried-fruit-medley?lang=ar,https://res.cloudinary.com/dgcexgq5g/image/upload/v1751636284/greenroasteries/products/products/FRT-LX.webp,المحامص الخضراء,"Food, Beverages & Tobacco > Beverages > Coffee",مكسرات وفواكه مجففة,,,13fcdfa2-61fb-45fb-8bdc-ff53030395e5,Brown,500g,قهوة,unisex,adult,ar,أصل مميز,مكسرات وفواكه مجففة,تحميص متوسط,حبوب عربية
ca53fc77-c488-45d4-8fc9-99c37ee38f92_ar,تشكيلة فواكه مجففة بالتجميد الفاخر - 1000g,Premium Freeze-Dried Fruit Medley,in stock,new,237.95 AED,https://thegreenroasteries.com/product/premium-freeze-dried-fruit-medley?lang=ar,https://res.cloudinary.com/dgcexgq5g/image/upload/v1751636284/greenroasteries/products/products/FRT-LX.webp,المحامص الخضراء,"Food, Beverages & Tobacco > Beverages > Coffee",مكسرات وفواكه مجففة,,,13fcdfa2-61fb-45fb-8bdc-ff53030395e5,Brown,1000g,قهوة,unisex,adult,ar,أصل مميز,مكسرات وفواكه مجففة,تحميص متوسط,حبوب عربية
b2d9ffb9-df6f-4ed3-b24a-7f9a26fb6aa9_ar,تشكيلة فواكه مجففة بالتجميد الفاخر - 250g,Premium Freeze-Dried Fruit Medley,in stock,new,49.95 AED,https://thegreenroasteries.com/product/premium-freeze-dried-fruit-medley?lang=ar,https://res.cloudinary.com/dgcexgq5g/image/upload/v1751636284/greenroasteries/products/products/FRT-LX.webp,المحامص الخضراء,"Food, Beverages & Tobacco > Beverages > Coffee",مكسرات وفواكه مجففة,,,13fcdfa2-61fb-45fb-8bdc-ff53030395e5,Brown,250g,قهوة,unisex,adult,ar,أصل مميز,مكسرات وفواكه مجففة,تحميص متوسط,حبوب عربية
7a1e43e9-ab8e-4460-8db4-1346b56c18cf_en,Premium Golden Raisins - 1000g,"These lustrous, amber-hued golden raisins are made from sun-ripened seedless grapes gently dried to preserve their bright, fruity flavor. Each piece offers a plump, juicy chew with notes of honeyed sweetness and a subtle tart finish. Ideal for snacking straight from the bag, folding into morning yogurt or granola, baking into scones and muffins, or adding a pop of color and natural sweetness to salads and pilafs.",in stock,new,39.95 AED,https://thegreenroasteries.com/product/premium-golden-raisins,https://res.cloudinary.com/dgcexgq5g/image/upload/v1751636320/greenroasteries/products/products/NT-RS.webp,Green Roasteries,"Food, Beverages & Tobacco > Food Items > Snack Foods > Nuts & Seeds",NUTS & DRIED FRUITS,,,e6b8e84d-987f-49e7-a975-fd18cf1b177b,Brown,1000g,Coffee,unisex,adult,en,Premium Origin,NUTS & DRIED FRUITS,Medium Roast,Arabica Beans
2067b3fb-58a9-4b83-b9dd-725c0541ccf5_en,Premium Golden Raisins - 250g,"These lustrous, amber-hued golden raisins are made from sun-ripened seedless grapes gently dried to preserve their bright, fruity flavor. Each piece offers a plump, juicy chew with notes of honeyed sweetness and a subtle tart finish. Ideal for snacking straight from the bag, folding into morning yogurt or granola, baking into scones and muffins, or adding a pop of color and natural sweetness to salads and pilafs.",in stock,new,13.95 AED,https://thegreenroasteries.com/product/premium-golden-raisins,https://res.cloudinary.com/dgcexgq5g/image/upload/v1751636320/greenroasteries/products/products/NT-RS.webp,Green Roasteries,"Food, Beverages & Tobacco > Food Items > Snack Foods > Nuts & Seeds",NUTS & DRIED FRUITS,,,e6b8e84d-987f-49e7-a975-fd18cf1b177b,Brown,250g,Coffee,unisex,adult,en,Premium Origin,NUTS & DRIED FRUITS,Medium Roast,Arabica Beans
5f1a0c54-0e65-4a5b-9df5-4b5f41931179_en,Premium Golden Raisins - 500g,"These lustrous, amber-hued golden raisins are made from sun-ripened seedless grapes gently dried to preserve their bright, fruity flavor. Each piece offers a plump, juicy chew with notes of honeyed sweetness and a subtle tart finish. Ideal for snacking straight from the bag, folding into morning yogurt or granola, baking into scones and muffins, or adding a pop of color and natural sweetness to salads and pilafs.",in stock,new,24.95 AED,https://thegreenroasteries.com/product/premium-golden-raisins,https://res.cloudinary.com/dgcexgq5g/image/upload/v1751636320/greenroasteries/products/products/NT-RS.webp,Green Roasteries,"Food, Beverages & Tobacco > Food Items > Snack Foods > Nuts & Seeds",NUTS & DRIED FRUITS,,,e6b8e84d-987f-49e7-a975-fd18cf1b177b,Brown,500g,Coffee,unisex,adult,en,Premium Origin,NUTS & DRIED FRUITS,Medium Roast,Arabica Beans
7a1e43e9-ab8e-4460-8db4-1346b56c18cf_ar,زبيب ذهبي فاخر - 1000g,يُحضَّر هذا الزبيب الذهبي الفاخر من عنبٍ بلا بذورٍ ناضجٍ تحت الشمس، ويُجفف بلطفٍ للحفاظ على نكهته الفاكهية الزاهية. تتميز كل حبة بمضغٍ طريٍ وعصاري، بطعمٍ حلوٍ يشبه العسل ولمسةٍ خفيفةٍ من الحموضة. مثالي للتناول مباشرةً، أو خلطه مع الزبادي أو الجرانولا في الصباح، أو خبزه في السينابون والمافن، أو إضافته للسلطات والأطباق الجانبية لإضفاء لونٍ طبيعيٍّ ونكهةٍ حلوة.,in stock,new,39.95 AED,https://thegreenroasteries.com/product/premium-golden-raisins?lang=ar,https://res.cloudinary.com/dgcexgq5g/image/upload/v1751636320/greenroasteries/products/products/NT-RS.webp,المحامص الخضراء,"Food, Beverages & Tobacco > Beverages > Coffee",مكسرات وفواكه مجففة,,,e6b8e84d-987f-49e7-a975-fd18cf1b177b,Brown,1000g,قهوة,unisex,adult,ar,أصل مميز,مكسرات وفواكه مجففة,تحميص متوسط,حبوب عربية
2067b3fb-58a9-4b83-b9dd-725c0541ccf5_ar,زبيب ذهبي فاخر - 250g,يُحضَّر هذا الزبيب الذهبي الفاخر من عنبٍ بلا بذورٍ ناضجٍ تحت الشمس، ويُجفف بلطفٍ للحفاظ على نكهته الفاكهية الزاهية. تتميز كل حبة بمضغٍ طريٍ وعصاري، بطعمٍ حلوٍ يشبه العسل ولمسةٍ خفيفةٍ من الحموضة. مثالي للتناول مباشرةً، أو خلطه مع الزبادي أو الجرانولا في الصباح، أو خبزه في السينابون والمافن، أو إضافته للسلطات والأطباق الجانبية لإضفاء لونٍ طبيعيٍّ ونكهةٍ حلوة.,in stock,new,13.95 AED,https://thegreenroasteries.com/product/premium-golden-raisins?lang=ar,https://res.cloudinary.com/dgcexgq5g/image/upload/v1751636320/greenroasteries/products/products/NT-RS.webp,المحامص الخضراء,"Food, Beverages & Tobacco > Beverages > Coffee",مكسرات وفواكه مجففة,,,e6b8e84d-987f-49e7-a975-fd18cf1b177b,Brown,250g,قهوة,unisex,adult,ar,أصل مميز,مكسرات وفواكه مجففة,تحميص متوسط,حبوب عربية
5f1a0c54-0e65-4a5b-9df5-4b5f41931179_ar,زبيب ذهبي فاخر - 500g,يُحضَّر هذا الزبيب الذهبي الفاخر من عنبٍ بلا بذورٍ ناضجٍ تحت الشمس، ويُجفف بلطفٍ للحفاظ على نكهته الفاكهية الزاهية. تتميز كل حبة بمضغٍ طريٍ وعصاري، بطعمٍ حلوٍ يشبه العسل ولمسةٍ خفيفةٍ من الحموضة. مثالي للتناول مباشرةً، أو خلطه مع الزبادي أو الجرانولا في الصباح، أو خبزه في السينابون والمافن، أو إضافته للسلطات والأطباق الجانبية لإضفاء لونٍ طبيعيٍّ ونكهةٍ حلوة.,in stock,new,24.95 AED,https://thegreenroasteries.com/product/premium-golden-raisins?lang=ar,https://res.cloudinary.com/dgcexgq5g/image/upload/v1751636320/greenroasteries/products/products/NT-RS.webp,المحامص الخضراء,"Food, Beverages & Tobacco > Beverages > Coffee",مكسرات وفواكه مجففة,,,e6b8e84d-987f-49e7-a975-fd18cf1b177b,Brown,500g,قهوة,unisex,adult,ar,أصل مميز,مكسرات وفواكه مجففة,تحميص متوسط,حبوب عربية
04cdad1a-28e5-4610-8405-6bf85d3f3d20_en,Premium Walnut Halves - 250g,"Indulge in the rich, buttery crunch of our Premium Walnut Halves. Hand-picked and lightly toasted to enhance their natural flavor, these large, uniform halves are perfect for snacking, baking, or adding a nutritious boost to salads and oatmeal. Packed with heart-healthy omega-3s, antioxidants, and essential vitamins, they deliver satisfying texture and wholesome nourishment in every bite.",in stock,new,39.95 AED,https://thegreenroasteries.com/product/premium-walnut-halves,https://res.cloudinary.com/dgcexgq5g/image/upload/v1751636301/greenroasteries/products/products/NT-WLNT.webp,Green Roasteries,"Food, Beverages & Tobacco > Food Items > Snack Foods > Nuts & Seeds",NUTS & DRIED FRUITS,,,18334725-8faa-49a8-a5cf-66debc248611,Brown,250g,Coffee,unisex,adult,en,Premium Origin,NUTS & DRIED FRUITS,Medium Roast,Arabica Beans
0205b397-4b56-4cb2-bb94-4000dc1af1a1_en,Premium Walnut Halves - 1000g,"Indulge in the rich, buttery crunch of our Premium Walnut Halves. Hand-picked and lightly toasted to enhance their natural flavor, these large, uniform halves are perfect for snacking, baking, or adding a nutritious boost to salads and oatmeal. Packed with heart-healthy omega-3s, antioxidants, and essential vitamins, they deliver satisfying texture and wholesome nourishment in every bite.",in stock,new,118.95 AED,https://thegreenroasteries.com/product/premium-walnut-halves,https://res.cloudinary.com/dgcexgq5g/image/upload/v1751636301/greenroasteries/products/products/NT-WLNT.webp,Green Roasteries,"Food, Beverages & Tobacco > Food Items > Snack Foods > Nuts & Seeds",NUTS & DRIED FRUITS,,,18334725-8faa-49a8-a5cf-66debc248611,Brown,1000g,Coffee,unisex,adult,en,Premium Origin,NUTS & DRIED FRUITS,Medium Roast,Arabica Beans
3d22e550-49c6-4dfc-93d1-6f9cffc1c7cf_en,Premium Walnut Halves - 500g,"Indulge in the rich, buttery crunch of our Premium Walnut Halves. Hand-picked and lightly toasted to enhance their natural flavor, these large, uniform halves are perfect for snacking, baking, or adding a nutritious boost to salads and oatmeal. Packed with heart-healthy omega-3s, antioxidants, and essential vitamins, they deliver satisfying texture and wholesome nourishment in every bite.",in stock,new,64.95 AED,https://thegreenroasteries.com/product/premium-walnut-halves,https://res.cloudinary.com/dgcexgq5g/image/upload/v1751636301/greenroasteries/products/products/NT-WLNT.webp,Green Roasteries,"Food, Beverages & Tobacco > Food Items > Snack Foods > Nuts & Seeds",NUTS & DRIED FRUITS,,,18334725-8faa-49a8-a5cf-66debc248611,Brown,500g,Coffee,unisex,adult,en,Premium Origin,NUTS & DRIED FRUITS,Medium Roast,Arabica Beans
04cdad1a-28e5-4610-8405-6bf85d3f3d20_ar,جوز مجروش فاخر - 250g,استمتع بقرمشة الجوز الغنية والزبدية مع جوز مجروش فاخر. مُنتقى يدويًا ومحمص برفق لإبراز نكهته الطبيعية، تأتي حبات الجوز متوسطة الحجم متجانسة الشكل ومثالية للوجبات الخفيفة، أو الخبز، أو إضافة دفعة غذائية صحية للسلطات والوجبات الصباحية. مليئة بأحماض أوميغا-3 المفيدة للقلب، ومضادات الأكسدة، والفيتامينات الأساسية، لتقدّم ملمسًا شهيًا وفوائد غذائية متكاملة في كل قضمة.,in stock,new,39.95 AED,https://thegreenroasteries.com/product/premium-walnut-halves?lang=ar,https://res.cloudinary.com/dgcexgq5g/image/upload/v1751636301/greenroasteries/products/products/NT-WLNT.webp,المحامص الخضراء,"Food, Beverages & Tobacco > Beverages > Coffee",مكسرات وفواكه مجففة,,,18334725-8faa-49a8-a5cf-66debc248611,Brown,250g,قهوة,unisex,adult,ar,أصل مميز,مكسرات وفواكه مجففة,تحميص متوسط,حبوب عربية
0205b397-4b56-4cb2-bb94-4000dc1af1a1_ar,جوز مجروش فاخر - 1000g,استمتع بقرمشة الجوز الغنية والزبدية مع جوز مجروش فاخر. مُنتقى يدويًا ومحمص برفق لإبراز نكهته الطبيعية، تأتي حبات الجوز متوسطة الحجم متجانسة الشكل ومثالية للوجبات الخفيفة، أو الخبز، أو إضافة دفعة غذائية صحية للسلطات والوجبات الصباحية. مليئة بأحماض أوميغا-3 المفيدة للقلب، ومضادات الأكسدة، والفيتامينات الأساسية، لتقدّم ملمسًا شهيًا وفوائد غذائية متكاملة في كل قضمة.,in stock,new,118.95 AED,https://thegreenroasteries.com/product/premium-walnut-halves?lang=ar,https://res.cloudinary.com/dgcexgq5g/image/upload/v1751636301/greenroasteries/products/products/NT-WLNT.webp,المحامص الخضراء,"Food, Beverages & Tobacco > Beverages > Coffee",مكسرات وفواكه مجففة,,,18334725-8faa-49a8-a5cf-66debc248611,Brown,1000g,قهوة,unisex,adult,ar,أصل مميز,مكسرات وفواكه مجففة,تحميص متوسط,حبوب عربية
3d22e550-49c6-4dfc-93d1-6f9cffc1c7cf_ar,جوز مجروش فاخر - 500g,استمتع بقرمشة الجوز الغنية والزبدية مع جوز مجروش فاخر. مُنتقى يدويًا ومحمص برفق لإبراز نكهته الطبيعية، تأتي حبات الجوز متوسطة الحجم متجانسة الشكل ومثالية للوجبات الخفيفة، أو الخبز، أو إضافة دفعة غذائية صحية للسلطات والوجبات الصباحية. مليئة بأحماض أوميغا-3 المفيدة للقلب، ومضادات الأكسدة، والفيتامينات الأساسية، لتقدّم ملمسًا شهيًا وفوائد غذائية متكاملة في كل قضمة.,in stock,new,64.95 AED,https://thegreenroasteries.com/product/premium-walnut-halves?lang=ar,https://res.cloudinary.com/dgcexgq5g/image/upload/v1751636301/greenroasteries/products/products/NT-WLNT.webp,المحامص الخضراء,"Food, Beverages & Tobacco > Beverages > Coffee",مكسرات وفواكه مجففة,,,18334725-8faa-49a8-a5cf-66debc248611,Brown,500g,قهوة,unisex,adult,ar,أصل مميز,مكسرات وفواكه مجففة,تحميص متوسط,حبوب عربية
8ab843f7-093a-4ba5-bfbb-5587599cbcf6_en,Premuim Mixed Nuts - 250g,"Treat yourself to our Deluxe Mixed Nut Medley—a carefully curated blend of premium cashews, almonds, pistachios, macadamia nuts, and pecans. Each nut is lightly roasted and seasoned with just a hint of sea salt to enhance its natural flavor and crunch. This gourmet assortment delivers a symphony of textures and tastes, from the buttery smoothness of macadamias to the rich, earthy notes of pecans. Perfect for elegant entertaining, midday energy boosts, or adding a flavorful crunch to your favorite recipes.",in stock,new,49.95 AED,https://thegreenroasteries.com/product/premuim-mixed-nuts,https://res.cloudinary.com/dgcexgq5g/image/upload/v1751636299/greenroasteries/products/products/MX-DLX.webp,Green Roasteries,"Food, Beverages & Tobacco > Food Items > Snack Foods > Nuts & Seeds",NUTS & DRIED FRUITS,,,6f0f8422-124f-4c5b-8426-6cdfc615f368,Brown,250g,Coffee,unisex,adult,en,Premium Origin,NUTS & DRIED FRUITS,Medium Roast,Arabica Beans
44831be8-93b7-495a-a538-2bc21e25d179_en,Premuim Mixed Nuts - 500g,"Treat yourself to our Deluxe Mixed Nut Medley—a carefully curated blend of premium cashews, almonds, pistachios, macadamia nuts, and pecans. Each nut is lightly roasted and seasoned with just a hint of sea salt to enhance its natural flavor and crunch. This gourmet assortment delivers a symphony of textures and tastes, from the buttery smoothness of macadamias to the rich, earthy notes of pecans. Perfect for elegant entertaining, midday energy boosts, or adding a flavorful crunch to your favorite recipes.",in stock,new,67.95 AED,https://thegreenroasteries.com/product/premuim-mixed-nuts,https://res.cloudinary.com/dgcexgq5g/image/upload/v1751636299/greenroasteries/products/products/MX-DLX.webp,Green Roasteries,"Food, Beverages & Tobacco > Food Items > Snack Foods > Nuts & Seeds",NUTS & DRIED FRUITS,,,6f0f8422-124f-4c5b-8426-6cdfc615f368,Brown,500g,Coffee,unisex,adult,en,Premium Origin,NUTS & DRIED FRUITS,Medium Roast,Arabica Beans
60b0dc5e-f392-4c1f-8362-c3250f7da2d4_en,Premuim Mixed Nuts - 1000g,"Treat yourself to our Deluxe Mixed Nut Medley—a carefully curated blend of premium cashews, almonds, pistachios, macadamia nuts, and pecans. Each nut is lightly roasted and seasoned with just a hint of sea salt to enhance its natural flavor and crunch. This gourmet assortment delivers a symphony of textures and tastes, from the buttery smoothness of macadamias to the rich, earthy notes of pecans. Perfect for elegant entertaining, midday energy boosts, or adding a flavorful crunch to your favorite recipes.",in stock,new,129.95 AED,https://thegreenroasteries.com/product/premuim-mixed-nuts,https://res.cloudinary.com/dgcexgq5g/image/upload/v1751636299/greenroasteries/products/products/MX-DLX.webp,Green Roasteries,"Food, Beverages & Tobacco > Food Items > Snack Foods > Nuts & Seeds",NUTS & DRIED FRUITS,,,6f0f8422-124f-4c5b-8426-6cdfc615f368,Brown,1000g,Coffee,unisex,adult,en,Premium Origin,NUTS & DRIED FRUITS,Medium Roast,Arabica Beans
8ab843f7-093a-4ba5-bfbb-5587599cbcf6_ar,مزيج المكسرات الفاخر - 250g,دلّل حواسك بمزيج المكسرات الفاخر—خليط منتقى بعناية من الكاجو، اللوز، الفستق، جوز الماكاكاديميا، والجوز الأمريكي (البيكان). كل حبة مكسرات تُحمص بخفة وتتبل بلمسة من ملح البحر لإبراز نكهتها الطبيعية وقوامها المقرمش. يقدم هذا المزيج الفاخر تباينًا رائعًا في القوام والطعوم، بدءًا من نعومة الماكاكاديميا الزبدية إلى نكهات البيكان الغنية. مثالي لاستضافة الضيوف بأناقة، أو لوجبة خفيفة تعزز طاقتك خلال اليوم، أو لإضافة قرمشة مميزة إلى وصفاتك المفضّلة.,in stock,new,49.95 AED,https://thegreenroasteries.com/product/premuim-mixed-nuts?lang=ar,https://res.cloudinary.com/dgcexgq5g/image/upload/v1751636299/greenroasteries/products/products/MX-DLX.webp,المحامص الخضراء,"Food, Beverages & Tobacco > Beverages > Coffee",مكسرات وفواكه مجففة,,,6f0f8422-124f-4c5b-8426-6cdfc615f368,Brown,250g,قهوة,unisex,adult,ar,أصل مميز,مكسرات وفواكه مجففة,تحميص متوسط,حبوب عربية
44831be8-93b7-495a-a538-2bc21e25d179_ar,مزيج المكسرات الفاخر - 500g,دلّل حواسك بمزيج المكسرات الفاخر—خليط منتقى بعناية من الكاجو، اللوز، الفستق، جوز الماكاكاديميا، والجوز الأمريكي (البيكان). كل حبة مكسرات تُحمص بخفة وتتبل بلمسة من ملح البحر لإبراز نكهتها الطبيعية وقوامها المقرمش. يقدم هذا المزيج الفاخر تباينًا رائعًا في القوام والطعوم، بدءًا من نعومة الماكاكاديميا الزبدية إلى نكهات البيكان الغنية. مثالي لاستضافة الضيوف بأناقة، أو لوجبة خفيفة تعزز طاقتك خلال اليوم، أو لإضافة قرمشة مميزة إلى وصفاتك المفضّلة.,in stock,new,67.95 AED,https://thegreenroasteries.com/product/premuim-mixed-nuts?lang=ar,https://res.cloudinary.com/dgcexgq5g/image/upload/v1751636299/greenroasteries/products/products/MX-DLX.webp,المحامص الخضراء,"Food, Beverages & Tobacco > Beverages > Coffee",مكسرات وفواكه مجففة,,,6f0f8422-124f-4c5b-8426-6cdfc615f368,Brown,500g,قهوة,unisex,adult,ar,أصل مميز,مكسرات وفواكه مجففة,تحميص متوسط,حبوب عربية
60b0dc5e-f392-4c1f-8362-c3250f7da2d4_ar,مزيج المكسرات الفاخر - 1000g,دلّل حواسك بمزيج المكسرات الفاخر—خليط منتقى بعناية من الكاجو، اللوز، الفستق، جوز الماكاكاديميا، والجوز الأمريكي (البيكان). كل حبة مكسرات تُحمص بخفة وتتبل بلمسة من ملح البحر لإبراز نكهتها الطبيعية وقوامها المقرمش. يقدم هذا المزيج الفاخر تباينًا رائعًا في القوام والطعوم، بدءًا من نعومة الماكاكاديميا الزبدية إلى نكهات البيكان الغنية. مثالي لاستضافة الضيوف بأناقة، أو لوجبة خفيفة تعزز طاقتك خلال اليوم، أو لإضافة قرمشة مميزة إلى وصفاتك المفضّلة.,in stock,new,129.95 AED,https://thegreenroasteries.com/product/premuim-mixed-nuts?lang=ar,https://res.cloudinary.com/dgcexgq5g/image/upload/v1751636299/greenroasteries/products/products/MX-DLX.webp,المحامص الخضراء,"Food, Beverages & Tobacco > Beverages > Coffee",مكسرات وفواكه مجففة,,,6f0f8422-124f-4c5b-8426-6cdfc615f368,Brown,1000g,قهوة,unisex,adult,ar,أصل مميز,مكسرات وفواكه مجففة,تحميص متوسط,حبوب عربية
97d57c4f-0d33-41e0-a392-dbacddf170f9_en,Pumpkin Seeds - 250g,"White Pumpkin Seeds – Roasted & Unshelled Crunchy, flavorful, and naturally nutritious — our premium white pumpkin seeds are roasted to perfection, offering a delicious snack packed with protein, fiber, and essential minerals. A traditional favorite in many cultures, ideal for healthy snacking anytime.  ✓ High in Magnesium & Zinc ✓ Rich in Healthy Fats & Protein ✓ Naturally Roasted, No Preservatives",in stock,new,15.95 AED,https://thegreenroasteries.com/product/pumpkin-seeds,https://res.cloudinary.com/dgcexgq5g/image/upload/v1751636331/greenroasteries/products/products/SNK-FLWR-PPK.webp,Green Roasteries,"Food, Beverages & Tobacco > Food Items > Snack Foods > Nuts & Seeds",NUTS & DRIED FRUITS,"https://thegreenroasteries.com/uploads/products/gallery/2f639128-b030-47c6-a1f1-816b52620dd0.webp,https://thegreenroasteries.com/uploads/products/gallery/e7644e3f-4682-41a4-832d-277e189f3df2.webp,https://thegreenroasteries.com/uploads/products/gallery/0f887804-f32d-4396-8b50-b4ae8a5d4d02.webp",,e5f4ba38-d702-4d4f-b551-30905c599a59,Brown,250g,Coffee,unisex,adult,en,Premium Origin,NUTS & DRIED FRUITS,Medium Roast,Arabica Beans
16794749-1ee6-46db-96c5-1d8730451951_en,Pumpkin Seeds - 500g,"White Pumpkin Seeds – Roasted & Unshelled Crunchy, flavorful, and naturally nutritious — our premium white pumpkin seeds are roasted to perfection, offering a delicious snack packed with protein, fiber, and essential minerals. A traditional favorite in many cultures, ideal for healthy snacking anytime.  ✓ High in Magnesium & Zinc ✓ Rich in Healthy Fats & Protein ✓ Naturally Roasted, No Preservatives",in stock,new,28.95 AED,https://thegreenroasteries.com/product/pumpkin-seeds,https://res.cloudinary.com/dgcexgq5g/image/upload/v1751636331/greenroasteries/products/products/SNK-FLWR-PPK.webp,Green Roasteries,"Food, Beverages & Tobacco > Food Items > Snack Foods > Nuts & Seeds",NUTS & DRIED FRUITS,"https://thegreenroasteries.com/uploads/products/gallery/2f639128-b030-47c6-a1f1-816b52620dd0.webp,https://thegreenroasteries.com/uploads/products/gallery/e7644e3f-4682-41a4-832d-277e189f3df2.webp,https://thegreenroasteries.com/uploads/products/gallery/0f887804-f32d-4396-8b50-b4ae8a5d4d02.webp",,e5f4ba38-d702-4d4f-b551-30905c599a59,Brown,500g,Coffee,unisex,adult,en,Premium Origin,NUTS & DRIED FRUITS,Medium Roast,Arabica Beans
60346f07-991d-4232-81b0-de8fe44636d0_en,Pumpkin Seeds - 1000g,"White Pumpkin Seeds – Roasted & Unshelled Crunchy, flavorful, and naturally nutritious — our premium white pumpkin seeds are roasted to perfection, offering a delicious snack packed with protein, fiber, and essential minerals. A traditional favorite in many cultures, ideal for healthy snacking anytime.  ✓ High in Magnesium & Zinc ✓ Rich in Healthy Fats & Protein ✓ Naturally Roasted, No Preservatives",in stock,new,49.95 AED,https://thegreenroasteries.com/product/pumpkin-seeds,https://res.cloudinary.com/dgcexgq5g/image/upload/v1751636331/greenroasteries/products/products/SNK-FLWR-PPK.webp,Green Roasteries,"Food, Beverages & Tobacco > Food Items > Snack Foods > Nuts & Seeds",NUTS & DRIED FRUITS,"https://thegreenroasteries.com/uploads/products/gallery/2f639128-b030-47c6-a1f1-816b52620dd0.webp,https://thegreenroasteries.com/uploads/products/gallery/e7644e3f-4682-41a4-832d-277e189f3df2.webp,https://thegreenroasteries.com/uploads/products/gallery/0f887804-f32d-4396-8b50-b4ae8a5d4d02.webp",,e5f4ba38-d702-4d4f-b551-30905c599a59,Brown,1000g,Coffee,unisex,adult,en,Premium Origin,NUTS & DRIED FRUITS,Medium Roast,Arabica Beans
97d57c4f-0d33-41e0-a392-dbacddf170f9_ar,بذور القرع - 250g,الزريعة البيضاء – بذور القرع البيضاء المحمصة وغير المقشرة مقرمشة ولذيذة ومليئة بالفوائد الغذائية – بذور القرع البيضاء الفاخرة محمصة بعناية لتمنحك طعماً رائعاً ومغذياً. تحتوي على البروتين، الألياف، والمعادن الأساسية مثل المغنيسيوم والزنك. مثالية كوجبة خفيفة صحية في أي وقت.  ✓ غنية بالمغنيسيوم والزنك ✓ مصدر للبروتين والدهون الصحية ✓ محمصة طبيعيًا – بدون مواد حافظة,in stock,new,15.95 AED,https://thegreenroasteries.com/product/pumpkin-seeds?lang=ar,https://res.cloudinary.com/dgcexgq5g/image/upload/v1751636331/greenroasteries/products/products/SNK-FLWR-PPK.webp,المحامص الخضراء,"Food, Beverages & Tobacco > Beverages > Coffee",مكسرات وفواكه مجففة,"https://thegreenroasteries.com/uploads/products/gallery/2f639128-b030-47c6-a1f1-816b52620dd0.webp,https://thegreenroasteries.com/uploads/products/gallery/e7644e3f-4682-41a4-832d-277e189f3df2.webp,https://thegreenroasteries.com/uploads/products/gallery/0f887804-f32d-4396-8b50-b4ae8a5d4d02.webp",,e5f4ba38-d702-4d4f-b551-30905c599a59,Brown,250g,قهوة,unisex,adult,ar,أصل مميز,مكسرات وفواكه مجففة,تحميص متوسط,حبوب عربية
16794749-1ee6-46db-96c5-1d8730451951_ar,بذور القرع - 500g,الزريعة البيضاء – بذور القرع البيضاء المحمصة وغير المقشرة مقرمشة ولذيذة ومليئة بالفوائد الغذائية – بذور القرع البيضاء الفاخرة محمصة بعناية لتمنحك طعماً رائعاً ومغذياً. تحتوي على البروتين، الألياف، والمعادن الأساسية مثل المغنيسيوم والزنك. مثالية كوجبة خفيفة صحية في أي وقت.  ✓ غنية بالمغنيسيوم والزنك ✓ مصدر للبروتين والدهون الصحية ✓ محمصة طبيعيًا – بدون مواد حافظة,in stock,new,28.95 AED,https://thegreenroasteries.com/product/pumpkin-seeds?lang=ar,https://res.cloudinary.com/dgcexgq5g/image/upload/v1751636331/greenroasteries/products/products/SNK-FLWR-PPK.webp,المحامص الخضراء,"Food, Beverages & Tobacco > Beverages > Coffee",مكسرات وفواكه مجففة,"https://thegreenroasteries.com/uploads/products/gallery/2f639128-b030-47c6-a1f1-816b52620dd0.webp,https://thegreenroasteries.com/uploads/products/gallery/e7644e3f-4682-41a4-832d-277e189f3df2.webp,https://thegreenroasteries.com/uploads/products/gallery/0f887804-f32d-4396-8b50-b4ae8a5d4d02.webp",,e5f4ba38-d702-4d4f-b551-30905c599a59,Brown,500g,قهوة,unisex,adult,ar,أصل مميز,مكسرات وفواكه مجففة,تحميص متوسط,حبوب عربية
60346f07-991d-4232-81b0-de8fe44636d0_ar,بذور القرع - 1000g,الزريعة البيضاء – بذور القرع البيضاء المحمصة وغير المقشرة مقرمشة ولذيذة ومليئة بالفوائد الغذائية – بذور القرع البيضاء الفاخرة محمصة بعناية لتمنحك طعماً رائعاً ومغذياً. تحتوي على البروتين، الألياف، والمعادن الأساسية مثل المغنيسيوم والزنك. مثالية كوجبة خفيفة صحية في أي وقت.  ✓ غنية بالمغنيسيوم والزنك ✓ مصدر للبروتين والدهون الصحية ✓ محمصة طبيعيًا – بدون مواد حافظة,in stock,new,49.95 AED,https://thegreenroasteries.com/product/pumpkin-seeds?lang=ar,https://res.cloudinary.com/dgcexgq5g/image/upload/v1751636331/greenroasteries/products/products/SNK-FLWR-PPK.webp,المحامص الخضراء,"Food, Beverages & Tobacco > Beverages > Coffee",مكسرات وفواكه مجففة,"https://thegreenroasteries.com/uploads/products/gallery/2f639128-b030-47c6-a1f1-816b52620dd0.webp,https://thegreenroasteries.com/uploads/products/gallery/e7644e3f-4682-41a4-832d-277e189f3df2.webp,https://thegreenroasteries.com/uploads/products/gallery/0f887804-f32d-4396-8b50-b4ae8a5d4d02.webp",,e5f4ba38-d702-4d4f-b551-30905c599a59,Brown,1000g,قهوة,unisex,adult,ar,أصل مميز,مكسرات وفواكه مجففة,تحميص متوسط,حبوب عربية
da1aace6-64a9-4b67-9d9e-76b8b62c8c94_en,Roasted Pecans - 250g,"Delight in our Classic Roasted Pecans, gently dry-roasted to enhance their natural buttery flavor and satisfyingly crisp texture. With no added oils, sugars, or heavy seasonings, these pecans deliver pure, wholesome goodness, perfect for snacking straight from the bowl, baking into your favorite recipes, or sprinkling atop salads and desserts.",in stock,new,57.95 AED,https://thegreenroasteries.com/product/roasted-pecans,https://res.cloudinary.com/dgcexgq5g/image/upload/v1751636350/greenroasteries/products/products/NT-PCN-250G.jpg,Green Roasteries,"Food, Beverages & Tobacco > Food Items > Snack Foods > Nuts & Seeds",NUTS & DRIED FRUITS,,,0f2259f8-036b-41f2-a2cb-9d10c9042125,Brown,250g,Coffee,unisex,adult,en,Premium Origin,NUTS & DRIED FRUITS,Medium Roast,Arabica Beans
8620b3b0-8716-4db4-89a2-ab65631357f1_en,Roasted Pecans - 500g,"Delight in our Classic Roasted Pecans, gently dry-roasted to enhance their natural buttery flavor and satisfyingly crisp texture. With no added oils, sugars, or heavy seasonings, these pecans deliver pure, wholesome goodness, perfect for snacking straight from the bowl, baking into your favorite recipes, or sprinkling atop salads and desserts.",in stock,new,92.95 AED,https://thegreenroasteries.com/product/roasted-pecans,https://res.cloudinary.com/dgcexgq5g/image/upload/v1751636350/greenroasteries/products/products/NT-PCN-250G.jpg,Green Roasteries,"Food, Beverages & Tobacco > Food Items > Snack Foods > Nuts & Seeds",NUTS & DRIED FRUITS,,,0f2259f8-036b-41f2-a2cb-9d10c9042125,Brown,500g,Coffee,unisex,adult,en,Premium Origin,NUTS & DRIED FRUITS,Medium Roast,Arabica Beans
e02c579c-c5c4-4948-850b-fad6fd02506f_en,Roasted Pecans - 1000g,"Delight in our Classic Roasted Pecans, gently dry-roasted to enhance their natural buttery flavor and satisfyingly crisp texture. With no added oils, sugars, or heavy seasonings, these pecans deliver pure, wholesome goodness, perfect for snacking straight from the bowl, baking into your favorite recipes, or sprinkling atop salads and desserts.",in stock,new,171.95 AED,https://thegreenroasteries.com/product/roasted-pecans,https://res.cloudinary.com/dgcexgq5g/image/upload/v1751636350/greenroasteries/products/products/NT-PCN-250G.jpg,Green Roasteries,"Food, Beverages & Tobacco > Food Items > Snack Foods > Nuts & Seeds",NUTS & DRIED FRUITS,,,0f2259f8-036b-41f2-a2cb-9d10c9042125,Brown,1000g,Coffee,unisex,adult,en,Premium Origin,NUTS & DRIED FRUITS,Medium Roast,Arabica Beans
da1aace6-64a9-4b67-9d9e-76b8b62c8c94_ar,جوز البقان المحمص - 250g,استمتع بجوز البقان المحمص الكلاسيكي، محمص بعناية على طريقة التحميص الجاف ليبرز طعمه الزبدي الطبيعي وقوامه المقـرمش. بدون زيوت أو سكريات مضافة أو توابل ثقيلة، لتقدم لك تجربة خالصة وصحية—مثالي كوجبة خفيفة مباشرة من الوعاء، أو للإضافة في المخبوزات، أو لرشّه على السلطات والحلويات.,in stock,new,57.95 AED,https://thegreenroasteries.com/product/roasted-pecans?lang=ar,https://res.cloudinary.com/dgcexgq5g/image/upload/v1751636350/greenroasteries/products/products/NT-PCN-250G.jpg,المحامص الخضراء,"Food, Beverages & Tobacco > Beverages > Coffee",مكسرات وفواكه مجففة,,,0f2259f8-036b-41f2-a2cb-9d10c9042125,Brown,250g,قهوة,unisex,adult,ar,أصل مميز,مكسرات وفواكه مجففة,تحميص متوسط,حبوب عربية
8620b3b0-8716-4db4-89a2-ab65631357f1_ar,جوز البقان المحمص - 500g,استمتع بجوز البقان المحمص الكلاسيكي، محمص بعناية على طريقة التحميص الجاف ليبرز طعمه الزبدي الطبيعي وقوامه المقـرمش. بدون زيوت أو سكريات مضافة أو توابل ثقيلة، لتقدم لك تجربة خالصة وصحية—مثالي كوجبة خفيفة مباشرة من الوعاء، أو للإضافة في المخبوزات، أو لرشّه على السلطات والحلويات.,in stock,new,92.95 AED,https://thegreenroasteries.com/product/roasted-pecans?lang=ar,https://res.cloudinary.com/dgcexgq5g/image/upload/v1751636350/greenroasteries/products/products/NT-PCN-250G.jpg,المحامص الخضراء,"Food, Beverages & Tobacco > Beverages > Coffee",مكسرات وفواكه مجففة,,,0f2259f8-036b-41f2-a2cb-9d10c9042125,Brown,500g,قهوة,unisex,adult,ar,أصل مميز,مكسرات وفواكه مجففة,تحميص متوسط,حبوب عربية
e02c579c-c5c4-4948-850b-fad6fd02506f_ar,جوز البقان المحمص - 1000g,استمتع بجوز البقان المحمص الكلاسيكي، محمص بعناية على طريقة التحميص الجاف ليبرز طعمه الزبدي الطبيعي وقوامه المقـرمش. بدون زيوت أو سكريات مضافة أو توابل ثقيلة، لتقدم لك تجربة خالصة وصحية—مثالي كوجبة خفيفة مباشرة من الوعاء، أو للإضافة في المخبوزات، أو لرشّه على السلطات والحلويات.,in stock,new,171.95 AED,https://thegreenroasteries.com/product/roasted-pecans?lang=ar,https://res.cloudinary.com/dgcexgq5g/image/upload/v1751636350/greenroasteries/products/products/NT-PCN-250G.jpg,المحامص الخضراء,"Food, Beverages & Tobacco > Beverages > Coffee",مكسرات وفواكه مجففة,,,0f2259f8-036b-41f2-a2cb-9d10c9042125,Brown,1000g,قهوة,unisex,adult,ar,أصل مميز,مكسرات وفواكه مجففة,تحميص متوسط,حبوب عربية
a7935ef3-959f-4962-95bc-62dd08894efd_en,Salt Roasted Cashews - 500g,"Savor the simple perfection of our Salt Roasted Cashews. We take the finest cashews and dry-roast them until they reach a warm, golden hue, then finish with a delicate sprinkle of pure sea salt. The result is a perfectly crunchy, savory snack that highlights the natural, buttery flavor of premium cashews. Ideal for everyday nibbling, tossing into salads, or pairing with cheese and charcuterie for a classic appetizer.",in stock,new,67.95 AED,https://thegreenroasteries.com/product/salt-roasted-cashews,https://res.cloudinary.com/dgcexgq5g/image/upload/v1751636338/greenroasteries/products/products/NT-CSH-SLT.webp,Green Roasteries,"Food, Beverages & Tobacco > Food Items > Snack Foods > Nuts & Seeds",NUTS & DRIED FRUITS,,,83bc968f-2182-4a57-b44f-c53cb1cc8cb8,Brown,500g,Coffee,unisex,adult,en,Premium Origin,NUTS & DRIED FRUITS,Medium Roast,Arabica Beans
28de9beb-5229-437f-91d6-89fd2dcb67c2_en,Salt Roasted Cashews - 1000g,"Savor the simple perfection of our Salt Roasted Cashews. We take the finest cashews and dry-roast them until they reach a warm, golden hue, then finish with a delicate sprinkle of pure sea salt. The result is a perfectly crunchy, savory snack that highlights the natural, buttery flavor of premium cashews. Ideal for everyday nibbling, tossing into salads, or pairing with cheese and charcuterie for a classic appetizer.",in stock,new,116.95 AED,https://thegreenroasteries.com/product/salt-roasted-cashews,https://res.cloudinary.com/dgcexgq5g/image/upload/v1751636338/greenroasteries/products/products/NT-CSH-SLT.webp,Green Roasteries,"Food, Beverages & Tobacco > Food Items > Snack Foods > Nuts & Seeds",NUTS & DRIED FRUITS,,,83bc968f-2182-4a57-b44f-c53cb1cc8cb8,Brown,1000g,Coffee,unisex,adult,en,Premium Origin,NUTS & DRIED FRUITS,Medium Roast,Arabica Beans
531f5e7d-9698-4ae4-844b-38c269d4b085_en,Salt Roasted Cashews - 250g,"Savor the simple perfection of our Salt Roasted Cashews. We take the finest cashews and dry-roast them until they reach a warm, golden hue, then finish with a delicate sprinkle of pure sea salt. The result is a perfectly crunchy, savory snack that highlights the natural, buttery flavor of premium cashews. Ideal for everyday nibbling, tossing into salads, or pairing with cheese and charcuterie for a classic appetizer.",in stock,new,49.95 AED,https://thegreenroasteries.com/product/salt-roasted-cashews,https://res.cloudinary.com/dgcexgq5g/image/upload/v1751636338/greenroasteries/products/products/NT-CSH-SLT.webp,Green Roasteries,"Food, Beverages & Tobacco > Food Items > Snack Foods > Nuts & Seeds",NUTS & DRIED FRUITS,,,83bc968f-2182-4a57-b44f-c53cb1cc8cb8,Brown,250g,Coffee,unisex,adult,en,Premium Origin,NUTS & DRIED FRUITS,Medium Roast,Arabica Beans
a7935ef3-959f-4962-95bc-62dd08894efd_ar,كاجو محمص بالملح - 500g,استمتع ببساطة الكمال مع كاجو محمص بالملح . نختار أفخر حبات الكاجو ونحمصها جافاً حتى تحصل على لون ذهبي دافئ، ثم نرشها ببرشة خفيفة من ملح البحر النقي. النتيجة وجبة خفيفة مقرمشة ومملحة بشكل متوازن تبرز النكهة الزبدية الطبيعية لحبات الكاجو الفاخرة. مثالي للتناول اليومي، أو إضافته إلى السلطات، أو تقديمه مع الجبن والشاركوتيري كمقبلات كلاسيكية.,in stock,new,67.95 AED,https://thegreenroasteries.com/product/salt-roasted-cashews?lang=ar,https://res.cloudinary.com/dgcexgq5g/image/upload/v1751636338/greenroasteries/products/products/NT-CSH-SLT.webp,المحامص الخضراء,"Food, Beverages & Tobacco > Beverages > Coffee",مكسرات وفواكه مجففة,,,83bc968f-2182-4a57-b44f-c53cb1cc8cb8,Brown,500g,قهوة,unisex,adult,ar,أصل مميز,مكسرات وفواكه مجففة,تحميص متوسط,حبوب عربية
28de9beb-5229-437f-91d6-89fd2dcb67c2_ar,كاجو محمص بالملح - 1000g,استمتع ببساطة الكمال مع كاجو محمص بالملح . نختار أفخر حبات الكاجو ونحمصها جافاً حتى تحصل على لون ذهبي دافئ، ثم نرشها ببرشة خفيفة من ملح البحر النقي. النتيجة وجبة خفيفة مقرمشة ومملحة بشكل متوازن تبرز النكهة الزبدية الطبيعية لحبات الكاجو الفاخرة. مثالي للتناول اليومي، أو إضافته إلى السلطات، أو تقديمه مع الجبن والشاركوتيري كمقبلات كلاسيكية.,in stock,new,116.95 AED,https://thegreenroasteries.com/product/salt-roasted-cashews?lang=ar,https://res.cloudinary.com/dgcexgq5g/image/upload/v1751636338/greenroasteries/products/products/NT-CSH-SLT.webp,المحامص الخضراء,"Food, Beverages & Tobacco > Beverages > Coffee",مكسرات وفواكه مجففة,,,83bc968f-2182-4a57-b44f-c53cb1cc8cb8,Brown,1000g,قهوة,unisex,adult,ar,أصل مميز,مكسرات وفواكه مجففة,تحميص متوسط,حبوب عربية
531f5e7d-9698-4ae4-844b-38c269d4b085_ar,كاجو محمص بالملح - 250g,استمتع ببساطة الكمال مع كاجو محمص بالملح . نختار أفخر حبات الكاجو ونحمصها جافاً حتى تحصل على لون ذهبي دافئ، ثم نرشها ببرشة خفيفة من ملح البحر النقي. النتيجة وجبة خفيفة مقرمشة ومملحة بشكل متوازن تبرز النكهة الزبدية الطبيعية لحبات الكاجو الفاخرة. مثالي للتناول اليومي، أو إضافته إلى السلطات، أو تقديمه مع الجبن والشاركوتيري كمقبلات كلاسيكية.,in stock,new,49.95 AED,https://thegreenroasteries.com/product/salt-roasted-cashews?lang=ar,https://res.cloudinary.com/dgcexgq5g/image/upload/v1751636338/greenroasteries/products/products/NT-CSH-SLT.webp,المحامص الخضراء,"Food, Beverages & Tobacco > Beverages > Coffee",مكسرات وفواكه مجففة,,,83bc968f-2182-4a57-b44f-c53cb1cc8cb8,Brown,250g,قهوة,unisex,adult,ar,أصل مميز,مكسرات وفواكه مجففة,تحميص متوسط,حبوب عربية
09645d82-c425-4bcc-925b-85fe59487edc_en,Salt Roasted Corn Kernels - 500g,"Satisfy your snack cravings with our Salt Roasted Corn Kernels. Whole corn kernels are dry-roasted until irresistibly crunchy, then lightly seasoned with pure sea salt to highlight their natural sweetness and nutty aroma. Each bite delivers a crisp snap and a clean, savory finish—perfect for guilt-free munching, sprinkling over salads for extra texture, or enjoying alongside your favorite dips.",in stock,new,22.95 AED,https://thegreenroasteries.com/product/salt-roasted-corn-kernels,https://res.cloudinary.com/dgcexgq5g/image/upload/v1751636280/greenroasteries/products/products/CORN-NR.jpg,Green Roasteries,"Food, Beverages & Tobacco > Food Items > Snack Foods > Nuts & Seeds",NUTS & DRIED FRUITS,,,cb6b014b-7dd7-491b-96fc-37b29c1bc6d2,Brown,500g,Coffee,unisex,adult,en,Premium Origin,NUTS & DRIED FRUITS,Medium Roast,Arabica Beans
3730e4fb-4a82-46e9-b1f9-a3e7c3324b69_en,Salt Roasted Corn Kernels - 250g,"Satisfy your snack cravings with our Salt Roasted Corn Kernels. Whole corn kernels are dry-roasted until irresistibly crunchy, then lightly seasoned with pure sea salt to highlight their natural sweetness and nutty aroma. Each bite delivers a crisp snap and a clean, savory finish—perfect for guilt-free munching, sprinkling over salads for extra texture, or enjoying alongside your favorite dips.",in stock,new,12.95 AED,https://thegreenroasteries.com/product/salt-roasted-corn-kernels,https://res.cloudinary.com/dgcexgq5g/image/upload/v1751636280/greenroasteries/products/products/CORN-NR.jpg,Green Roasteries,"Food, Beverages & Tobacco > Food Items > Snack Foods > Nuts & Seeds",NUTS & DRIED FRUITS,,,cb6b014b-7dd7-491b-96fc-37b29c1bc6d2,Brown,250g,Coffee,unisex,adult,en,Premium Origin,NUTS & DRIED FRUITS,Medium Roast,Arabica Beans
8299af05-d1e7-4096-9548-65f046c58cd3_en,Salt Roasted Corn Kernels - 1000g,"Satisfy your snack cravings with our Salt Roasted Corn Kernels. Whole corn kernels are dry-roasted until irresistibly crunchy, then lightly seasoned with pure sea salt to highlight their natural sweetness and nutty aroma. Each bite delivers a crisp snap and a clean, savory finish—perfect for guilt-free munching, sprinkling over salads for extra texture, or enjoying alongside your favorite dips.",in stock,new,39.95 AED,https://thegreenroasteries.com/product/salt-roasted-corn-kernels,https://res.cloudinary.com/dgcexgq5g/image/upload/v1751636280/greenroasteries/products/products/CORN-NR.jpg,Green Roasteries,"Food, Beverages & Tobacco > Food Items > Snack Foods > Nuts & Seeds",NUTS & DRIED FRUITS,,,cb6b014b-7dd7-491b-96fc-37b29c1bc6d2,Brown,1000g,Coffee,unisex,adult,en,Premium Origin,NUTS & DRIED FRUITS,Medium Roast,Arabica Beans
09645d82-c425-4bcc-925b-85fe59487edc_ar,ذرة محمصة بالملح - 500g,اشبع رغبتك في الوجبات الخفيفة مع ذرة محمصة بالملح. تُحمص حبات الذرة كاملة جافاً حتى تصبح مقرمشة بشكل لا يُقاوم، ثم تُتبل بخفة بملح البحر النقي لإبراز حلاوتها الطبيعية ورائحتها المكسرية. كل قضمة تمنحك قرمشة مقرمشة ونهاية مالحة نظيفة—مثالية للتناول بدون ذنب، أو رشة إضافية فوق السلطات لمزيد من القوام، أو للاستمتاع بها مع الصلصات المفضّلة لديك.,in stock,new,22.95 AED,https://thegreenroasteries.com/product/salt-roasted-corn-kernels?lang=ar,https://res.cloudinary.com/dgcexgq5g/image/upload/v1751636280/greenroasteries/products/products/CORN-NR.jpg,المحامص الخضراء,"Food, Beverages & Tobacco > Beverages > Coffee",مكسرات وفواكه مجففة,,,cb6b014b-7dd7-491b-96fc-37b29c1bc6d2,Brown,500g,قهوة,unisex,adult,ar,أصل مميز,مكسرات وفواكه مجففة,تحميص متوسط,حبوب عربية
3730e4fb-4a82-46e9-b1f9-a3e7c3324b69_ar,ذرة محمصة بالملح - 250g,اشبع رغبتك في الوجبات الخفيفة مع ذرة محمصة بالملح. تُحمص حبات الذرة كاملة جافاً حتى تصبح مقرمشة بشكل لا يُقاوم، ثم تُتبل بخفة بملح البحر النقي لإبراز حلاوتها الطبيعية ورائحتها المكسرية. كل قضمة تمنحك قرمشة مقرمشة ونهاية مالحة نظيفة—مثالية للتناول بدون ذنب، أو رشة إضافية فوق السلطات لمزيد من القوام، أو للاستمتاع بها مع الصلصات المفضّلة لديك.,in stock,new,12.95 AED,https://thegreenroasteries.com/product/salt-roasted-corn-kernels?lang=ar,https://res.cloudinary.com/dgcexgq5g/image/upload/v1751636280/greenroasteries/products/products/CORN-NR.jpg,المحامص الخضراء,"Food, Beverages & Tobacco > Beverages > Coffee",مكسرات وفواكه مجففة,,,cb6b014b-7dd7-491b-96fc-37b29c1bc6d2,Brown,250g,قهوة,unisex,adult,ar,أصل مميز,مكسرات وفواكه مجففة,تحميص متوسط,حبوب عربية
8299af05-d1e7-4096-9548-65f046c58cd3_ar,ذرة محمصة بالملح - 1000g,اشبع رغبتك في الوجبات الخفيفة مع ذرة محمصة بالملح. تُحمص حبات الذرة كاملة جافاً حتى تصبح مقرمشة بشكل لا يُقاوم، ثم تُتبل بخفة بملح البحر النقي لإبراز حلاوتها الطبيعية ورائحتها المكسرية. كل قضمة تمنحك قرمشة مقرمشة ونهاية مالحة نظيفة—مثالية للتناول بدون ذنب، أو رشة إضافية فوق السلطات لمزيد من القوام، أو للاستمتاع بها مع الصلصات المفضّلة لديك.,in stock,new,39.95 AED,https://thegreenroasteries.com/product/salt-roasted-corn-kernels?lang=ar,https://res.cloudinary.com/dgcexgq5g/image/upload/v1751636280/greenroasteries/products/products/CORN-NR.jpg,المحامص الخضراء,"Food, Beverages & Tobacco > Beverages > Coffee",مكسرات وفواكه مجففة,,,cb6b014b-7dd7-491b-96fc-37b29c1bc6d2,Brown,1000g,قهوة,unisex,adult,ar,أصل مميز,مكسرات وفواكه مجففة,تحميص متوسط,حبوب عربية
5fedafd8-4a53-4442-9979-c709df476805_en,Salted Macadamia Nuts,"Indulge in the rich, buttery flavor of premium macadamia nuts, perfectly roasted and lightly salted to enhance their natural taste. A luxurious snack that’s both delicious and satisfying – ideal for sharing or enjoying on your own.",in stock,new,90.00 AED,https://thegreenroasteries.com/product/salted-macadamia-nuts,https://res.cloudinary.com/dgcexgq5g/image/upload/v1751636306/greenroasteries/products/products/NT-GLD.webp,Green Roasteries,"Food, Beverages & Tobacco > Food Items > Snack Foods > Nuts & Seeds",NUTS & DRIED FRUITS,,,5fedafd8-4a53-4442-9979-c709df476805,Brown,,Coffee,unisex,adult,en,Premium Origin,NUTS & DRIED FRUITS,Medium Roast,Arabica Beans
5fedafd8-4a53-4442-9979-c709df476805_ar,المكاديميا المملحة,استمتع بالنكهة الغنية والقوام الزبدي لمكسرات المكاديميا الفاخرة، المحمّصة بعناية والمملحة بخفة لإبراز طعمها الطبيعي. وجبة خفيفة فاخرة ولذيذة ترضي ذوقك، سواء كنت تتناولها بمفردك أو مع الآخرين.,in stock,new,90.00 AED,https://thegreenroasteries.com/product/salted-macadamia-nuts?lang=ar,https://res.cloudinary.com/dgcexgq5g/image/upload/v1751636306/greenroasteries/products/products/NT-GLD.webp,المحامص الخضراء,"Food, Beverages & Tobacco > Beverages > Coffee",مكسرات وفواكه مجففة,,,5fedafd8-4a53-4442-9979-c709df476805,Brown,,قهوة,unisex,adult,ar,أصل مميز,مكسرات وفواكه مجففة,تحميص متوسط,حبوب عربية
465ee165-c8e5-41c5-8677-e9d104df45f4_en,Salted Mix - 1000g,"Elevate your snack experience with our Gourmet Salted Nut Fusion—a lavish blend of premium cashews, almonds, and pistachios, each hand-picked for size and flavor. Lightly dry-roasted to a golden crunch, then finished with a whisper of sea salt, this trio delivers a harmonious balance of creamy, buttery, and subtly sweet notes with every bite. Perfect for sophisticated entertaining, afternoon pick-me-ups, or adding a gourmet touch to your charcuterie board.",in stock,new,112.51 AED,https://thegreenroasteries.com/product/salted-mix,https://res.cloudinary.com/dgcexgq5g/image/upload/v1751636295/greenroasteries/products/products/MX-SLT.jpg,Green Roasteries,"Food, Beverages & Tobacco > Food Items > Snack Foods > Nuts & Seeds",NUTS & DRIED FRUITS,,,752778d7-a247-4548-a24f-0d5469706860,Brown,1000g,Coffee,unisex,adult,en,Premium Origin,NUTS & DRIED FRUITS,Medium Roast,Arabica Beans
0400d9f9-d099-45d8-a3cf-f482a0f6696f_en,Salted Mix - 500g,"Elevate your snack experience with our Gourmet Salted Nut Fusion—a lavish blend of premium cashews, almonds, and pistachios, each hand-picked for size and flavor. Lightly dry-roasted to a golden crunch, then finished with a whisper of sea salt, this trio delivers a harmonious balance of creamy, buttery, and subtly sweet notes with every bite. Perfect for sophisticated entertaining, afternoon pick-me-ups, or adding a gourmet touch to your charcuterie board.",in stock,new,67.59 AED,https://thegreenroasteries.com/product/salted-mix,https://res.cloudinary.com/dgcexgq5g/image/upload/v1751636295/greenroasteries/products/products/MX-SLT.jpg,Green Roasteries,"Food, Beverages & Tobacco > Food Items > Snack Foods > Nuts & Seeds",NUTS & DRIED FRUITS,,,752778d7-a247-4548-a24f-0d5469706860,Brown,500g,Coffee,unisex,adult,en,Premium Origin,NUTS & DRIED FRUITS,Medium Roast,Arabica Beans
e20f99cf-ebfc-4faf-9cfa-8320aaabdf95_en,Salted Mix - 250g,"Elevate your snack experience with our Gourmet Salted Nut Fusion—a lavish blend of premium cashews, almonds, and pistachios, each hand-picked for size and flavor. Lightly dry-roasted to a golden crunch, then finished with a whisper of sea salt, this trio delivers a harmonious balance of creamy, buttery, and subtly sweet notes with every bite. Perfect for sophisticated entertaining, afternoon pick-me-ups, or adding a gourmet touch to your charcuterie board.",in stock,new,49.95 AED,https://thegreenroasteries.com/product/salted-mix,https://res.cloudinary.com/dgcexgq5g/image/upload/v1751636295/greenroasteries/products/products/MX-SLT.jpg,Green Roasteries,"Food, Beverages & Tobacco > Food Items > Snack Foods > Nuts & Seeds",NUTS & DRIED FRUITS,,,752778d7-a247-4548-a24f-0d5469706860,Brown,250g,Coffee,unisex,adult,en,Premium Origin,NUTS & DRIED FRUITS,Medium Roast,Arabica Beans
465ee165-c8e5-41c5-8677-e9d104df45f4_ar,مزيج المكسرات الفاخر المملح - 1000g,ارتق بمتعتك مع مزيج المكسرات الفاخر المملح—خليط فاخر من الكاجو الفاخر، واللوز المقرمش، والفستق النابض بالنكهة، يتم انتقاؤها بعناية لحجمها المثالي وطعمها الرائع. يُحمص كل نوع جافاً حتى يصبح ذهبياً ومقرمشاً، ثم يُرش بلمسة خفيفة من ملح البحر. يقدم هذا المزيج تناغماً مميزاً بين القوام الكريمي والنكهات الزبدية والحلاوة الخفيفة في كل قضمة. مثالي للضيافة الراقية، أو كوجبة خفيفة منعشة بعد الظهر، أو لإضفاء لمسة فاخرة على لوحات الجبن والمشاركوتيري.,in stock,new,112.51 AED,https://thegreenroasteries.com/product/salted-mix?lang=ar,https://res.cloudinary.com/dgcexgq5g/image/upload/v1751636295/greenroasteries/products/products/MX-SLT.jpg,المحامص الخضراء,"Food, Beverages & Tobacco > Beverages > Coffee",مكسرات وفواكه مجففة,,,752778d7-a247-4548-a24f-0d5469706860,Brown,1000g,قهوة,unisex,adult,ar,أصل مميز,مكسرات وفواكه مجففة,تحميص متوسط,حبوب عربية
0400d9f9-d099-45d8-a3cf-f482a0f6696f_ar,مزيج المكسرات الفاخر المملح - 500g,ارتق بمتعتك مع مزيج المكسرات الفاخر المملح—خليط فاخر من الكاجو الفاخر، واللوز المقرمش، والفستق النابض بالنكهة، يتم انتقاؤها بعناية لحجمها المثالي وطعمها الرائع. يُحمص كل نوع جافاً حتى يصبح ذهبياً ومقرمشاً، ثم يُرش بلمسة خفيفة من ملح البحر. يقدم هذا المزيج تناغماً مميزاً بين القوام الكريمي والنكهات الزبدية والحلاوة الخفيفة في كل قضمة. مثالي للضيافة الراقية، أو كوجبة خفيفة منعشة بعد الظهر، أو لإضفاء لمسة فاخرة على لوحات الجبن والمشاركوتيري.,in stock,new,67.59 AED,https://thegreenroasteries.com/product/salted-mix?lang=ar,https://res.cloudinary.com/dgcexgq5g/image/upload/v1751636295/greenroasteries/products/products/MX-SLT.jpg,المحامص الخضراء,"Food, Beverages & Tobacco > Beverages > Coffee",مكسرات وفواكه مجففة,,,752778d7-a247-4548-a24f-0d5469706860,Brown,500g,قهوة,unisex,adult,ar,أصل مميز,مكسرات وفواكه مجففة,تحميص متوسط,حبوب عربية
e20f99cf-ebfc-4faf-9cfa-8320aaabdf95_ar,مزيج المكسرات الفاخر المملح - 250g,ارتق بمتعتك مع مزيج المكسرات الفاخر المملح—خليط فاخر من الكاجو الفاخر، واللوز المقرمش، والفستق النابض بالنكهة، يتم انتقاؤها بعناية لحجمها المثالي وطعمها الرائع. يُحمص كل نوع جافاً حتى يصبح ذهبياً ومقرمشاً، ثم يُرش بلمسة خفيفة من ملح البحر. يقدم هذا المزيج تناغماً مميزاً بين القوام الكريمي والنكهات الزبدية والحلاوة الخفيفة في كل قضمة. مثالي للضيافة الراقية، أو كوجبة خفيفة منعشة بعد الظهر، أو لإضفاء لمسة فاخرة على لوحات الجبن والمشاركوتيري.,in stock,new,49.95 AED,https://thegreenroasteries.com/product/salted-mix?lang=ar,https://res.cloudinary.com/dgcexgq5g/image/upload/v1751636295/greenroasteries/products/products/MX-SLT.jpg,المحامص الخضراء,"Food, Beverages & Tobacco > Beverages > Coffee",مكسرات وفواكه مجففة,,,752778d7-a247-4548-a24f-0d5469706860,Brown,250g,قهوة,unisex,adult,ar,أصل مميز,مكسرات وفواكه مجففة,تحميص متوسط,حبوب عربية
b4ede6ef-98a9-461e-99aa-48524348b4cd_en,Salted Pistachios - 250g,"Crunch into our premium Sea Salted Pistachios—carefully roasted to bring out their rich, buttery flavor, then lightly dusted with pure sea salt for a perfectly balanced savory snack. Packed with protein, fiber, and heart-healthy fats, these pistachios are ideal for on-the-go munching, topping your salads, or adding a satisfying crunch to trail mixes.",in stock,new,39.95 AED,https://thegreenroasteries.com/product/salted-pistachios,https://res.cloudinary.com/dgcexgq5g/image/upload/v1751636339/greenroasteries/products/products/NT-PS-SLT.webp,Green Roasteries,"Food, Beverages & Tobacco > Food Items > Snack Foods > Nuts & Seeds",NUTS & DRIED FRUITS,"https://thegreenroasteries.com/uploads/products/gallery/5e4228bd-5222-40b0-a57e-b412fc687768.webp,https://thegreenroasteries.com/uploads/products/gallery/b4fa9fec-4fe6-4b27-9a1e-9f2d56e9037f.webp,https://thegreenroasteries.com/uploads/products/gallery/d7e9bfe7-e072-4ff9-b8a0-4f5ea4685408.webp",,479d126b-8666-4229-8384-5e113eadbf0e,Brown,250g,Coffee,unisex,adult,en,Premium Origin,NUTS & DRIED FRUITS,Medium Roast,Arabica Beans
efbe96d2-a930-4e24-89fc-8926f116e391_en,Salted Pistachios - 500g,"Crunch into our premium Sea Salted Pistachios—carefully roasted to bring out their rich, buttery flavor, then lightly dusted with pure sea salt for a perfectly balanced savory snack. Packed with protein, fiber, and heart-healthy fats, these pistachios are ideal for on-the-go munching, topping your salads, or adding a satisfying crunch to trail mixes.",in stock,new,68.95 AED,https://thegreenroasteries.com/product/salted-pistachios,https://res.cloudinary.com/dgcexgq5g/image/upload/v1751636339/greenroasteries/products/products/NT-PS-SLT.webp,Green Roasteries,"Food, Beverages & Tobacco > Food Items > Snack Foods > Nuts & Seeds",NUTS & DRIED FRUITS,"https://thegreenroasteries.com/uploads/products/gallery/5e4228bd-5222-40b0-a57e-b412fc687768.webp,https://thegreenroasteries.com/uploads/products/gallery/b4fa9fec-4fe6-4b27-9a1e-9f2d56e9037f.webp,https://thegreenroasteries.com/uploads/products/gallery/d7e9bfe7-e072-4ff9-b8a0-4f5ea4685408.webp",,479d126b-8666-4229-8384-5e113eadbf0e,Brown,500g,Coffee,unisex,adult,en,Premium Origin,NUTS & DRIED FRUITS,Medium Roast,Arabica Beans
bebebac8-356a-4563-afdd-08da5e0b8db3_en,Salted Pistachios - 1000g,"Crunch into our premium Sea Salted Pistachios—carefully roasted to bring out their rich, buttery flavor, then lightly dusted with pure sea salt for a perfectly balanced savory snack. Packed with protein, fiber, and heart-healthy fats, these pistachios are ideal for on-the-go munching, topping your salads, or adding a satisfying crunch to trail mixes.",in stock,new,124.95 AED,https://thegreenroasteries.com/product/salted-pistachios,https://res.cloudinary.com/dgcexgq5g/image/upload/v1751636339/greenroasteries/products/products/NT-PS-SLT.webp,Green Roasteries,"Food, Beverages & Tobacco > Food Items > Snack Foods > Nuts & Seeds",NUTS & DRIED FRUITS,"https://thegreenroasteries.com/uploads/products/gallery/5e4228bd-5222-40b0-a57e-b412fc687768.webp,https://thegreenroasteries.com/uploads/products/gallery/b4fa9fec-4fe6-4b27-9a1e-9f2d56e9037f.webp,https://thegreenroasteries.com/uploads/products/gallery/d7e9bfe7-e072-4ff9-b8a0-4f5ea4685408.webp",,479d126b-8666-4229-8384-5e113eadbf0e,Brown,1000g,Coffee,unisex,adult,en,Premium Origin,NUTS & DRIED FRUITS,Medium Roast,Arabica Beans
b4ede6ef-98a9-461e-99aa-48524348b4cd_ar,فستق مملح - 250g,"استمتع بقرمشة فستقنا المملح بملح البحر الفاخر, محمص بعناية ليظهر طعمه الزبدي الطبيعي ثم مغمور برشة خفيفة من ملح البحر لتوازن مثالي بين الملوحة والطعم. غني بالبروتين والألياف والدهون الصحية للقلب، مثالي كوجبة خفيفة أثناء التنقل، أو لإضافة قرمشة مميزة للسلطات وخليط المكسرات.",in stock,new,39.95 AED,https://thegreenroasteries.com/product/salted-pistachios?lang=ar,https://res.cloudinary.com/dgcexgq5g/image/upload/v1751636339/greenroasteries/products/products/NT-PS-SLT.webp,المحامص الخضراء,"Food, Beverages & Tobacco > Beverages > Coffee",مكسرات وفواكه مجففة,"https://thegreenroasteries.com/uploads/products/gallery/5e4228bd-5222-40b0-a57e-b412fc687768.webp,https://thegreenroasteries.com/uploads/products/gallery/b4fa9fec-4fe6-4b27-9a1e-9f2d56e9037f.webp,https://thegreenroasteries.com/uploads/products/gallery/d7e9bfe7-e072-4ff9-b8a0-4f5ea4685408.webp",,479d126b-8666-4229-8384-5e113eadbf0e,Brown,250g,قهوة,unisex,adult,ar,أصل مميز,مكسرات وفواكه مجففة,تحميص متوسط,حبوب عربية
efbe96d2-a930-4e24-89fc-8926f116e391_ar,فستق مملح - 500g,"استمتع بقرمشة فستقنا المملح بملح البحر الفاخر, محمص بعناية ليظهر طعمه الزبدي الطبيعي ثم مغمور برشة خفيفة من ملح البحر لتوازن مثالي بين الملوحة والطعم. غني بالبروتين والألياف والدهون الصحية للقلب، مثالي كوجبة خفيفة أثناء التنقل، أو لإضافة قرمشة مميزة للسلطات وخليط المكسرات.",in stock,new,68.95 AED,https://thegreenroasteries.com/product/salted-pistachios?lang=ar,https://res.cloudinary.com/dgcexgq5g/image/upload/v1751636339/greenroasteries/products/products/NT-PS-SLT.webp,المحامص الخضراء,"Food, Beverages & Tobacco > Beverages > Coffee",مكسرات وفواكه مجففة,"https://thegreenroasteries.com/uploads/products/gallery/5e4228bd-5222-40b0-a57e-b412fc687768.webp,https://thegreenroasteries.com/uploads/products/gallery/b4fa9fec-4fe6-4b27-9a1e-9f2d56e9037f.webp,https://thegreenroasteries.com/uploads/products/gallery/d7e9bfe7-e072-4ff9-b8a0-4f5ea4685408.webp",,479d126b-8666-4229-8384-5e113eadbf0e,Brown,500g,قهوة,unisex,adult,ar,أصل مميز,مكسرات وفواكه مجففة,تحميص متوسط,حبوب عربية
bebebac8-356a-4563-afdd-08da5e0b8db3_ar,فستق مملح - 1000g,"استمتع بقرمشة فستقنا المملح بملح البحر الفاخر, محمص بعناية ليظهر طعمه الزبدي الطبيعي ثم مغمور برشة خفيفة من ملح البحر لتوازن مثالي بين الملوحة والطعم. غني بالبروتين والألياف والدهون الصحية للقلب، مثالي كوجبة خفيفة أثناء التنقل، أو لإضافة قرمشة مميزة للسلطات وخليط المكسرات.",in stock,new,124.95 AED,https://thegreenroasteries.com/product/salted-pistachios?lang=ar,https://res.cloudinary.com/dgcexgq5g/image/upload/v1751636339/greenroasteries/products/products/NT-PS-SLT.webp,المحامص الخضراء,"Food, Beverages & Tobacco > Beverages > Coffee",مكسرات وفواكه مجففة,"https://thegreenroasteries.com/uploads/products/gallery/5e4228bd-5222-40b0-a57e-b412fc687768.webp,https://thegreenroasteries.com/uploads/products/gallery/b4fa9fec-4fe6-4b27-9a1e-9f2d56e9037f.webp,https://thegreenroasteries.com/uploads/products/gallery/d7e9bfe7-e072-4ff9-b8a0-4f5ea4685408.webp",,479d126b-8666-4229-8384-5e113eadbf0e,Brown,1000g,قهوة,unisex,adult,ar,أصل مميز,مكسرات وفواكه مجففة,تحميص متوسط,حبوب عربية
817d468b-eb8e-4f6a-8615-7bc5b952eb17_en,Smoky BBQ Roasted Cashews - 250g,"Indulge in the bold flavor of our Smoky BBQ Roasted Cashews. Each premium cashew is dry-roasted to a satisfying crunch, then dusted with a signature blend of smoky paprika, tangy tomato powder, brown sugar, garlic, and a touch of sea salt. The result is a perfectly balanced snack with sweet, savory, and subtly smoky notes in every bite. Enjoy straight from the bag, or pair with cold beverages for a classic barbecue-style treat.",in stock,new,38.95 AED,https://thegreenroasteries.com/product/smoky-bbq-roasted-cashews,https://res.cloudinary.com/dgcexgq5g/image/upload/v1751636327/greenroasteries/products/products/NT-CSH-BBQ.jpg,Green Roasteries,"Food, Beverages & Tobacco > Food Items > Snack Foods > Nuts & Seeds",NUTS & DRIED FRUITS,,,90e57b25-a42d-4b34-85f0-6a18e8e0f592,Brown,250g,Coffee,unisex,adult,en,Premium Origin,NUTS & DRIED FRUITS,Medium Roast,Arabica Beans
487f5d22-78ad-4f6f-8675-890878af7421_en,Smoky BBQ Roasted Cashews - 500g,"Indulge in the bold flavor of our Smoky BBQ Roasted Cashews. Each premium cashew is dry-roasted to a satisfying crunch, then dusted with a signature blend of smoky paprika, tangy tomato powder, brown sugar, garlic, and a touch of sea salt. The result is a perfectly balanced snack with sweet, savory, and subtly smoky notes in every bite. Enjoy straight from the bag, or pair with cold beverages for a classic barbecue-style treat.",in stock,new,62.95 AED,https://thegreenroasteries.com/product/smoky-bbq-roasted-cashews,https://res.cloudinary.com/dgcexgq5g/image/upload/v1751636327/greenroasteries/products/products/NT-CSH-BBQ.jpg,Green Roasteries,"Food, Beverages & Tobacco > Food Items > Snack Foods > Nuts & Seeds",NUTS & DRIED FRUITS,,,90e57b25-a42d-4b34-85f0-6a18e8e0f592,Brown,500g,Coffee,unisex,adult,en,Premium Origin,NUTS & DRIED FRUITS,Medium Roast,Arabica Beans
e8d64bbf-f838-45bb-be8e-4f81ab739a8d_en,Smoky BBQ Roasted Cashews - 1000g,"Indulge in the bold flavor of our Smoky BBQ Roasted Cashews. Each premium cashew is dry-roasted to a satisfying crunch, then dusted with a signature blend of smoky paprika, tangy tomato powder, brown sugar, garlic, and a touch of sea salt. The result is a perfectly balanced snack with sweet, savory, and subtly smoky notes in every bite. Enjoy straight from the bag, or pair with cold beverages for a classic barbecue-style treat.",in stock,new,115.95 AED,https://thegreenroasteries.com/product/smoky-bbq-roasted-cashews,https://res.cloudinary.com/dgcexgq5g/image/upload/v1751636327/greenroasteries/products/products/NT-CSH-BBQ.jpg,Green Roasteries,"Food, Beverages & Tobacco > Food Items > Snack Foods > Nuts & Seeds",NUTS & DRIED FRUITS,,,90e57b25-a42d-4b34-85f0-6a18e8e0f592,Brown,1000g,Coffee,unisex,adult,en,Premium Origin,NUTS & DRIED FRUITS,Medium Roast,Arabica Beans
817d468b-eb8e-4f6a-8615-7bc5b952eb17_ar,كاجو محمص بتتبيلة الباربكيو المدخن - 250g,دلل حواسك بنكهات كاجو محمص بتتبيلة الباربكيو المدخن. تُحمص حبات الكاجو الفاخرة جافاً حتى تصبح مقرمشة، ثم تُغلف بخليط مميز من البابريكا المدخنة، ومسحوق الطماطم الحامض، والسكر البني، والثوم، ولمسة من ملح البحر. النتيجة وجبة خفيفة متوازنة تجمع بين الحلاوة والملوحة والدخان الخفيف في كل قضمة. مثالي للتناول مباشرة أو تقديمه مع المشروبات الباردة لوجبة بطعم الشواء الكلاسيكي.,in stock,new,38.95 AED,https://thegreenroasteries.com/product/smoky-bbq-roasted-cashews?lang=ar,https://res.cloudinary.com/dgcexgq5g/image/upload/v1751636327/greenroasteries/products/products/NT-CSH-BBQ.jpg,المحامص الخضراء,"Food, Beverages & Tobacco > Beverages > Coffee",مكسرات وفواكه مجففة,,,90e57b25-a42d-4b34-85f0-6a18e8e0f592,Brown,250g,قهوة,unisex,adult,ar,أصل مميز,مكسرات وفواكه مجففة,تحميص متوسط,حبوب عربية
487f5d22-78ad-4f6f-8675-890878af7421_ar,كاجو محمص بتتبيلة الباربكيو المدخن - 500g,دلل حواسك بنكهات كاجو محمص بتتبيلة الباربكيو المدخن. تُحمص حبات الكاجو الفاخرة جافاً حتى تصبح مقرمشة، ثم تُغلف بخليط مميز من البابريكا المدخنة، ومسحوق الطماطم الحامض، والسكر البني، والثوم، ولمسة من ملح البحر. النتيجة وجبة خفيفة متوازنة تجمع بين الحلاوة والملوحة والدخان الخفيف في كل قضمة. مثالي للتناول مباشرة أو تقديمه مع المشروبات الباردة لوجبة بطعم الشواء الكلاسيكي.,in stock,new,62.95 AED,https://thegreenroasteries.com/product/smoky-bbq-roasted-cashews?lang=ar,https://res.cloudinary.com/dgcexgq5g/image/upload/v1751636327/greenroasteries/products/products/NT-CSH-BBQ.jpg,المحامص الخضراء,"Food, Beverages & Tobacco > Beverages > Coffee",مكسرات وفواكه مجففة,,,90e57b25-a42d-4b34-85f0-6a18e8e0f592,Brown,500g,قهوة,unisex,adult,ar,أصل مميز,مكسرات وفواكه مجففة,تحميص متوسط,حبوب عربية
e8d64bbf-f838-45bb-be8e-4f81ab739a8d_ar,كاجو محمص بتتبيلة الباربكيو المدخن - 1000g,دلل حواسك بنكهات كاجو محمص بتتبيلة الباربكيو المدخن. تُحمص حبات الكاجو الفاخرة جافاً حتى تصبح مقرمشة، ثم تُغلف بخليط مميز من البابريكا المدخنة، ومسحوق الطماطم الحامض، والسكر البني، والثوم، ولمسة من ملح البحر. النتيجة وجبة خفيفة متوازنة تجمع بين الحلاوة والملوحة والدخان الخفيف في كل قضمة. مثالي للتناول مباشرة أو تقديمه مع المشروبات الباردة لوجبة بطعم الشواء الكلاسيكي.,in stock,new,115.95 AED,https://thegreenroasteries.com/product/smoky-bbq-roasted-cashews?lang=ar,https://res.cloudinary.com/dgcexgq5g/image/upload/v1751636327/greenroasteries/products/products/NT-CSH-BBQ.jpg,المحامص الخضراء,"Food, Beverages & Tobacco > Beverages > Coffee",مكسرات وفواكه مجففة,,,90e57b25-a42d-4b34-85f0-6a18e8e0f592,Brown,1000g,قهوة,unisex,adult,ar,أصل مميز,مكسرات وفواكه مجففة,تحميص متوسط,حبوب عربية
60c34974-647c-4384-8834-f8a414893fc7_en,Special Turkish Dark - 1000g Ground grains,"Turkish coffee is so unique that it was inscribed to Unesco's Intangible Culture Heritage List in 2013, due to the unique practices that goes into the preparation and presentation. with spices",in stock,new,165.00 AED,https://thegreenroasteries.com/product/special-turkish-dark,https://res.cloudinary.com/dgcexgq5g/image/upload/v1751636639/greenroasteries/variations/variations/TRKH-SP-DK_var_60c34974-647c-4384-8834-f8a414893fc7.webp,Green Roasteries,"Food, Beverages & Tobacco > Beverages > Coffee",TURKISH ROAST,https://res.cloudinary.com/dgcexgq5g/image/upload/v1751636724/greenroasteries/gallery/gallery/TRKH-SP-DK_img_4ef09e54-5798-48ec-9048-1de8219ce27b.webp,,264954c6-3360-4fb9-af0c-c4318fede0ee,Brown,1000g,Coffee,unisex,adult,en,Turkey,TURKISH ROAST,Medium Roast,Ground grains
65f78634-0f79-41e9-9bf3-e4a8939228ac_en,Special Turkish Dark - 500g Ground grains,"Turkish coffee is so unique that it was inscribed to Unesco's Intangible Culture Heritage List in 2013, due to the unique practices that goes into the preparation and presentation. with spices",in stock,new,89.95 AED,https://thegreenroasteries.com/product/special-turkish-dark,https://res.cloudinary.com/dgcexgq5g/image/upload/v1751636642/greenroasteries/variations/variations/TRKH-SP-DK_var_65f78634-0f79-41e9-9bf3-e4a8939228ac.webp,Green Roasteries,"Food, Beverages & Tobacco > Beverages > Coffee",TURKISH ROAST,https://res.cloudinary.com/dgcexgq5g/image/upload/v1751636724/greenroasteries/gallery/gallery/TRKH-SP-DK_img_4ef09e54-5798-48ec-9048-1de8219ce27b.webp,,264954c6-3360-4fb9-af0c-c4318fede0ee,Brown,500g,Coffee,unisex,adult,en,Turkey,TURKISH ROAST,Medium Roast,Ground grains
9450ebd6-2d54-40c7-85e9-05d2a6e03b75_en,Special Turkish Dark - 250g Ground grains,"Turkish coffee is so unique that it was inscribed to Unesco's Intangible Culture Heritage List in 2013, due to the unique practices that goes into the preparation and presentation. with spices",in stock,new,49.95 AED,https://thegreenroasteries.com/product/special-turkish-dark,https://res.cloudinary.com/dgcexgq5g/image/upload/v1751636681/greenroasteries/variations/variations/TRKH-SP-DK_var_9450ebd6-2d54-40c7-85e9-05d2a6e03b75.webp,Green Roasteries,"Food, Beverages & Tobacco > Beverages > Coffee",TURKISH ROAST,https://res.cloudinary.com/dgcexgq5g/image/upload/v1751636724/greenroasteries/gallery/gallery/TRKH-SP-DK_img_4ef09e54-5798-48ec-9048-1de8219ce27b.webp,,264954c6-3360-4fb9-af0c-c4318fede0ee,Brown,250g,Coffee,unisex,adult,en,Turkey,TURKISH ROAST,Medium Roast,Ground grains
658007d4-9955-413d-bde6-638eaf4ee944_en,Special Turkish Dark - 250g whole beans,"Turkish coffee is so unique that it was inscribed to Unesco's Intangible Culture Heritage List in 2013, due to the unique practices that goes into the preparation and presentation. with spices",in stock,new,49.95 AED,https://thegreenroasteries.com/product/special-turkish-dark,https://res.cloudinary.com/dgcexgq5g/image/upload/v1751636684/greenroasteries/variations/variations/TRKH-SP-DK_var_658007d4-9955-413d-bde6-638eaf4ee944.webp,Green Roasteries,"Food, Beverages & Tobacco > Beverages > Coffee",TURKISH ROAST,https://res.cloudinary.com/dgcexgq5g/image/upload/v1751636724/greenroasteries/gallery/gallery/TRKH-SP-DK_img_4ef09e54-5798-48ec-9048-1de8219ce27b.webp,,264954c6-3360-4fb9-af0c-c4318fede0ee,Brown,250g,Coffee,unisex,adult,en,Turkey,TURKISH ROAST,Medium Roast,whole beans
756417df-59f5-421a-b0c8-72c0ad207aa1_en,Special Turkish Dark - 500g whole beans,"Turkish coffee is so unique that it was inscribed to Unesco's Intangible Culture Heritage List in 2013, due to the unique practices that goes into the preparation and presentation. with spices",in stock,new,89.95 AED,https://thegreenroasteries.com/product/special-turkish-dark,https://res.cloudinary.com/dgcexgq5g/image/upload/v1751636644/greenroasteries/variations/variations/TRKH-SP-DK_var_756417df-59f5-421a-b0c8-72c0ad207aa1.webp,Green Roasteries,"Food, Beverages & Tobacco > Beverages > Coffee",TURKISH ROAST,https://res.cloudinary.com/dgcexgq5g/image/upload/v1751636724/greenroasteries/gallery/gallery/TRKH-SP-DK_img_4ef09e54-5798-48ec-9048-1de8219ce27b.webp,,264954c6-3360-4fb9-af0c-c4318fede0ee,Brown,500g,Coffee,unisex,adult,en,Turkey,TURKISH ROAST,Medium Roast,whole beans
5b46e8f1-7081-4905-9085-ba3638ae80ac_en,Special Turkish Dark - 1000g whole beans,"Turkish coffee is so unique that it was inscribed to Unesco's Intangible Culture Heritage List in 2013, due to the unique practices that goes into the preparation and presentation. with spices",in stock,new,165.00 AED,https://thegreenroasteries.com/product/special-turkish-dark,https://res.cloudinary.com/dgcexgq5g/image/upload/v1751636646/greenroasteries/variations/variations/TRKH-SP-DK_var_5b46e8f1-7081-4905-9085-ba3638ae80ac.webp,Green Roasteries,"Food, Beverages & Tobacco > Beverages > Coffee",TURKISH ROAST,https://res.cloudinary.com/dgcexgq5g/image/upload/v1751636724/greenroasteries/gallery/gallery/TRKH-SP-DK_img_4ef09e54-5798-48ec-9048-1de8219ce27b.webp,,264954c6-3360-4fb9-af0c-c4318fede0ee,Brown,1000g,Coffee,unisex,adult,en,Turkey,TURKISH ROAST,Medium Roast,whole beans
60c34974-647c-4384-8834-f8a414893fc7_ar,قهـــوة تركيـــة داكنـــة - 1000g حبوب مطحونة,تعتبر القهوة التركية فريدة من نوعها لدرجة أنها أدرجت في قائمة التراث الثقافي غير المادي لمنظمة اليونسكو في عام ،2013 وذلك بسبب الممارسات الفريدة التي تدخل في إعدادها وتقديمها، مع بهارات خاصة,in stock,new,165.00 AED,https://thegreenroasteries.com/product/special-turkish-dark?lang=ar,https://res.cloudinary.com/dgcexgq5g/image/upload/v1751636639/greenroasteries/variations/variations/TRKH-SP-DK_var_60c34974-647c-4384-8834-f8a414893fc7.webp,المحامص الخضراء,"Food, Beverages & Tobacco > Beverages > Coffee",تحميص تركي,https://res.cloudinary.com/dgcexgq5g/image/upload/v1751636724/greenroasteries/gallery/gallery/TRKH-SP-DK_img_4ef09e54-5798-48ec-9048-1de8219ce27b.webp,,264954c6-3360-4fb9-af0c-c4318fede0ee,Brown,1000g,قهوة,unisex,adult,ar,Turkey,تحميص تركي,تحميص متوسط,حبوب مطحونة
65f78634-0f79-41e9-9bf3-e4a8939228ac_ar,قهـــوة تركيـــة داكنـــة - 500g حبوب مطحونة,تعتبر القهوة التركية فريدة من نوعها لدرجة أنها أدرجت في قائمة التراث الثقافي غير المادي لمنظمة اليونسكو في عام ،2013 وذلك بسبب الممارسات الفريدة التي تدخل في إعدادها وتقديمها، مع بهارات خاصة,in stock,new,89.95 AED,https://thegreenroasteries.com/product/special-turkish-dark?lang=ar,https://res.cloudinary.com/dgcexgq5g/image/upload/v1751636642/greenroasteries/variations/variations/TRKH-SP-DK_var_65f78634-0f79-41e9-9bf3-e4a8939228ac.webp,المحامص الخضراء,"Food, Beverages & Tobacco > Beverages > Coffee",تحميص تركي,https://res.cloudinary.com/dgcexgq5g/image/upload/v1751636724/greenroasteries/gallery/gallery/TRKH-SP-DK_img_4ef09e54-5798-48ec-9048-1de8219ce27b.webp,,264954c6-3360-4fb9-af0c-c4318fede0ee,Brown,500g,قهوة,unisex,adult,ar,Turkey,تحميص تركي,تحميص متوسط,حبوب مطحونة
9450ebd6-2d54-40c7-85e9-05d2a6e03b75_ar,قهـــوة تركيـــة داكنـــة - 250g حبوب مطحونة,تعتبر القهوة التركية فريدة من نوعها لدرجة أنها أدرجت في قائمة التراث الثقافي غير المادي لمنظمة اليونسكو في عام ،2013 وذلك بسبب الممارسات الفريدة التي تدخل في إعدادها وتقديمها، مع بهارات خاصة,in stock,new,49.95 AED,https://thegreenroasteries.com/product/special-turkish-dark?lang=ar,https://res.cloudinary.com/dgcexgq5g/image/upload/v1751636681/greenroasteries/variations/variations/TRKH-SP-DK_var_9450ebd6-2d54-40c7-85e9-05d2a6e03b75.webp,المحامص الخضراء,"Food, Beverages & Tobacco > Beverages > Coffee",تحميص تركي,https://res.cloudinary.com/dgcexgq5g/image/upload/v1751636724/greenroasteries/gallery/gallery/TRKH-SP-DK_img_4ef09e54-5798-48ec-9048-1de8219ce27b.webp,,264954c6-3360-4fb9-af0c-c4318fede0ee,Brown,250g,قهوة,unisex,adult,ar,Turkey,تحميص تركي,تحميص متوسط,حبوب مطحونة
658007d4-9955-413d-bde6-638eaf4ee944_ar,قهـــوة تركيـــة داكنـــة - 250g حبوب كاملة,تعتبر القهوة التركية فريدة من نوعها لدرجة أنها أدرجت في قائمة التراث الثقافي غير المادي لمنظمة اليونسكو في عام ،2013 وذلك بسبب الممارسات الفريدة التي تدخل في إعدادها وتقديمها، مع بهارات خاصة,in stock,new,49.95 AED,https://thegreenroasteries.com/product/special-turkish-dark?lang=ar,https://res.cloudinary.com/dgcexgq5g/image/upload/v1751636684/greenroasteries/variations/variations/TRKH-SP-DK_var_658007d4-9955-413d-bde6-638eaf4ee944.webp,المحامص الخضراء,"Food, Beverages & Tobacco > Beverages > Coffee",تحميص تركي,https://res.cloudinary.com/dgcexgq5g/image/upload/v1751636724/greenroasteries/gallery/gallery/TRKH-SP-DK_img_4ef09e54-5798-48ec-9048-1de8219ce27b.webp,,264954c6-3360-4fb9-af0c-c4318fede0ee,Brown,250g,قهوة,unisex,adult,ar,Turkey,تحميص تركي,تحميص متوسط,حبوب كاملة
756417df-59f5-421a-b0c8-72c0ad207aa1_ar,قهـــوة تركيـــة داكنـــة - 500g حبوب كاملة,تعتبر القهوة التركية فريدة من نوعها لدرجة أنها أدرجت في قائمة التراث الثقافي غير المادي لمنظمة اليونسكو في عام ،2013 وذلك بسبب الممارسات الفريدة التي تدخل في إعدادها وتقديمها، مع بهارات خاصة,in stock,new,89.95 AED,https://thegreenroasteries.com/product/special-turkish-dark?lang=ar,https://res.cloudinary.com/dgcexgq5g/image/upload/v1751636644/greenroasteries/variations/variations/TRKH-SP-DK_var_756417df-59f5-421a-b0c8-72c0ad207aa1.webp,المحامص الخضراء,"Food, Beverages & Tobacco > Beverages > Coffee",تحميص تركي,https://res.cloudinary.com/dgcexgq5g/image/upload/v1751636724/greenroasteries/gallery/gallery/TRKH-SP-DK_img_4ef09e54-5798-48ec-9048-1de8219ce27b.webp,,264954c6-3360-4fb9-af0c-c4318fede0ee,Brown,500g,قهوة,unisex,adult,ar,Turkey,تحميص تركي,تحميص متوسط,حبوب كاملة
5b46e8f1-7081-4905-9085-ba3638ae80ac_ar,قهـــوة تركيـــة داكنـــة - 1000g حبوب كاملة,تعتبر القهوة التركية فريدة من نوعها لدرجة أنها أدرجت في قائمة التراث الثقافي غير المادي لمنظمة اليونسكو في عام ،2013 وذلك بسبب الممارسات الفريدة التي تدخل في إعدادها وتقديمها، مع بهارات خاصة,in stock,new,165.00 AED,https://thegreenroasteries.com/product/special-turkish-dark?lang=ar,https://res.cloudinary.com/dgcexgq5g/image/upload/v1751636646/greenroasteries/variations/variations/TRKH-SP-DK_var_5b46e8f1-7081-4905-9085-ba3638ae80ac.webp,المحامص الخضراء,"Food, Beverages & Tobacco > Beverages > Coffee",تحميص تركي,https://res.cloudinary.com/dgcexgq5g/image/upload/v1751636724/greenroasteries/gallery/gallery/TRKH-SP-DK_img_4ef09e54-5798-48ec-9048-1de8219ce27b.webp,,264954c6-3360-4fb9-af0c-c4318fede0ee,Brown,1000g,قهوة,unisex,adult,ar,Turkey,تحميص تركي,تحميص متوسط,حبوب كاملة
4186bef5-1f00-4c45-8c03-7ba32a9b5fac_en,Special Turkish Light - 500g whole beans,"Turkish coffee is so unique that it was inscribed to Unesco's Intangible Culture Heritage List in 2013, due to the unique practices that goes into the preparation and presentation. with spices",in stock,new,89.95 AED,https://thegreenroasteries.com/product/special-turkish-light,https://res.cloudinary.com/dgcexgq5g/image/upload/v1751636275/greenroasteries/products/products/TRKH-SP-LT.webp,Green Roasteries,"Food, Beverages & Tobacco > Beverages > Coffee",TURKISH ROAST,https://thegreenroasteries.com/uploads/products/gallery/25949a26-6019-446f-ab03-6429cfe62579.webp,,d589c541-c678-41a5-a4ee-fcc813b8e8fd,Brown,500g,Coffee,unisex,adult,en,Turkey,TURKISH ROAST,Medium Roast,whole beans
995de685-796b-493f-8da4-0b76dd2b8692_en,Special Turkish Light - 250g whole beans,"Turkish coffee is so unique that it was inscribed to Unesco's Intangible Culture Heritage List in 2013, due to the unique practices that goes into the preparation and presentation. with spices",in stock,new,49.95 AED,https://thegreenroasteries.com/product/special-turkish-light,https://res.cloudinary.com/dgcexgq5g/image/upload/v1751636275/greenroasteries/products/products/TRKH-SP-LT.webp,Green Roasteries,"Food, Beverages & Tobacco > Beverages > Coffee",TURKISH ROAST,https://thegreenroasteries.com/uploads/products/gallery/25949a26-6019-446f-ab03-6429cfe62579.webp,,d589c541-c678-41a5-a4ee-fcc813b8e8fd,Brown,250g,Coffee,unisex,adult,en,Turkey,TURKISH ROAST,Medium Roast,whole beans
ef959f92-407c-4ddf-a872-91fcc98e513c_en,Special Turkish Light - 250g Ground grains,"Turkish coffee is so unique that it was inscribed to Unesco's Intangible Culture Heritage List in 2013, due to the unique practices that goes into the preparation and presentation. with spices",in stock,new,49.95 AED,https://thegreenroasteries.com/product/special-turkish-light,https://res.cloudinary.com/dgcexgq5g/image/upload/v1751636275/greenroasteries/products/products/TRKH-SP-LT.webp,Green Roasteries,"Food, Beverages & Tobacco > Beverages > Coffee",TURKISH ROAST,https://thegreenroasteries.com/uploads/products/gallery/25949a26-6019-446f-ab03-6429cfe62579.webp,,d589c541-c678-41a5-a4ee-fcc813b8e8fd,Brown,250g,Coffee,unisex,adult,en,Turkey,TURKISH ROAST,Medium Roast,Ground grains
061add81-05b5-42cd-b93b-f1c647665a0e_en,Special Turkish Light - 1000g Ground grains,"Turkish coffee is so unique that it was inscribed to Unesco's Intangible Culture Heritage List in 2013, due to the unique practices that goes into the preparation and presentation. with spices",in stock,new,165.00 AED,https://thegreenroasteries.com/product/special-turkish-light,https://res.cloudinary.com/dgcexgq5g/image/upload/v1751636275/greenroasteries/products/products/TRKH-SP-LT.webp,Green Roasteries,"Food, Beverages & Tobacco > Beverages > Coffee",TURKISH ROAST,https://thegreenroasteries.com/uploads/products/gallery/25949a26-6019-446f-ab03-6429cfe62579.webp,,d589c541-c678-41a5-a4ee-fcc813b8e8fd,Brown,1000g,Coffee,unisex,adult,en,Turkey,TURKISH ROAST,Medium Roast,Ground grains
7f725939-ffab-4162-9e2d-4ef82a887951_en,Special Turkish Light - 1000g whole beans,"Turkish coffee is so unique that it was inscribed to Unesco's Intangible Culture Heritage List in 2013, due to the unique practices that goes into the preparation and presentation. with spices",in stock,new,165.00 AED,https://thegreenroasteries.com/product/special-turkish-light,https://res.cloudinary.com/dgcexgq5g/image/upload/v1751636275/greenroasteries/products/products/TRKH-SP-LT.webp,Green Roasteries,"Food, Beverages & Tobacco > Beverages > Coffee",TURKISH ROAST,https://thegreenroasteries.com/uploads/products/gallery/25949a26-6019-446f-ab03-6429cfe62579.webp,,d589c541-c678-41a5-a4ee-fcc813b8e8fd,Brown,1000g,Coffee,unisex,adult,en,Turkey,TURKISH ROAST,Medium Roast,whole beans
ad4ece70-88c1-44c3-a3a0-9b3c3b008141_en,Special Turkish Light - 500g Ground grains,"Turkish coffee is so unique that it was inscribed to Unesco's Intangible Culture Heritage List in 2013, due to the unique practices that goes into the preparation and presentation. with spices",in stock,new,89.95 AED,https://thegreenroasteries.com/product/special-turkish-light,https://res.cloudinary.com/dgcexgq5g/image/upload/v1751636275/greenroasteries/products/products/TRKH-SP-LT.webp,Green Roasteries,"Food, Beverages & Tobacco > Beverages > Coffee",TURKISH ROAST,https://thegreenroasteries.com/uploads/products/gallery/25949a26-6019-446f-ab03-6429cfe62579.webp,,d589c541-c678-41a5-a4ee-fcc813b8e8fd,Brown,500g,Coffee,unisex,adult,en,Turkey,TURKISH ROAST,Medium Roast,Ground grains
4186bef5-1f00-4c45-8c03-7ba32a9b5fac_ar,قهـــوة تركيـــة متـــوازنة - 500g حبوب كاملة,تعتبر القهوة التركية فريدة من نوعها لدرجة أنها أدرجت في قائمة التراث الثقافي غير المادي لمنظمة اليونسكو في عام ،2013 وذلك بسبب الممارسات الفريدة التي تدخل في إعدادها وتقديمها، مع بهارات خاصة,in stock,new,89.95 AED,https://thegreenroasteries.com/product/special-turkish-light?lang=ar,https://res.cloudinary.com/dgcexgq5g/image/upload/v1751636275/greenroasteries/products/products/TRKH-SP-LT.webp,المحامص الخضراء,"Food, Beverages & Tobacco > Beverages > Coffee",تحميص تركي,https://thegreenroasteries.com/uploads/products/gallery/25949a26-6019-446f-ab03-6429cfe62579.webp,,d589c541-c678-41a5-a4ee-fcc813b8e8fd,Brown,500g,قهوة,unisex,adult,ar,Turkey,تحميص تركي,تحميص متوسط,حبوب كاملة
995de685-796b-493f-8da4-0b76dd2b8692_ar,قهـــوة تركيـــة متـــوازنة - 250g حبوب كاملة,تعتبر القهوة التركية فريدة من نوعها لدرجة أنها أدرجت في قائمة التراث الثقافي غير المادي لمنظمة اليونسكو في عام ،2013 وذلك بسبب الممارسات الفريدة التي تدخل في إعدادها وتقديمها، مع بهارات خاصة,in stock,new,49.95 AED,https://thegreenroasteries.com/product/special-turkish-light?lang=ar,https://res.cloudinary.com/dgcexgq5g/image/upload/v1751636275/greenroasteries/products/products/TRKH-SP-LT.webp,المحامص الخضراء,"Food, Beverages & Tobacco > Beverages > Coffee",تحميص تركي,https://thegreenroasteries.com/uploads/products/gallery/25949a26-6019-446f-ab03-6429cfe62579.webp,,d589c541-c678-41a5-a4ee-fcc813b8e8fd,Brown,250g,قهوة,unisex,adult,ar,Turkey,تحميص تركي,تحميص متوسط,حبوب كاملة
ef959f92-407c-4ddf-a872-91fcc98e513c_ar,قهـــوة تركيـــة متـــوازنة - 250g حبوب مطحونة,تعتبر القهوة التركية فريدة من نوعها لدرجة أنها أدرجت في قائمة التراث الثقافي غير المادي لمنظمة اليونسكو في عام ،2013 وذلك بسبب الممارسات الفريدة التي تدخل في إعدادها وتقديمها، مع بهارات خاصة,in stock,new,49.95 AED,https://thegreenroasteries.com/product/special-turkish-light?lang=ar,https://res.cloudinary.com/dgcexgq5g/image/upload/v1751636275/greenroasteries/products/products/TRKH-SP-LT.webp,المحامص الخضراء,"Food, Beverages & Tobacco > Beverages > Coffee",تحميص تركي,https://thegreenroasteries.com/uploads/products/gallery/25949a26-6019-446f-ab03-6429cfe62579.webp,,d589c541-c678-41a5-a4ee-fcc813b8e8fd,Brown,250g,قهوة,unisex,adult,ar,Turkey,تحميص تركي,تحميص متوسط,حبوب مطحونة
061add81-05b5-42cd-b93b-f1c647665a0e_ar,قهـــوة تركيـــة متـــوازنة - 1000g حبوب مطحونة,تعتبر القهوة التركية فريدة من نوعها لدرجة أنها أدرجت في قائمة التراث الثقافي غير المادي لمنظمة اليونسكو في عام ،2013 وذلك بسبب الممارسات الفريدة التي تدخل في إعدادها وتقديمها، مع بهارات خاصة,in stock,new,165.00 AED,https://thegreenroasteries.com/product/special-turkish-light?lang=ar,https://res.cloudinary.com/dgcexgq5g/image/upload/v1751636275/greenroasteries/products/products/TRKH-SP-LT.webp,المحامص الخضراء,"Food, Beverages & Tobacco > Beverages > Coffee",تحميص تركي,https://thegreenroasteries.com/uploads/products/gallery/25949a26-6019-446f-ab03-6429cfe62579.webp,,d589c541-c678-41a5-a4ee-fcc813b8e8fd,Brown,1000g,قهوة,unisex,adult,ar,Turkey,تحميص تركي,تحميص متوسط,حبوب مطحونة
7f725939-ffab-4162-9e2d-4ef82a887951_ar,قهـــوة تركيـــة متـــوازنة - 1000g حبوب كاملة,تعتبر القهوة التركية فريدة من نوعها لدرجة أنها أدرجت في قائمة التراث الثقافي غير المادي لمنظمة اليونسكو في عام ،2013 وذلك بسبب الممارسات الفريدة التي تدخل في إعدادها وتقديمها، مع بهارات خاصة,in stock,new,165.00 AED,https://thegreenroasteries.com/product/special-turkish-light?lang=ar,https://res.cloudinary.com/dgcexgq5g/image/upload/v1751636275/greenroasteries/products/products/TRKH-SP-LT.webp,المحامص الخضراء,"Food, Beverages & Tobacco > Beverages > Coffee",تحميص تركي,https://thegreenroasteries.com/uploads/products/gallery/25949a26-6019-446f-ab03-6429cfe62579.webp,,d589c541-c678-41a5-a4ee-fcc813b8e8fd,Brown,1000g,قهوة,unisex,adult,ar,Turkey,تحميص تركي,تحميص متوسط,حبوب كاملة
ad4ece70-88c1-44c3-a3a0-9b3c3b008141_ar,قهـــوة تركيـــة متـــوازنة - 500g حبوب مطحونة,تعتبر القهوة التركية فريدة من نوعها لدرجة أنها أدرجت في قائمة التراث الثقافي غير المادي لمنظمة اليونسكو في عام ،2013 وذلك بسبب الممارسات الفريدة التي تدخل في إعدادها وتقديمها، مع بهارات خاصة,in stock,new,89.95 AED,https://thegreenroasteries.com/product/special-turkish-light?lang=ar,https://res.cloudinary.com/dgcexgq5g/image/upload/v1751636275/greenroasteries/products/products/TRKH-SP-LT.webp,المحامص الخضراء,"Food, Beverages & Tobacco > Beverages > Coffee",تحميص تركي,https://thegreenroasteries.com/uploads/products/gallery/25949a26-6019-446f-ab03-6429cfe62579.webp,,d589c541-c678-41a5-a4ee-fcc813b8e8fd,Brown,500g,قهوة,unisex,adult,ar,Turkey,تحميص تركي,تحميص متوسط,حبوب مطحونة
2545597c-b43f-4820-8de9-f3e28c191f23_en,Sri Lanka - 1000g cardamom whole beans,"We are proud of the flavor of Emirati Arabic coffee, prepared according to its origins, from selecting green coffee beans and roasting them with love until adding cardamom and saffron. Enjoy a unique experience to learn about our traditions and culture.",in stock,new,154.00 AED,https://thegreenroasteries.com/product/sri-lanka,https://res.cloudinary.com/dgcexgq5g/image/upload/v1751636404/greenroasteries/variations/variations/ARABICA-sri%20lanka_var_2545597c-b43f-4820-8de9-f3e28c191f23.webp,Green Roasteries,"Food, Beverages & Tobacco > Beverages > Coffee",ARABIC COFFEE,https://res.cloudinary.com/dgcexgq5g/image/upload/v1751636718/greenroasteries/gallery/gallery/ARABICA-sri%20lanka_img_5cb2613c-4bbb-4249-9a24-5ad091ed97e7.webp,,488b6393-a99c-4099-8a4b-5cfdcf115957,Brown,1000g,Coffee,unisex,adult,en,Sri Lanka,ARABIC COFFEE,cardamom,whole beans
cf323a20-4b44-4317-9947-495c02a5960e_en,Sri Lanka - 1000g saffron Ground grains,"We are proud of the flavor of Emirati Arabic coffee, prepared according to its origins, from selecting green coffee beans and roasting them with love until adding cardamom and saffron. Enjoy a unique experience to learn about our traditions and culture.",in stock,new,165.00 AED,https://thegreenroasteries.com/product/sri-lanka,https://res.cloudinary.com/dgcexgq5g/image/upload/v1751636485/greenroasteries/variations/variations/ARABICA-sri%20lanka_var_cf323a20-4b44-4317-9947-495c02a5960e.webp,Green Roasteries,"Food, Beverages & Tobacco > Beverages > Coffee",ARABIC COFFEE,https://res.cloudinary.com/dgcexgq5g/image/upload/v1751636718/greenroasteries/gallery/gallery/ARABICA-sri%20lanka_img_5cb2613c-4bbb-4249-9a24-5ad091ed97e7.webp,,488b6393-a99c-4099-8a4b-5cfdcf115957,Brown,1000g,Coffee,unisex,adult,en,Sri Lanka,ARABIC COFFEE,saffron,Ground grains
efaa4bc7-60bd-4099-ae3f-9b28dc8f8302_en,Sri Lanka - 1000g  cardamom & saffron Ground grains,"We are proud of the flavor of Emirati Arabic coffee, prepared according to its origins, from selecting green coffee beans and roasting them with love until adding cardamom and saffron. Enjoy a unique experience to learn about our traditions and culture.",in stock,new,175.00 AED,https://thegreenroasteries.com/product/sri-lanka,https://res.cloudinary.com/dgcexgq5g/image/upload/v1751636488/greenroasteries/variations/variations/ARABICA-sri%20lanka_var_efaa4bc7-60bd-4099-ae3f-9b28dc8f8302.webp,Green Roasteries,"Food, Beverages & Tobacco > Beverages > Coffee",ARABIC COFFEE,https://res.cloudinary.com/dgcexgq5g/image/upload/v1751636718/greenroasteries/gallery/gallery/ARABICA-sri%20lanka_img_5cb2613c-4bbb-4249-9a24-5ad091ed97e7.webp,,488b6393-a99c-4099-8a4b-5cfdcf115957,Brown,1000g,Coffee,unisex,adult,en,Sri Lanka,ARABIC COFFEE, cardamom & saffron,Ground grains
322d2d04-e8bd-4293-be09-9c4292449ea3_en,Sri Lanka - 250g  cardamom & saffron Ground grains,"We are proud of the flavor of Emirati Arabic coffee, prepared according to its origins, from selecting green coffee beans and roasting them with love until adding cardamom and saffron. Enjoy a unique experience to learn about our traditions and culture.",in stock,new,57.95 AED,https://thegreenroasteries.com/product/sri-lanka,https://res.cloudinary.com/dgcexgq5g/image/upload/v1751636501/greenroasteries/variations/variations/ARABICA-sri%20lanka_var_322d2d04-e8bd-4293-be09-9c4292449ea3.webp,Green Roasteries,"Food, Beverages & Tobacco > Beverages > Coffee",ARABIC COFFEE,https://res.cloudinary.com/dgcexgq5g/image/upload/v1751636718/greenroasteries/gallery/gallery/ARABICA-sri%20lanka_img_5cb2613c-4bbb-4249-9a24-5ad091ed97e7.webp,,488b6393-a99c-4099-8a4b-5cfdcf115957,Brown,250g,Coffee,unisex,adult,en,Sri Lanka,ARABIC COFFEE, cardamom & saffron,Ground grains
a135bbfb-9665-4502-9782-e34edf17219b_en,Sri Lanka - 1000g saffron whole beans,"We are proud of the flavor of Emirati Arabic coffee, prepared according to its origins, from selecting green coffee beans and roasting them with love until adding cardamom and saffron. Enjoy a unique experience to learn about our traditions and culture.",in stock,new,165.00 AED,https://thegreenroasteries.com/product/sri-lanka,https://res.cloudinary.com/dgcexgq5g/image/upload/v1751636512/greenroasteries/variations/variations/ARABICA-sri%20lanka_var_a135bbfb-9665-4502-9782-e34edf17219b.webp,Green Roasteries,"Food, Beverages & Tobacco > Beverages > Coffee",ARABIC COFFEE,https://res.cloudinary.com/dgcexgq5g/image/upload/v1751636718/greenroasteries/gallery/gallery/ARABICA-sri%20lanka_img_5cb2613c-4bbb-4249-9a24-5ad091ed97e7.webp,,488b6393-a99c-4099-8a4b-5cfdcf115957,Brown,1000g,Coffee,unisex,adult,en,Sri Lanka,ARABIC COFFEE,saffron,whole beans
da9e97c8-c548-4028-8ba9-45617adb62e3_en,Sri Lanka - 250g saffron whole beans,"We are proud of the flavor of Emirati Arabic coffee, prepared according to its origins, from selecting green coffee beans and roasting them with love until adding cardamom and saffron. Enjoy a unique experience to learn about our traditions and culture.",in stock,new,54.95 AED,https://thegreenroasteries.com/product/sri-lanka,https://res.cloudinary.com/dgcexgq5g/image/upload/v1751636513/greenroasteries/variations/variations/ARABICA-sri%20lanka_var_da9e97c8-c548-4028-8ba9-45617adb62e3.webp,Green Roasteries,"Food, Beverages & Tobacco > Beverages > Coffee",ARABIC COFFEE,https://res.cloudinary.com/dgcexgq5g/image/upload/v1751636718/greenroasteries/gallery/gallery/ARABICA-sri%20lanka_img_5cb2613c-4bbb-4249-9a24-5ad091ed97e7.webp,,488b6393-a99c-4099-8a4b-5cfdcf115957,Brown,250g,Coffee,unisex,adult,en,Sri Lanka,ARABIC COFFEE,saffron,whole beans
82912fa7-34f0-446d-a76a-468cc74d7da3_en,Sri Lanka - 500g saffron Ground grains,"We are proud of the flavor of Emirati Arabic coffee, prepared according to its origins, from selecting green coffee beans and roasting them with love until adding cardamom and saffron. Enjoy a unique experience to learn about our traditions and culture.",in stock,new,95.00 AED,https://thegreenroasteries.com/product/sri-lanka,https://res.cloudinary.com/dgcexgq5g/image/upload/v1751636314/greenroasteries/products/products/ARABICA-sri%20lanka.webp,Green Roasteries,"Food, Beverages & Tobacco > Beverages > Coffee",ARABIC COFFEE,https://res.cloudinary.com/dgcexgq5g/image/upload/v1751636718/greenroasteries/gallery/gallery/ARABICA-sri%20lanka_img_5cb2613c-4bbb-4249-9a24-5ad091ed97e7.webp,,488b6393-a99c-4099-8a4b-5cfdcf115957,Brown,500g,Coffee,unisex,adult,en,Sri Lanka,ARABIC COFFEE,saffron,Ground grains
e0322268-4e88-4580-b548-915c718f9ad6_en,Sri Lanka - 1000g  cardamom & saffron whole beans,"We are proud of the flavor of Emirati Arabic coffee, prepared according to its origins, from selecting green coffee beans and roasting them with love until adding cardamom and saffron. Enjoy a unique experience to learn about our traditions and culture.",in stock,new,175.00 AED,https://thegreenroasteries.com/product/sri-lanka,https://res.cloudinary.com/dgcexgq5g/image/upload/v1751636518/greenroasteries/variations/variations/ARABICA-sri%20lanka_var_e0322268-4e88-4580-b548-915c718f9ad6.webp,Green Roasteries,"Food, Beverages & Tobacco > Beverages > Coffee",ARABIC COFFEE,https://res.cloudinary.com/dgcexgq5g/image/upload/v1751636718/greenroasteries/gallery/gallery/ARABICA-sri%20lanka_img_5cb2613c-4bbb-4249-9a24-5ad091ed97e7.webp,,488b6393-a99c-4099-8a4b-5cfdcf115957,Brown,1000g,Coffee,unisex,adult,en,Sri Lanka,ARABIC COFFEE, cardamom & saffron,whole beans
72651ecc-7439-42d2-adf0-49c48631797a_en,Sri Lanka - 500g cardamom Ground grains,"We are proud of the flavor of Emirati Arabic coffee, prepared according to its origins, from selecting green coffee beans and roasting them with love until adding cardamom and saffron. Enjoy a unique experience to learn about our traditions and culture.",in stock,new,86.00 AED,https://thegreenroasteries.com/product/sri-lanka,https://res.cloudinary.com/dgcexgq5g/image/upload/v1751636314/greenroasteries/products/products/ARABICA-sri%20lanka.webp,Green Roasteries,"Food, Beverages & Tobacco > Beverages > Coffee",ARABIC COFFEE,https://res.cloudinary.com/dgcexgq5g/image/upload/v1751636718/greenroasteries/gallery/gallery/ARABICA-sri%20lanka_img_5cb2613c-4bbb-4249-9a24-5ad091ed97e7.webp,,488b6393-a99c-4099-8a4b-5cfdcf115957,Brown,500g,Coffee,unisex,adult,en,Sri Lanka,ARABIC COFFEE,cardamom,Ground grains
e8839da8-f8eb-4b76-90ef-3103918610f6_en,Sri Lanka - 500g  cardamom & saffron whole beans,"We are proud of the flavor of Emirati Arabic coffee, prepared according to its origins, from selecting green coffee beans and roasting them with love until adding cardamom and saffron. Enjoy a unique experience to learn about our traditions and culture.",in stock,new,99.00 AED,https://thegreenroasteries.com/product/sri-lanka,https://res.cloudinary.com/dgcexgq5g/image/upload/v1751636668/greenroasteries/variations/variations/ARABICA-sri%20lanka_var_e8839da8-f8eb-4b76-90ef-3103918610f6.webp,Green Roasteries,"Food, Beverages & Tobacco > Beverages > Coffee",ARABIC COFFEE,https://res.cloudinary.com/dgcexgq5g/image/upload/v1751636718/greenroasteries/gallery/gallery/ARABICA-sri%20lanka_img_5cb2613c-4bbb-4249-9a24-5ad091ed97e7.webp,,488b6393-a99c-4099-8a4b-5cfdcf115957,Brown,500g,Coffee,unisex,adult,en,Sri Lanka,ARABIC COFFEE, cardamom & saffron,whole beans
62020b4e-5bc1-4814-b3ab-e8b2c84ba1cd_en,Sri Lanka - 250g saffron Ground grains,"We are proud of the flavor of Emirati Arabic coffee, prepared according to its origins, from selecting green coffee beans and roasting them with love until adding cardamom and saffron. Enjoy a unique experience to learn about our traditions and culture.",in stock,new,54.95 AED,https://thegreenroasteries.com/product/sri-lanka,https://res.cloudinary.com/dgcexgq5g/image/upload/v1751636683/greenroasteries/variations/variations/ARABICA-sri%20lanka_var_62020b4e-5bc1-4814-b3ab-e8b2c84ba1cd.webp,Green Roasteries,"Food, Beverages & Tobacco > Beverages > Coffee",ARABIC COFFEE,https://res.cloudinary.com/dgcexgq5g/image/upload/v1751636718/greenroasteries/gallery/gallery/ARABICA-sri%20lanka_img_5cb2613c-4bbb-4249-9a24-5ad091ed97e7.webp,,488b6393-a99c-4099-8a4b-5cfdcf115957,Brown,250g,Coffee,unisex,adult,en,Sri Lanka,ARABIC COFFEE,saffron,Ground grains
0f9e03eb-cd9a-497f-936a-e5e3c4d55fe8_en,Sri Lanka - 1000g cardamom Ground grains,"We are proud of the flavor of Emirati Arabic coffee, prepared according to its origins, from selecting green coffee beans and roasting them with love until adding cardamom and saffron. Enjoy a unique experience to learn about our traditions and culture.",in stock,new,154.00 AED,https://thegreenroasteries.com/product/sri-lanka,https://res.cloudinary.com/dgcexgq5g/image/upload/v1751636407/greenroasteries/variations/variations/ARABICA-sri%20lanka_var_0f9e03eb-cd9a-497f-936a-e5e3c4d55fe8.webp,Green Roasteries,"Food, Beverages & Tobacco > Beverages > Coffee",ARABIC COFFEE,https://res.cloudinary.com/dgcexgq5g/image/upload/v1751636718/greenroasteries/gallery/gallery/ARABICA-sri%20lanka_img_5cb2613c-4bbb-4249-9a24-5ad091ed97e7.webp,,488b6393-a99c-4099-8a4b-5cfdcf115957,Brown,1000g,Coffee,unisex,adult,en,Sri Lanka,ARABIC COFFEE,cardamom,Ground grains
e82c19d1-4f0a-4661-b344-6eae140f7372_en,Sri Lanka - 500g  cardamom & saffron Ground grains,"We are proud of the flavor of Emirati Arabic coffee, prepared according to its origins, from selecting green coffee beans and roasting them with love until adding cardamom and saffron. Enjoy a unique experience to learn about our traditions and culture.",in stock,new,99.00 AED,https://thegreenroasteries.com/product/sri-lanka,https://res.cloudinary.com/dgcexgq5g/image/upload/v1751636490/greenroasteries/variations/variations/ARABICA-sri%20lanka_var_e82c19d1-4f0a-4661-b344-6eae140f7372.webp,Green Roasteries,"Food, Beverages & Tobacco > Beverages > Coffee",ARABIC COFFEE,https://res.cloudinary.com/dgcexgq5g/image/upload/v1751636718/greenroasteries/gallery/gallery/ARABICA-sri%20lanka_img_5cb2613c-4bbb-4249-9a24-5ad091ed97e7.webp,,488b6393-a99c-4099-8a4b-5cfdcf115957,Brown,500g,Coffee,unisex,adult,en,Sri Lanka,ARABIC COFFEE, cardamom & saffron,Ground grains
8488baf7-69b5-40b0-906c-c8d174d21600_en,Sri Lanka - 250g  cardamom & saffron whole beans,"We are proud of the flavor of Emirati Arabic coffee, prepared according to its origins, from selecting green coffee beans and roasting them with love until adding cardamom and saffron. Enjoy a unique experience to learn about our traditions and culture.",in stock,new,57.95 AED,https://thegreenroasteries.com/product/sri-lanka,https://res.cloudinary.com/dgcexgq5g/image/upload/v1751636509/greenroasteries/variations/variations/ARABICA-sri%20lanka_var_8488baf7-69b5-40b0-906c-c8d174d21600.webp,Green Roasteries,"Food, Beverages & Tobacco > Beverages > Coffee",ARABIC COFFEE,https://res.cloudinary.com/dgcexgq5g/image/upload/v1751636718/greenroasteries/gallery/gallery/ARABICA-sri%20lanka_img_5cb2613c-4bbb-4249-9a24-5ad091ed97e7.webp,,488b6393-a99c-4099-8a4b-5cfdcf115957,Brown,250g,Coffee,unisex,adult,en,Sri Lanka,ARABIC COFFEE, cardamom & saffron,whole beans
25185b4b-591d-4fc0-b5a6-b2cd609fcb49_en,Sri Lanka - 250g cardamom whole beans,"We are proud of the flavor of Emirati Arabic coffee, prepared according to its origins, from selecting green coffee beans and roasting them with love until adding cardamom and saffron. Enjoy a unique experience to learn about our traditions and culture.",in stock,new,47.95 AED,https://thegreenroasteries.com/product/sri-lanka,https://res.cloudinary.com/dgcexgq5g/image/upload/v1751636543/greenroasteries/variations/variations/ARABICA-sri%20lanka_var_25185b4b-591d-4fc0-b5a6-b2cd609fcb49.webp,Green Roasteries,"Food, Beverages & Tobacco > Beverages > Coffee",ARABIC COFFEE,https://res.cloudinary.com/dgcexgq5g/image/upload/v1751636718/greenroasteries/gallery/gallery/ARABICA-sri%20lanka_img_5cb2613c-4bbb-4249-9a24-5ad091ed97e7.webp,,488b6393-a99c-4099-8a4b-5cfdcf115957,Brown,250g,Coffee,unisex,adult,en,Sri Lanka,ARABIC COFFEE,cardamom,whole beans
35ed0b97-70f6-4d15-89c4-84c521d3cce0_en,Sri Lanka - 250g cardamom Ground grains,"We are proud of the flavor of Emirati Arabic coffee, prepared according to its origins, from selecting green coffee beans and roasting them with love until adding cardamom and saffron. Enjoy a unique experience to learn about our traditions and culture.",in stock,new,47.95 AED,https://thegreenroasteries.com/product/sri-lanka,https://res.cloudinary.com/dgcexgq5g/image/upload/v1751636548/greenroasteries/variations/variations/ARABICA-sri%20lanka_var_35ed0b97-70f6-4d15-89c4-84c521d3cce0.webp,Green Roasteries,"Food, Beverages & Tobacco > Beverages > Coffee",ARABIC COFFEE,https://res.cloudinary.com/dgcexgq5g/image/upload/v1751636718/greenroasteries/gallery/gallery/ARABICA-sri%20lanka_img_5cb2613c-4bbb-4249-9a24-5ad091ed97e7.webp,,488b6393-a99c-4099-8a4b-5cfdcf115957,Brown,250g,Coffee,unisex,adult,en,Sri Lanka,ARABIC COFFEE,cardamom,Ground grains
7132aff3-77b0-4aa6-935d-8602fbaae116_en,Sri Lanka - 500g saffron whole beans,"We are proud of the flavor of Emirati Arabic coffee, prepared according to its origins, from selecting green coffee beans and roasting them with love until adding cardamom and saffron. Enjoy a unique experience to learn about our traditions and culture.",in stock,new,95.00 AED,https://thegreenroasteries.com/product/sri-lanka,https://res.cloudinary.com/dgcexgq5g/image/upload/v1751636314/greenroasteries/products/products/ARABICA-sri%20lanka.webp,Green Roasteries,"Food, Beverages & Tobacco > Beverages > Coffee",ARABIC COFFEE,https://res.cloudinary.com/dgcexgq5g/image/upload/v1751636718/greenroasteries/gallery/gallery/ARABICA-sri%20lanka_img_5cb2613c-4bbb-4249-9a24-5ad091ed97e7.webp,,488b6393-a99c-4099-8a4b-5cfdcf115957,Brown,500g,Coffee,unisex,adult,en,Sri Lanka,ARABIC COFFEE,saffron,whole beans
a0b08274-6625-4a15-853d-070c557f7bb0_en,Sri Lanka - 500g cardamom whole beans,"We are proud of the flavor of Emirati Arabic coffee, prepared according to its origins, from selecting green coffee beans and roasting them with love until adding cardamom and saffron. Enjoy a unique experience to learn about our traditions and culture.",in stock,new,86.00 AED,https://thegreenroasteries.com/product/sri-lanka,https://res.cloudinary.com/dgcexgq5g/image/upload/v1751636314/greenroasteries/products/products/ARABICA-sri%20lanka.webp,Green Roasteries,"Food, Beverages & Tobacco > Beverages > Coffee",ARABIC COFFEE,https://res.cloudinary.com/dgcexgq5g/image/upload/v1751636718/greenroasteries/gallery/gallery/ARABICA-sri%20lanka_img_5cb2613c-4bbb-4249-9a24-5ad091ed97e7.webp,,488b6393-a99c-4099-8a4b-5cfdcf115957,Brown,500g,Coffee,unisex,adult,en,Sri Lanka,ARABIC COFFEE,cardamom,whole beans
2545597c-b43f-4820-8de9-f3e28c191f23_ar,سريلانكـــا - 1000g هيل حبوب كاملة,نفخر بنكهة القهوة العربية الاماراتية المحضرة حسب أصولها، بدءا من انتقاء حبوب البن الخضراء وتحميصها بكل حب حتى ً إضافة الهيل والزعفران، استمتع بتجربة فريدة للتعرف على تقاليدنا وثقافتنا.,in stock,new,154.00 AED,https://thegreenroasteries.com/product/sri-lanka?lang=ar,https://res.cloudinary.com/dgcexgq5g/image/upload/v1751636404/greenroasteries/variations/variations/ARABICA-sri%20lanka_var_2545597c-b43f-4820-8de9-f3e28c191f23.webp,المحامص الخضراء,"Food, Beverages & Tobacco > Beverages > Coffee",القهوة العربية,https://res.cloudinary.com/dgcexgq5g/image/upload/v1751636718/greenroasteries/gallery/gallery/ARABICA-sri%20lanka_img_5cb2613c-4bbb-4249-9a24-5ad091ed97e7.webp,,488b6393-a99c-4099-8a4b-5cfdcf115957,Brown,1000g,قهوة,unisex,adult,ar,Sri Lanka,القهوة العربية,هيل,حبوب كاملة
cf323a20-4b44-4317-9947-495c02a5960e_ar,سريلانكـــا - 1000g زعفران حبوب مطحونة,نفخر بنكهة القهوة العربية الاماراتية المحضرة حسب أصولها، بدءا من انتقاء حبوب البن الخضراء وتحميصها بكل حب حتى ً إضافة الهيل والزعفران، استمتع بتجربة فريدة للتعرف على تقاليدنا وثقافتنا.,in stock,new,165.00 AED,https://thegreenroasteries.com/product/sri-lanka?lang=ar,https://res.cloudinary.com/dgcexgq5g/image/upload/v1751636485/greenroasteries/variations/variations/ARABICA-sri%20lanka_var_cf323a20-4b44-4317-9947-495c02a5960e.webp,المحامص الخضراء,"Food, Beverages & Tobacco > Beverages > Coffee",القهوة العربية,https://res.cloudinary.com/dgcexgq5g/image/upload/v1751636718/greenroasteries/gallery/gallery/ARABICA-sri%20lanka_img_5cb2613c-4bbb-4249-9a24-5ad091ed97e7.webp,,488b6393-a99c-4099-8a4b-5cfdcf115957,Brown,1000g,قهوة,unisex,adult,ar,Sri Lanka,القهوة العربية,زعفران,حبوب مطحونة
efaa4bc7-60bd-4099-ae3f-9b28dc8f8302_ar,سريلانكـــا - 1000g هيل و زعفران حبوب مطحونة,نفخر بنكهة القهوة العربية الاماراتية المحضرة حسب أصولها، بدءا من انتقاء حبوب البن الخضراء وتحميصها بكل حب حتى ً إضافة الهيل والزعفران، استمتع بتجربة فريدة للتعرف على تقاليدنا وثقافتنا.,in stock,new,175.00 AED,https://thegreenroasteries.com/product/sri-lanka?lang=ar,https://res.cloudinary.com/dgcexgq5g/image/upload/v1751636488/greenroasteries/variations/variations/ARABICA-sri%20lanka_var_efaa4bc7-60bd-4099-ae3f-9b28dc8f8302.webp,المحامص الخضراء,"Food, Beverages & Tobacco > Beverages > Coffee",القهوة العربية,https://res.cloudinary.com/dgcexgq5g/image/upload/v1751636718/greenroasteries/gallery/gallery/ARABICA-sri%20lanka_img_5cb2613c-4bbb-4249-9a24-5ad091ed97e7.webp,,488b6393-a99c-4099-8a4b-5cfdcf115957,Brown,1000g,قهوة,unisex,adult,ar,Sri Lanka,القهوة العربية,هيل و زعفران,حبوب مطحونة
322d2d04-e8bd-4293-be09-9c4292449ea3_ar,سريلانكـــا - 250g هيل و زعفران حبوب مطحونة,نفخر بنكهة القهوة العربية الاماراتية المحضرة حسب أصولها، بدءا من انتقاء حبوب البن الخضراء وتحميصها بكل حب حتى ً إضافة الهيل والزعفران، استمتع بتجربة فريدة للتعرف على تقاليدنا وثقافتنا.,in stock,new,57.95 AED,https://thegreenroasteries.com/product/sri-lanka?lang=ar,https://res.cloudinary.com/dgcexgq5g/image/upload/v1751636501/greenroasteries/variations/variations/ARABICA-sri%20lanka_var_322d2d04-e8bd-4293-be09-9c4292449ea3.webp,المحامص الخضراء,"Food, Beverages & Tobacco > Beverages > Coffee",القهوة العربية,https://res.cloudinary.com/dgcexgq5g/image/upload/v1751636718/greenroasteries/gallery/gallery/ARABICA-sri%20lanka_img_5cb2613c-4bbb-4249-9a24-5ad091ed97e7.webp,,488b6393-a99c-4099-8a4b-5cfdcf115957,Brown,250g,قهوة,unisex,adult,ar,Sri Lanka,القهوة العربية,هيل و زعفران,حبوب مطحونة
a135bbfb-9665-4502-9782-e34edf17219b_ar,سريلانكـــا - 1000g زعفران حبوب كاملة,نفخر بنكهة القهوة العربية الاماراتية المحضرة حسب أصولها، بدءا من انتقاء حبوب البن الخضراء وتحميصها بكل حب حتى ً إضافة الهيل والزعفران، استمتع بتجربة فريدة للتعرف على تقاليدنا وثقافتنا.,in stock,new,165.00 AED,https://thegreenroasteries.com/product/sri-lanka?lang=ar,https://res.cloudinary.com/dgcexgq5g/image/upload/v1751636512/greenroasteries/variations/variations/ARABICA-sri%20lanka_var_a135bbfb-9665-4502-9782-e34edf17219b.webp,المحامص الخضراء,"Food, Beverages & Tobacco > Beverages > Coffee",القهوة العربية,https://res.cloudinary.com/dgcexgq5g/image/upload/v1751636718/greenroasteries/gallery/gallery/ARABICA-sri%20lanka_img_5cb2613c-4bbb-4249-9a24-5ad091ed97e7.webp,,488b6393-a99c-4099-8a4b-5cfdcf115957,Brown,1000g,قهوة,unisex,adult,ar,Sri Lanka,القهوة العربية,زعفران,حبوب كاملة
da9e97c8-c548-4028-8ba9-45617adb62e3_ar,سريلانكـــا - 250g زعفران حبوب كاملة,نفخر بنكهة القهوة العربية الاماراتية المحضرة حسب أصولها، بدءا من انتقاء حبوب البن الخضراء وتحميصها بكل حب حتى ً إضافة الهيل والزعفران، استمتع بتجربة فريدة للتعرف على تقاليدنا وثقافتنا.,in stock,new,54.95 AED,https://thegreenroasteries.com/product/sri-lanka?lang=ar,https://res.cloudinary.com/dgcexgq5g/image/upload/v1751636513/greenroasteries/variations/variations/ARABICA-sri%20lanka_var_da9e97c8-c548-4028-8ba9-45617adb62e3.webp,المحامص الخضراء,"Food, Beverages & Tobacco > Beverages > Coffee",القهوة العربية,https://res.cloudinary.com/dgcexgq5g/image/upload/v1751636718/greenroasteries/gallery/gallery/ARABICA-sri%20lanka_img_5cb2613c-4bbb-4249-9a24-5ad091ed97e7.webp,,488b6393-a99c-4099-8a4b-5cfdcf115957,Brown,250g,قهوة,unisex,adult,ar,Sri Lanka,القهوة العربية,زعفران,حبوب كاملة
82912fa7-34f0-446d-a76a-468cc74d7da3_ar,سريلانكـــا - 500g زعفران حبوب مطحونة,نفخر بنكهة القهوة العربية الاماراتية المحضرة حسب أصولها، بدءا من انتقاء حبوب البن الخضراء وتحميصها بكل حب حتى ً إضافة الهيل والزعفران، استمتع بتجربة فريدة للتعرف على تقاليدنا وثقافتنا.,in stock,new,95.00 AED,https://thegreenroasteries.com/product/sri-lanka?lang=ar,https://res.cloudinary.com/dgcexgq5g/image/upload/v1751636314/greenroasteries/products/products/ARABICA-sri%20lanka.webp,المحامص الخضراء,"Food, Beverages & Tobacco > Beverages > Coffee",القهوة العربية,https://res.cloudinary.com/dgcexgq5g/image/upload/v1751636718/greenroasteries/gallery/gallery/ARABICA-sri%20lanka_img_5cb2613c-4bbb-4249-9a24-5ad091ed97e7.webp,,488b6393-a99c-4099-8a4b-5cfdcf115957,Brown,500g,قهوة,unisex,adult,ar,Sri Lanka,القهوة العربية,زعفران,حبوب مطحونة
e0322268-4e88-4580-b548-915c718f9ad6_ar,سريلانكـــا - 1000g هيل و زعفران حبوب كاملة,نفخر بنكهة القهوة العربية الاماراتية المحضرة حسب أصولها، بدءا من انتقاء حبوب البن الخضراء وتحميصها بكل حب حتى ً إضافة الهيل والزعفران، استمتع بتجربة فريدة للتعرف على تقاليدنا وثقافتنا.,in stock,new,175.00 AED,https://thegreenroasteries.com/product/sri-lanka?lang=ar,https://res.cloudinary.com/dgcexgq5g/image/upload/v1751636518/greenroasteries/variations/variations/ARABICA-sri%20lanka_var_e0322268-4e88-4580-b548-915c718f9ad6.webp,المحامص الخضراء,"Food, Beverages & Tobacco > Beverages > Coffee",القهوة العربية,https://res.cloudinary.com/dgcexgq5g/image/upload/v1751636718/greenroasteries/gallery/gallery/ARABICA-sri%20lanka_img_5cb2613c-4bbb-4249-9a24-5ad091ed97e7.webp,,488b6393-a99c-4099-8a4b-5cfdcf115957,Brown,1000g,قهوة,unisex,adult,ar,Sri Lanka,القهوة العربية,هيل و زعفران,حبوب كاملة
72651ecc-7439-42d2-adf0-49c48631797a_ar,سريلانكـــا - 500g هيل حبوب مطحونة,نفخر بنكهة القهوة العربية الاماراتية المحضرة حسب أصولها، بدءا من انتقاء حبوب البن الخضراء وتحميصها بكل حب حتى ً إضافة الهيل والزعفران، استمتع بتجربة فريدة للتعرف على تقاليدنا وثقافتنا.,in stock,new,86.00 AED,https://thegreenroasteries.com/product/sri-lanka?lang=ar,https://res.cloudinary.com/dgcexgq5g/image/upload/v1751636314/greenroasteries/products/products/ARABICA-sri%20lanka.webp,المحامص الخضراء,"Food, Beverages & Tobacco > Beverages > Coffee",القهوة العربية,https://res.cloudinary.com/dgcexgq5g/image/upload/v1751636718/greenroasteries/gallery/gallery/ARABICA-sri%20lanka_img_5cb2613c-4bbb-4249-9a24-5ad091ed97e7.webp,,488b6393-a99c-4099-8a4b-5cfdcf115957,Brown,500g,قهوة,unisex,adult,ar,Sri Lanka,القهوة العربية,هيل,حبوب مطحونة
e8839da8-f8eb-4b76-90ef-3103918610f6_ar,سريلانكـــا - 500g هيل و زعفران حبوب كاملة,نفخر بنكهة القهوة العربية الاماراتية المحضرة حسب أصولها، بدءا من انتقاء حبوب البن الخضراء وتحميصها بكل حب حتى ً إضافة الهيل والزعفران، استمتع بتجربة فريدة للتعرف على تقاليدنا وثقافتنا.,in stock,new,99.00 AED,https://thegreenroasteries.com/product/sri-lanka?lang=ar,https://res.cloudinary.com/dgcexgq5g/image/upload/v1751636668/greenroasteries/variations/variations/ARABICA-sri%20lanka_var_e8839da8-f8eb-4b76-90ef-3103918610f6.webp,المحامص الخضراء,"Food, Beverages & Tobacco > Beverages > Coffee",القهوة العربية,https://res.cloudinary.com/dgcexgq5g/image/upload/v1751636718/greenroasteries/gallery/gallery/ARABICA-sri%20lanka_img_5cb2613c-4bbb-4249-9a24-5ad091ed97e7.webp,,488b6393-a99c-4099-8a4b-5cfdcf115957,Brown,500g,قهوة,unisex,adult,ar,Sri Lanka,القهوة العربية,هيل و زعفران,حبوب كاملة
62020b4e-5bc1-4814-b3ab-e8b2c84ba1cd_ar,سريلانكـــا - 250g زعفران حبوب مطحونة,نفخر بنكهة القهوة العربية الاماراتية المحضرة حسب أصولها، بدءا من انتقاء حبوب البن الخضراء وتحميصها بكل حب حتى ً إضافة الهيل والزعفران، استمتع بتجربة فريدة للتعرف على تقاليدنا وثقافتنا.,in stock,new,54.95 AED,https://thegreenroasteries.com/product/sri-lanka?lang=ar,https://res.cloudinary.com/dgcexgq5g/image/upload/v1751636683/greenroasteries/variations/variations/ARABICA-sri%20lanka_var_62020b4e-5bc1-4814-b3ab-e8b2c84ba1cd.webp,المحامص الخضراء,"Food, Beverages & Tobacco > Beverages > Coffee",القهوة العربية,https://res.cloudinary.com/dgcexgq5g/image/upload/v1751636718/greenroasteries/gallery/gallery/ARABICA-sri%20lanka_img_5cb2613c-4bbb-4249-9a24-5ad091ed97e7.webp,,488b6393-a99c-4099-8a4b-5cfdcf115957,Brown,250g,قهوة,unisex,adult,ar,Sri Lanka,القهوة العربية,زعفران,حبوب مطحونة
0f9e03eb-cd9a-497f-936a-e5e3c4d55fe8_ar,سريلانكـــا - 1000g هيل حبوب مطحونة,نفخر بنكهة القهوة العربية الاماراتية المحضرة حسب أصولها، بدءا من انتقاء حبوب البن الخضراء وتحميصها بكل حب حتى ً إضافة الهيل والزعفران، استمتع بتجربة فريدة للتعرف على تقاليدنا وثقافتنا.,in stock,new,154.00 AED,https://thegreenroasteries.com/product/sri-lanka?lang=ar,https://res.cloudinary.com/dgcexgq5g/image/upload/v1751636407/greenroasteries/variations/variations/ARABICA-sri%20lanka_var_0f9e03eb-cd9a-497f-936a-e5e3c4d55fe8.webp,المحامص الخضراء,"Food, Beverages & Tobacco > Beverages > Coffee",القهوة العربية,https://res.cloudinary.com/dgcexgq5g/image/upload/v1751636718/greenroasteries/gallery/gallery/ARABICA-sri%20lanka_img_5cb2613c-4bbb-4249-9a24-5ad091ed97e7.webp,,488b6393-a99c-4099-8a4b-5cfdcf115957,Brown,1000g,قهوة,unisex,adult,ar,Sri Lanka,القهوة العربية,هيل,حبوب مطحونة
e82c19d1-4f0a-4661-b344-6eae140f7372_ar,سريلانكـــا - 500g هيل و زعفران حبوب مطحونة,نفخر بنكهة القهوة العربية الاماراتية المحضرة حسب أصولها، بدءا من انتقاء حبوب البن الخضراء وتحميصها بكل حب حتى ً إضافة الهيل والزعفران، استمتع بتجربة فريدة للتعرف على تقاليدنا وثقافتنا.,in stock,new,99.00 AED,https://thegreenroasteries.com/product/sri-lanka?lang=ar,https://res.cloudinary.com/dgcexgq5g/image/upload/v1751636490/greenroasteries/variations/variations/ARABICA-sri%20lanka_var_e82c19d1-4f0a-4661-b344-6eae140f7372.webp,المحامص الخضراء,"Food, Beverages & Tobacco > Beverages > Coffee",القهوة العربية,https://res.cloudinary.com/dgcexgq5g/image/upload/v1751636718/greenroasteries/gallery/gallery/ARABICA-sri%20lanka_img_5cb2613c-4bbb-4249-9a24-5ad091ed97e7.webp,,488b6393-a99c-4099-8a4b-5cfdcf115957,Brown,500g,قهوة,unisex,adult,ar,Sri Lanka,القهوة العربية,هيل و زعفران,حبوب مطحونة
8488baf7-69b5-40b0-906c-c8d174d21600_ar,سريلانكـــا - 250g هيل و زعفران حبوب كاملة,نفخر بنكهة القهوة العربية الاماراتية المحضرة حسب أصولها، بدءا من انتقاء حبوب البن الخضراء وتحميصها بكل حب حتى ً إضافة الهيل والزعفران، استمتع بتجربة فريدة للتعرف على تقاليدنا وثقافتنا.,in stock,new,57.95 AED,https://thegreenroasteries.com/product/sri-lanka?lang=ar,https://res.cloudinary.com/dgcexgq5g/image/upload/v1751636509/greenroasteries/variations/variations/ARABICA-sri%20lanka_var_8488baf7-69b5-40b0-906c-c8d174d21600.webp,المحامص الخضراء,"Food, Beverages & Tobacco > Beverages > Coffee",القهوة العربية,https://res.cloudinary.com/dgcexgq5g/image/upload/v1751636718/greenroasteries/gallery/gallery/ARABICA-sri%20lanka_img_5cb2613c-4bbb-4249-9a24-5ad091ed97e7.webp,,488b6393-a99c-4099-8a4b-5cfdcf115957,Brown,250g,قهوة,unisex,adult,ar,Sri Lanka,القهوة العربية,هيل و زعفران,حبوب كاملة
25185b4b-591d-4fc0-b5a6-b2cd609fcb49_ar,سريلانكـــا - 250g هيل حبوب كاملة,نفخر بنكهة القهوة العربية الاماراتية المحضرة حسب أصولها، بدءا من انتقاء حبوب البن الخضراء وتحميصها بكل حب حتى ً إضافة الهيل والزعفران، استمتع بتجربة فريدة للتعرف على تقاليدنا وثقافتنا.,in stock,new,47.95 AED,https://thegreenroasteries.com/product/sri-lanka?lang=ar,https://res.cloudinary.com/dgcexgq5g/image/upload/v1751636543/greenroasteries/variations/variations/ARABICA-sri%20lanka_var_25185b4b-591d-4fc0-b5a6-b2cd609fcb49.webp,المحامص الخضراء,"Food, Beverages & Tobacco > Beverages > Coffee",القهوة العربية,https://res.cloudinary.com/dgcexgq5g/image/upload/v1751636718/greenroasteries/gallery/gallery/ARABICA-sri%20lanka_img_5cb2613c-4bbb-4249-9a24-5ad091ed97e7.webp,,488b6393-a99c-4099-8a4b-5cfdcf115957,Brown,250g,قهوة,unisex,adult,ar,Sri Lanka,القهوة العربية,هيل,حبوب كاملة
35ed0b97-70f6-4d15-89c4-84c521d3cce0_ar,سريلانكـــا - 250g هيل حبوب مطحونة,نفخر بنكهة القهوة العربية الاماراتية المحضرة حسب أصولها، بدءا من انتقاء حبوب البن الخضراء وتحميصها بكل حب حتى ً إضافة الهيل والزعفران، استمتع بتجربة فريدة للتعرف على تقاليدنا وثقافتنا.,in stock,new,47.95 AED,https://thegreenroasteries.com/product/sri-lanka?lang=ar,https://res.cloudinary.com/dgcexgq5g/image/upload/v1751636548/greenroasteries/variations/variations/ARABICA-sri%20lanka_var_35ed0b97-70f6-4d15-89c4-84c521d3cce0.webp,المحامص الخضراء,"Food, Beverages & Tobacco > Beverages > Coffee",القهوة العربية,https://res.cloudinary.com/dgcexgq5g/image/upload/v1751636718/greenroasteries/gallery/gallery/ARABICA-sri%20lanka_img_5cb2613c-4bbb-4249-9a24-5ad091ed97e7.webp,,488b6393-a99c-4099-8a4b-5cfdcf115957,Brown,250g,قهوة,unisex,adult,ar,Sri Lanka,القهوة العربية,هيل,حبوب مطحونة
7132aff3-77b0-4aa6-935d-8602fbaae116_ar,سريلانكـــا - 500g زعفران حبوب كاملة,نفخر بنكهة القهوة العربية الاماراتية المحضرة حسب أصولها، بدءا من انتقاء حبوب البن الخضراء وتحميصها بكل حب حتى ً إضافة الهيل والزعفران، استمتع بتجربة فريدة للتعرف على تقاليدنا وثقافتنا.,in stock,new,95.00 AED,https://thegreenroasteries.com/product/sri-lanka?lang=ar,https://res.cloudinary.com/dgcexgq5g/image/upload/v1751636314/greenroasteries/products/products/ARABICA-sri%20lanka.webp,المحامص الخضراء,"Food, Beverages & Tobacco > Beverages > Coffee",القهوة العربية,https://res.cloudinary.com/dgcexgq5g/image/upload/v1751636718/greenroasteries/gallery/gallery/ARABICA-sri%20lanka_img_5cb2613c-4bbb-4249-9a24-5ad091ed97e7.webp,,488b6393-a99c-4099-8a4b-5cfdcf115957,Brown,500g,قهوة,unisex,adult,ar,Sri Lanka,القهوة العربية,زعفران,حبوب كاملة
a0b08274-6625-4a15-853d-070c557f7bb0_ar,سريلانكـــا - 500g هيل حبوب كاملة,نفخر بنكهة القهوة العربية الاماراتية المحضرة حسب أصولها، بدءا من انتقاء حبوب البن الخضراء وتحميصها بكل حب حتى ً إضافة الهيل والزعفران، استمتع بتجربة فريدة للتعرف على تقاليدنا وثقافتنا.,in stock,new,86.00 AED,https://thegreenroasteries.com/product/sri-lanka?lang=ar,https://res.cloudinary.com/dgcexgq5g/image/upload/v1751636314/greenroasteries/products/products/ARABICA-sri%20lanka.webp,المحامص الخضراء,"Food, Beverages & Tobacco > Beverages > Coffee",القهوة العربية,https://res.cloudinary.com/dgcexgq5g/image/upload/v1751636718/greenroasteries/gallery/gallery/ARABICA-sri%20lanka_img_5cb2613c-4bbb-4249-9a24-5ad091ed97e7.webp,,488b6393-a99c-4099-8a4b-5cfdcf115957,Brown,500g,قهوة,unisex,adult,ar,Sri Lanka,القهوة العربية,هيل,حبوب كاملة
defe3caa-795c-46a9-bb46-d1b49df70034_en,Strawberry Crunch - 500g,"Treat yourself to our Strawberry Crunch Clusters bite-sized nuggets of wholesome oats, nuts, and real dried strawberries, lightly sweetened with honey and kissed with a hint of vanilla. Each crunchy cluster delivers bursts of fruity flavor and satisfying texture, perfect for an energizing breakfast topping, on-the-go snack, or a delightful addition to your yogurt and smoothie creations.",in stock,new,186.95 AED,https://thegreenroasteries.com/product/strawberry-crunch,https://res.cloudinary.com/dgcexgq5g/image/upload/v1751636344/greenroasteries/products/products/SNK-STRBR.jpg,Green Roasteries,"Food, Beverages & Tobacco > Food Items > Snack Foods > Nuts & Seeds",NUTS & DRIED FRUITS,"https://thegreenroasteries.com/uploads/products/gallery/71cc7cda-5445-4698-a5b0-628214afb4ab.webp,https://thegreenroasteries.com/uploads/products/gallery/aed6abd9-c3ae-4686-a066-8a0b9fcea8b9.webp,https://thegreenroasteries.com/uploads/products/gallery/759b6364-f9e4-4f3f-8b51-cb95a643482e.webp",,c9c58dd6-2def-4676-9169-97953c0f1168,Brown,500g,Coffee,unisex,adult,en,Premium Origin,NUTS & DRIED FRUITS,Medium Roast,Arabica Beans
8c2a4664-2255-4f42-9e4b-5f3f1e72b8f9_en,Strawberry Crunch - 1000g,"Treat yourself to our Strawberry Crunch Clusters bite-sized nuggets of wholesome oats, nuts, and real dried strawberries, lightly sweetened with honey and kissed with a hint of vanilla. Each crunchy cluster delivers bursts of fruity flavor and satisfying texture, perfect for an energizing breakfast topping, on-the-go snack, or a delightful addition to your yogurt and smoothie creations.",in stock,new,343.95 AED,https://thegreenroasteries.com/product/strawberry-crunch,https://res.cloudinary.com/dgcexgq5g/image/upload/v1751636344/greenroasteries/products/products/SNK-STRBR.jpg,Green Roasteries,"Food, Beverages & Tobacco > Food Items > Snack Foods > Nuts & Seeds",NUTS & DRIED FRUITS,"https://thegreenroasteries.com/uploads/products/gallery/71cc7cda-5445-4698-a5b0-628214afb4ab.webp,https://thegreenroasteries.com/uploads/products/gallery/aed6abd9-c3ae-4686-a066-8a0b9fcea8b9.webp,https://thegreenroasteries.com/uploads/products/gallery/759b6364-f9e4-4f3f-8b51-cb95a643482e.webp",,c9c58dd6-2def-4676-9169-97953c0f1168,Brown,1000g,Coffee,unisex,adult,en,Premium Origin,NUTS & DRIED FRUITS,Medium Roast,Arabica Beans
64a0dfe4-f5fc-4e4d-b4e7-0887e9a26aa5_en,Strawberry Crunch - 250g,"Treat yourself to our Strawberry Crunch Clusters bite-sized nuggets of wholesome oats, nuts, and real dried strawberries, lightly sweetened with honey and kissed with a hint of vanilla. Each crunchy cluster delivers bursts of fruity flavor and satisfying texture, perfect for an energizing breakfast topping, on-the-go snack, or a delightful addition to your yogurt and smoothie creations.",in stock,new,109.95 AED,https://thegreenroasteries.com/product/strawberry-crunch,https://res.cloudinary.com/dgcexgq5g/image/upload/v1751636344/greenroasteries/products/products/SNK-STRBR.jpg,Green Roasteries,"Food, Beverages & Tobacco > Food Items > Snack Foods > Nuts & Seeds",NUTS & DRIED FRUITS,"https://thegreenroasteries.com/uploads/products/gallery/71cc7cda-5445-4698-a5b0-628214afb4ab.webp,https://thegreenroasteries.com/uploads/products/gallery/aed6abd9-c3ae-4686-a066-8a0b9fcea8b9.webp,https://thegreenroasteries.com/uploads/products/gallery/759b6364-f9e4-4f3f-8b51-cb95a643482e.webp",,c9c58dd6-2def-4676-9169-97953c0f1168,Brown,250g,Coffee,unisex,adult,en,Premium Origin,NUTS & DRIED FRUITS,Medium Roast,Arabica Beans
defe3caa-795c-46a9-bb46-d1b49df70034_ar,فراولة مقرمشة - 500g,دلل نفسك بقرمشته فراولة المتميزة قطع صغيرة من الشوفان والمكسرات مع فراولة مجففة حقيقية، محلاة بلطف بالعسل ولمسة من الفانيليا. تمنحك كل قطعة قرمشة نكهة فاكهية منعشة وقواماً مُرضياً، مثالية كإضافة لوجبة الإفطار، أو وجبة خفيفة أثناء التنقل، أو إضافة لذيذة للزبادي أو العصائر.,in stock,new,186.95 AED,https://thegreenroasteries.com/product/strawberry-crunch?lang=ar,https://res.cloudinary.com/dgcexgq5g/image/upload/v1751636344/greenroasteries/products/products/SNK-STRBR.jpg,المحامص الخضراء,"Food, Beverages & Tobacco > Beverages > Coffee",مكسرات وفواكه مجففة,"https://thegreenroasteries.com/uploads/products/gallery/71cc7cda-5445-4698-a5b0-628214afb4ab.webp,https://thegreenroasteries.com/uploads/products/gallery/aed6abd9-c3ae-4686-a066-8a0b9fcea8b9.webp,https://thegreenroasteries.com/uploads/products/gallery/759b6364-f9e4-4f3f-8b51-cb95a643482e.webp",,c9c58dd6-2def-4676-9169-97953c0f1168,Brown,500g,قهوة,unisex,adult,ar,أصل مميز,مكسرات وفواكه مجففة,تحميص متوسط,حبوب عربية
8c2a4664-2255-4f42-9e4b-5f3f1e72b8f9_ar,فراولة مقرمشة - 1000g,دلل نفسك بقرمشته فراولة المتميزة قطع صغيرة من الشوفان والمكسرات مع فراولة مجففة حقيقية، محلاة بلطف بالعسل ولمسة من الفانيليا. تمنحك كل قطعة قرمشة نكهة فاكهية منعشة وقواماً مُرضياً، مثالية كإضافة لوجبة الإفطار، أو وجبة خفيفة أثناء التنقل، أو إضافة لذيذة للزبادي أو العصائر.,in stock,new,343.95 AED,https://thegreenroasteries.com/product/strawberry-crunch?lang=ar,https://res.cloudinary.com/dgcexgq5g/image/upload/v1751636344/greenroasteries/products/products/SNK-STRBR.jpg,المحامص الخضراء,"Food, Beverages & Tobacco > Beverages > Coffee",مكسرات وفواكه مجففة,"https://thegreenroasteries.com/uploads/products/gallery/71cc7cda-5445-4698-a5b0-628214afb4ab.webp,https://thegreenroasteries.com/uploads/products/gallery/aed6abd9-c3ae-4686-a066-8a0b9fcea8b9.webp,https://thegreenroasteries.com/uploads/products/gallery/759b6364-f9e4-4f3f-8b51-cb95a643482e.webp",,c9c58dd6-2def-4676-9169-97953c0f1168,Brown,1000g,قهوة,unisex,adult,ar,أصل مميز,مكسرات وفواكه مجففة,تحميص متوسط,حبوب عربية
64a0dfe4-f5fc-4e4d-b4e7-0887e9a26aa5_ar,فراولة مقرمشة - 250g,دلل نفسك بقرمشته فراولة المتميزة قطع صغيرة من الشوفان والمكسرات مع فراولة مجففة حقيقية، محلاة بلطف بالعسل ولمسة من الفانيليا. تمنحك كل قطعة قرمشة نكهة فاكهية منعشة وقواماً مُرضياً، مثالية كإضافة لوجبة الإفطار، أو وجبة خفيفة أثناء التنقل، أو إضافة لذيذة للزبادي أو العصائر.,in stock,new,109.95 AED,https://thegreenroasteries.com/product/strawberry-crunch?lang=ar,https://res.cloudinary.com/dgcexgq5g/image/upload/v1751636344/greenroasteries/products/products/SNK-STRBR.jpg,المحامص الخضراء,"Food, Beverages & Tobacco > Beverages > Coffee",مكسرات وفواكه مجففة,"https://thegreenroasteries.com/uploads/products/gallery/71cc7cda-5445-4698-a5b0-628214afb4ab.webp,https://thegreenroasteries.com/uploads/products/gallery/aed6abd9-c3ae-4686-a066-8a0b9fcea8b9.webp,https://thegreenroasteries.com/uploads/products/gallery/759b6364-f9e4-4f3f-8b51-cb95a643482e.webp",,c9c58dd6-2def-4676-9169-97953c0f1168,Brown,250g,قهوة,unisex,adult,ar,أصل مميز,مكسرات وفواكه مجففة,تحميص متوسط,حبوب عربية
f0a88d02-241e-46f0-ad8f-a40e797af880_en,Taste Collection 27 Pieces - 545g,"545g of premium chocolate presented in 27 delightful pieces, featuring a mix of classic favorites: Rocky Road, Oreo Biscuit, Milk Loacker Dome, and Lotus Cream. A smooth and rich selection perfect for gifting or personal indulgence.",in stock,new,149.00 AED,https://thegreenroasteries.com/product/taste-collection-27-pieces,https://res.cloudinary.com/dgcexgq5g/image/upload/v1751636678/greenroasteries/variations/variations/Choc-md-27_var_f0a88d02-241e-46f0-ad8f-a40e797af880.jpg,Green Roasteries,"Food, Beverages & Tobacco > Beverages > Coffee",Chocolate,,,906331a8-34c3-4421-8af3-d9986d8c3cc9,Brown,545g,Coffee,unisex,adult,en,Premium Origin,Chocolate,Medium Roast,Arabica Beans
f0a88d02-241e-46f0-ad8f-a40e797af880_ar,تشكيلة الذوق 27 قطعة - 545g,545 غرام من الشوكولاتة الفاخرة في 27 قطعة تجمع بين النكهات الكلاسيكية والمحببة: روكي رود، بسكويت أوريو، لوكر بالحليب، وكريمة اللوتس. توليفة ناعمة وغنية تلائم جميع الأذواق، مثالية للإهداء أو التذوق الشخصي.,in stock,new,149.00 AED,https://thegreenroasteries.com/product/taste-collection-27-pieces?lang=ar,https://res.cloudinary.com/dgcexgq5g/image/upload/v1751636678/greenroasteries/variations/variations/Choc-md-27_var_f0a88d02-241e-46f0-ad8f-a40e797af880.jpg,المحامص الخضراء,"Food, Beverages & Tobacco > Beverages > Coffee",الشوكولاته,,,906331a8-34c3-4421-8af3-d9986d8c3cc9,Brown,545g,قهوة,unisex,adult,ar,أصل مميز,الشوكولاته,تحميص متوسط,حبوب عربية
4cfc350d-4103-44d3-b25e-d07d84a0dd4b_en,Turkish Dark - 1000g Ground grains,"Turkish coffee is so unique that it was inscribed to Unesco's Intangible Culture Heritage List in 2013, due to the unique practices that goes into the preparation and presentation.",in stock,new,155.00 AED,https://thegreenroasteries.com/product/turkish-dark,https://res.cloudinary.com/dgcexgq5g/image/upload/v1751636279/greenroasteries/products/products/TRKH-DK.webp,Green Roasteries,"Food, Beverages & Tobacco > Beverages > Coffee",TURKISH ROAST,https://thegreenroasteries.com/uploads/products/gallery/977efea7-121c-425b-9615-32f257c9fa0c.webp,,1ecd6b76-d727-427f-888f-e2b3bdd196c1,Brown,1000g,Coffee,unisex,adult,en,Turkey,TURKISH ROAST,Medium Roast,Ground grains
33c0e3af-a4cb-4302-8be4-e3fb06e8b8b9_en,Turkish Dark - 1000g whole beans,"Turkish coffee is so unique that it was inscribed to Unesco's Intangible Culture Heritage List in 2013, due to the unique practices that goes into the preparation and presentation.",in stock,new,155.00 AED,https://thegreenroasteries.com/product/turkish-dark,https://res.cloudinary.com/dgcexgq5g/image/upload/v1751636279/greenroasteries/products/products/TRKH-DK.webp,Green Roasteries,"Food, Beverages & Tobacco > Beverages > Coffee",TURKISH ROAST,https://thegreenroasteries.com/uploads/products/gallery/977efea7-121c-425b-9615-32f257c9fa0c.webp,,1ecd6b76-d727-427f-888f-e2b3bdd196c1,Brown,1000g,Coffee,unisex,adult,en,Turkey,TURKISH ROAST,Medium Roast,whole beans
e6df110a-c1df-4939-aafe-db9c2515f5a0_en,Turkish Dark - 250g whole beans,"Turkish coffee is so unique that it was inscribed to Unesco's Intangible Culture Heritage List in 2013, due to the unique practices that goes into the preparation and presentation.",in stock,new,47.95 AED,https://thegreenroasteries.com/product/turkish-dark,https://res.cloudinary.com/dgcexgq5g/image/upload/v1751636279/greenroasteries/products/products/TRKH-DK.webp,Green Roasteries,"Food, Beverages & Tobacco > Beverages > Coffee",TURKISH ROAST,https://thegreenroasteries.com/uploads/products/gallery/977efea7-121c-425b-9615-32f257c9fa0c.webp,,1ecd6b76-d727-427f-888f-e2b3bdd196c1,Brown,250g,Coffee,unisex,adult,en,Turkey,TURKISH ROAST,Medium Roast,whole beans
97f96da7-5d53-48f3-ab40-186c36982e32_en,Turkish Dark - 250g Ground grains,"Turkish coffee is so unique that it was inscribed to Unesco's Intangible Culture Heritage List in 2013, due to the unique practices that goes into the preparation and presentation.",in stock,new,47.95 AED,https://thegreenroasteries.com/product/turkish-dark,https://res.cloudinary.com/dgcexgq5g/image/upload/v1751636279/greenroasteries/products/products/TRKH-DK.webp,Green Roasteries,"Food, Beverages & Tobacco > Beverages > Coffee",TURKISH ROAST,https://thegreenroasteries.com/uploads/products/gallery/977efea7-121c-425b-9615-32f257c9fa0c.webp,,1ecd6b76-d727-427f-888f-e2b3bdd196c1,Brown,250g,Coffee,unisex,adult,en,Turkey,TURKISH ROAST,Medium Roast,Ground grains
ca84924d-ed04-4926-8c7c-d0042b50da3d_en,Turkish Dark - 500g Ground grains,"Turkish coffee is so unique that it was inscribed to Unesco's Intangible Culture Heritage List in 2013, due to the unique practices that goes into the preparation and presentation.",in stock,new,85.00 AED,https://thegreenroasteries.com/product/turkish-dark,https://res.cloudinary.com/dgcexgq5g/image/upload/v1751636279/greenroasteries/products/products/TRKH-DK.webp,Green Roasteries,"Food, Beverages & Tobacco > Beverages > Coffee",TURKISH ROAST,https://thegreenroasteries.com/uploads/products/gallery/977efea7-121c-425b-9615-32f257c9fa0c.webp,,1ecd6b76-d727-427f-888f-e2b3bdd196c1,Brown,500g,Coffee,unisex,adult,en,Turkey,TURKISH ROAST,Medium Roast,Ground grains
9c4ca1ac-4c0e-4c85-a386-941c70ab466e_en,Turkish Dark - 500g whole beans,"Turkish coffee is so unique that it was inscribed to Unesco's Intangible Culture Heritage List in 2013, due to the unique practices that goes into the preparation and presentation.",in stock,new,85.00 AED,https://thegreenroasteries.com/product/turkish-dark,https://res.cloudinary.com/dgcexgq5g/image/upload/v1751636279/greenroasteries/products/products/TRKH-DK.webp,Green Roasteries,"Food, Beverages & Tobacco > Beverages > Coffee",TURKISH ROAST,https://thegreenroasteries.com/uploads/products/gallery/977efea7-121c-425b-9615-32f257c9fa0c.webp,,1ecd6b76-d727-427f-888f-e2b3bdd196c1,Brown,500g,Coffee,unisex,adult,en,Turkey,TURKISH ROAST,Medium Roast,whole beans
4cfc350d-4103-44d3-b25e-d07d84a0dd4b_ar,تحميـــص داكـــن - 1000g حبوب مطحونة,تعتبر القهوة التركية فريدة من نوعها لدرجة أنها أدرجت في قائمة التراث الثقافي غير المادي لمنظمة اليونسكو في عام ،2013 وذلك بسبب الممارسات الفريدة التي تدخل في إعدادها وتقديمها.,in stock,new,155.00 AED,https://thegreenroasteries.com/product/turkish-dark?lang=ar,https://res.cloudinary.com/dgcexgq5g/image/upload/v1751636279/greenroasteries/products/products/TRKH-DK.webp,المحامص الخضراء,"Food, Beverages & Tobacco > Beverages > Coffee",تحميص تركي,https://thegreenroasteries.com/uploads/products/gallery/977efea7-121c-425b-9615-32f257c9fa0c.webp,,1ecd6b76-d727-427f-888f-e2b3bdd196c1,Brown,1000g,قهوة,unisex,adult,ar,Turkey,تحميص تركي,تحميص متوسط,حبوب مطحونة
33c0e3af-a4cb-4302-8be4-e3fb06e8b8b9_ar,تحميـــص داكـــن - 1000g حبوب كاملة,تعتبر القهوة التركية فريدة من نوعها لدرجة أنها أدرجت في قائمة التراث الثقافي غير المادي لمنظمة اليونسكو في عام ،2013 وذلك بسبب الممارسات الفريدة التي تدخل في إعدادها وتقديمها.,in stock,new,155.00 AED,https://thegreenroasteries.com/product/turkish-dark?lang=ar,https://res.cloudinary.com/dgcexgq5g/image/upload/v1751636279/greenroasteries/products/products/TRKH-DK.webp,المحامص الخضراء,"Food, Beverages & Tobacco > Beverages > Coffee",تحميص تركي,https://thegreenroasteries.com/uploads/products/gallery/977efea7-121c-425b-9615-32f257c9fa0c.webp,,1ecd6b76-d727-427f-888f-e2b3bdd196c1,Brown,1000g,قهوة,unisex,adult,ar,Turkey,تحميص تركي,تحميص متوسط,حبوب كاملة
e6df110a-c1df-4939-aafe-db9c2515f5a0_ar,تحميـــص داكـــن - 250g حبوب كاملة,تعتبر القهوة التركية فريدة من نوعها لدرجة أنها أدرجت في قائمة التراث الثقافي غير المادي لمنظمة اليونسكو في عام ،2013 وذلك بسبب الممارسات الفريدة التي تدخل في إعدادها وتقديمها.,in stock,new,47.95 AED,https://thegreenroasteries.com/product/turkish-dark?lang=ar,https://res.cloudinary.com/dgcexgq5g/image/upload/v1751636279/greenroasteries/products/products/TRKH-DK.webp,المحامص الخضراء,"Food, Beverages & Tobacco > Beverages > Coffee",تحميص تركي,https://thegreenroasteries.com/uploads/products/gallery/977efea7-121c-425b-9615-32f257c9fa0c.webp,,1ecd6b76-d727-427f-888f-e2b3bdd196c1,Brown,250g,قهوة,unisex,adult,ar,Turkey,تحميص تركي,تحميص متوسط,حبوب كاملة
97f96da7-5d53-48f3-ab40-186c36982e32_ar,تحميـــص داكـــن - 250g حبوب مطحونة,تعتبر القهوة التركية فريدة من نوعها لدرجة أنها أدرجت في قائمة التراث الثقافي غير المادي لمنظمة اليونسكو في عام ،2013 وذلك بسبب الممارسات الفريدة التي تدخل في إعدادها وتقديمها.,in stock,new,47.95 AED,https://thegreenroasteries.com/product/turkish-dark?lang=ar,https://res.cloudinary.com/dgcexgq5g/image/upload/v1751636279/greenroasteries/products/products/TRKH-DK.webp,المحامص الخضراء,"Food, Beverages & Tobacco > Beverages > Coffee",تحميص تركي,https://thegreenroasteries.com/uploads/products/gallery/977efea7-121c-425b-9615-32f257c9fa0c.webp,,1ecd6b76-d727-427f-888f-e2b3bdd196c1,Brown,250g,قهوة,unisex,adult,ar,Turkey,تحميص تركي,تحميص متوسط,حبوب مطحونة
ca84924d-ed04-4926-8c7c-d0042b50da3d_ar,تحميـــص داكـــن - 500g حبوب مطحونة,تعتبر القهوة التركية فريدة من نوعها لدرجة أنها أدرجت في قائمة التراث الثقافي غير المادي لمنظمة اليونسكو في عام ،2013 وذلك بسبب الممارسات الفريدة التي تدخل في إعدادها وتقديمها.,in stock,new,85.00 AED,https://thegreenroasteries.com/product/turkish-dark?lang=ar,https://res.cloudinary.com/dgcexgq5g/image/upload/v1751636279/greenroasteries/products/products/TRKH-DK.webp,المحامص الخضراء,"Food, Beverages & Tobacco > Beverages > Coffee",تحميص تركي,https://thegreenroasteries.com/uploads/products/gallery/977efea7-121c-425b-9615-32f257c9fa0c.webp,,1ecd6b76-d727-427f-888f-e2b3bdd196c1,Brown,500g,قهوة,unisex,adult,ar,Turkey,تحميص تركي,تحميص متوسط,حبوب مطحونة
9c4ca1ac-4c0e-4c85-a386-941c70ab466e_ar,تحميـــص داكـــن - 500g حبوب كاملة,تعتبر القهوة التركية فريدة من نوعها لدرجة أنها أدرجت في قائمة التراث الثقافي غير المادي لمنظمة اليونسكو في عام ،2013 وذلك بسبب الممارسات الفريدة التي تدخل في إعدادها وتقديمها.,in stock,new,85.00 AED,https://thegreenroasteries.com/product/turkish-dark?lang=ar,https://res.cloudinary.com/dgcexgq5g/image/upload/v1751636279/greenroasteries/products/products/TRKH-DK.webp,المحامص الخضراء,"Food, Beverages & Tobacco > Beverages > Coffee",تحميص تركي,https://thegreenroasteries.com/uploads/products/gallery/977efea7-121c-425b-9615-32f257c9fa0c.webp,,1ecd6b76-d727-427f-888f-e2b3bdd196c1,Brown,500g,قهوة,unisex,adult,ar,Turkey,تحميص تركي,تحميص متوسط,حبوب كاملة
0acb2bc7-e75f-4d22-8635-ba7d3c2b1cce_en,Turkish Light - 1000g whole beans,"Turkish coffee is so unique that it was inscribed to Unesco's Intangible Culture Heritage List in 2013, due to the unique practices that goes into the preparation and presentation.",in stock,new,155.00 AED,https://thegreenroasteries.com/product/turkish-light,https://res.cloudinary.com/dgcexgq5g/image/upload/v1751636447/greenroasteries/variations/variations/TRKH-LT_var_0acb2bc7-e75f-4d22-8635-ba7d3c2b1cce.webp,Green Roasteries,"Food, Beverages & Tobacco > Beverages > Coffee",TURKISH ROAST,https://res.cloudinary.com/dgcexgq5g/image/upload/v1751636733/greenroasteries/gallery/gallery/TRKH-LT_img_ef3792dc-3da3-4553-b171-c08cf9a45691.webp,,d43989e6-6f80-458c-9a3e-7aa2c23b9819,Brown,1000g,Coffee,unisex,adult,en,Turkey,TURKISH ROAST,Medium Roast,whole beans
ea4f842c-51d8-4815-8b82-ce011aa1127e_en,Turkish Light - 250g Ground grains,"Turkish coffee is so unique that it was inscribed to Unesco's Intangible Culture Heritage List in 2013, due to the unique practices that goes into the preparation and presentation.",in stock,new,47.95 AED,https://thegreenroasteries.com/product/turkish-light,https://res.cloudinary.com/dgcexgq5g/image/upload/v1751636456/greenroasteries/variations/variations/TRKH-LT_var_ea4f842c-51d8-4815-8b82-ce011aa1127e.webp,Green Roasteries,"Food, Beverages & Tobacco > Beverages > Coffee",TURKISH ROAST,https://res.cloudinary.com/dgcexgq5g/image/upload/v1751636733/greenroasteries/gallery/gallery/TRKH-LT_img_ef3792dc-3da3-4553-b171-c08cf9a45691.webp,,d43989e6-6f80-458c-9a3e-7aa2c23b9819,Brown,250g,Coffee,unisex,adult,en,Turkey,TURKISH ROAST,Medium Roast,Ground grains
a98a8e07-9c00-490f-9e35-b5b5f3e4af56_en,Turkish Light - 1000g Ground grains,"Turkish coffee is so unique that it was inscribed to Unesco's Intangible Culture Heritage List in 2013, due to the unique practices that goes into the preparation and presentation.",in stock,new,155.00 AED,https://thegreenroasteries.com/product/turkish-light,https://res.cloudinary.com/dgcexgq5g/image/upload/v1751636459/greenroasteries/variations/variations/TRKH-LT_var_a98a8e07-9c00-490f-9e35-b5b5f3e4af56.webp,Green Roasteries,"Food, Beverages & Tobacco > Beverages > Coffee",TURKISH ROAST,https://res.cloudinary.com/dgcexgq5g/image/upload/v1751636733/greenroasteries/gallery/gallery/TRKH-LT_img_ef3792dc-3da3-4553-b171-c08cf9a45691.webp,,d43989e6-6f80-458c-9a3e-7aa2c23b9819,Brown,1000g,Coffee,unisex,adult,en,Turkey,TURKISH ROAST,Medium Roast,Ground grains
cda4fcd9-26b3-4af1-a50a-020375c96ee9_en,Turkish Light - 500g whole beans,"Turkish coffee is so unique that it was inscribed to Unesco's Intangible Culture Heritage List in 2013, due to the unique practices that goes into the preparation and presentation.",in stock,new,85.00 AED,https://thegreenroasteries.com/product/turkish-light,https://res.cloudinary.com/dgcexgq5g/image/upload/v1751636483/greenroasteries/variations/variations/TRKH-LT_var_cda4fcd9-26b3-4af1-a50a-020375c96ee9.webp,Green Roasteries,"Food, Beverages & Tobacco > Beverages > Coffee",TURKISH ROAST,https://res.cloudinary.com/dgcexgq5g/image/upload/v1751636733/greenroasteries/gallery/gallery/TRKH-LT_img_ef3792dc-3da3-4553-b171-c08cf9a45691.webp,,d43989e6-6f80-458c-9a3e-7aa2c23b9819,Brown,500g,Coffee,unisex,adult,en,Turkey,TURKISH ROAST,Medium Roast,whole beans
ca7f4c89-e2a1-4588-8fe2-f22629fbb101_en,Turkish Light - 250g whole beans,"Turkish coffee is so unique that it was inscribed to Unesco's Intangible Culture Heritage List in 2013, due to the unique practices that goes into the preparation and presentation.",in stock,new,47.95 AED,https://thegreenroasteries.com/product/turkish-light,https://res.cloudinary.com/dgcexgq5g/image/upload/v1751636647/greenroasteries/variations/variations/TRKH-LT_var_ca7f4c89-e2a1-4588-8fe2-f22629fbb101.webp,Green Roasteries,"Food, Beverages & Tobacco > Beverages > Coffee",TURKISH ROAST,https://res.cloudinary.com/dgcexgq5g/image/upload/v1751636733/greenroasteries/gallery/gallery/TRKH-LT_img_ef3792dc-3da3-4553-b171-c08cf9a45691.webp,,d43989e6-6f80-458c-9a3e-7aa2c23b9819,Brown,250g,Coffee,unisex,adult,en,Turkey,TURKISH ROAST,Medium Roast,whole beans
54f30ae5-9ff1-4609-bcec-f5066712cd15_en,Turkish Light - 500g Ground grains,"Turkish coffee is so unique that it was inscribed to Unesco's Intangible Culture Heritage List in 2013, due to the unique practices that goes into the preparation and presentation.",in stock,new,85.00 AED,https://thegreenroasteries.com/product/turkish-light,https://res.cloudinary.com/dgcexgq5g/image/upload/v1751636457/greenroasteries/variations/variations/TRKH-LT_var_54f30ae5-9ff1-4609-bcec-f5066712cd15.webp,Green Roasteries,"Food, Beverages & Tobacco > Beverages > Coffee",TURKISH ROAST,https://res.cloudinary.com/dgcexgq5g/image/upload/v1751636733/greenroasteries/gallery/gallery/TRKH-LT_img_ef3792dc-3da3-4553-b171-c08cf9a45691.webp,,d43989e6-6f80-458c-9a3e-7aa2c23b9819,Brown,500g,Coffee,unisex,adult,en,Turkey,TURKISH ROAST,Medium Roast,Ground grains
0acb2bc7-e75f-4d22-8635-ba7d3c2b1cce_ar,تحميـــص متـــوازن - 1000g حبوب كاملة,تعتبر القهوة التركية فريدة من نوعها لدرجة أنها أدرجت في قائمة التراث الثقافي غير المادي لمنظمة اليونسكو في عام ،2013 وذلك بسبب الممارسات الفريدة التي تدخل في إعدادها وتقديمها.,in stock,new,155.00 AED,https://thegreenroasteries.com/product/turkish-light?lang=ar,https://res.cloudinary.com/dgcexgq5g/image/upload/v1751636447/greenroasteries/variations/variations/TRKH-LT_var_0acb2bc7-e75f-4d22-8635-ba7d3c2b1cce.webp,المحامص الخضراء,"Food, Beverages & Tobacco > Beverages > Coffee",تحميص تركي,https://res.cloudinary.com/dgcexgq5g/image/upload/v1751636733/greenroasteries/gallery/gallery/TRKH-LT_img_ef3792dc-3da3-4553-b171-c08cf9a45691.webp,,d43989e6-6f80-458c-9a3e-7aa2c23b9819,Brown,1000g,قهوة,unisex,adult,ar,Turkey,تحميص تركي,تحميص متوسط,حبوب كاملة
ea4f842c-51d8-4815-8b82-ce011aa1127e_ar,تحميـــص متـــوازن - 250g حبوب مطحونة,تعتبر القهوة التركية فريدة من نوعها لدرجة أنها أدرجت في قائمة التراث الثقافي غير المادي لمنظمة اليونسكو في عام ،2013 وذلك بسبب الممارسات الفريدة التي تدخل في إعدادها وتقديمها.,in stock,new,47.95 AED,https://thegreenroasteries.com/product/turkish-light?lang=ar,https://res.cloudinary.com/dgcexgq5g/image/upload/v1751636456/greenroasteries/variations/variations/TRKH-LT_var_ea4f842c-51d8-4815-8b82-ce011aa1127e.webp,المحامص الخضراء,"Food, Beverages & Tobacco > Beverages > Coffee",تحميص تركي,https://res.cloudinary.com/dgcexgq5g/image/upload/v1751636733/greenroasteries/gallery/gallery/TRKH-LT_img_ef3792dc-3da3-4553-b171-c08cf9a45691.webp,,d43989e6-6f80-458c-9a3e-7aa2c23b9819,Brown,250g,قهوة,unisex,adult,ar,Turkey,تحميص تركي,تحميص متوسط,حبوب مطحونة
a98a8e07-9c00-490f-9e35-b5b5f3e4af56_ar,تحميـــص متـــوازن - 1000g حبوب مطحونة,تعتبر القهوة التركية فريدة من نوعها لدرجة أنها أدرجت في قائمة التراث الثقافي غير المادي لمنظمة اليونسكو في عام ،2013 وذلك بسبب الممارسات الفريدة التي تدخل في إعدادها وتقديمها.,in stock,new,155.00 AED,https://thegreenroasteries.com/product/turkish-light?lang=ar,https://res.cloudinary.com/dgcexgq5g/image/upload/v1751636459/greenroasteries/variations/variations/TRKH-LT_var_a98a8e07-9c00-490f-9e35-b5b5f3e4af56.webp,المحامص الخضراء,"Food, Beverages & Tobacco > Beverages > Coffee",تحميص تركي,https://res.cloudinary.com/dgcexgq5g/image/upload/v1751636733/greenroasteries/gallery/gallery/TRKH-LT_img_ef3792dc-3da3-4553-b171-c08cf9a45691.webp,,d43989e6-6f80-458c-9a3e-7aa2c23b9819,Brown,1000g,قهوة,unisex,adult,ar,Turkey,تحميص تركي,تحميص متوسط,حبوب مطحونة
cda4fcd9-26b3-4af1-a50a-020375c96ee9_ar,تحميـــص متـــوازن - 500g حبوب كاملة,تعتبر القهوة التركية فريدة من نوعها لدرجة أنها أدرجت في قائمة التراث الثقافي غير المادي لمنظمة اليونسكو في عام ،2013 وذلك بسبب الممارسات الفريدة التي تدخل في إعدادها وتقديمها.,in stock,new,85.00 AED,https://thegreenroasteries.com/product/turkish-light?lang=ar,https://res.cloudinary.com/dgcexgq5g/image/upload/v1751636483/greenroasteries/variations/variations/TRKH-LT_var_cda4fcd9-26b3-4af1-a50a-020375c96ee9.webp,المحامص الخضراء,"Food, Beverages & Tobacco > Beverages > Coffee",تحميص تركي,https://res.cloudinary.com/dgcexgq5g/image/upload/v1751636733/greenroasteries/gallery/gallery/TRKH-LT_img_ef3792dc-3da3-4553-b171-c08cf9a45691.webp,,d43989e6-6f80-458c-9a3e-7aa2c23b9819,Brown,500g,قهوة,unisex,adult,ar,Turkey,تحميص تركي,تحميص متوسط,حبوب كاملة
ca7f4c89-e2a1-4588-8fe2-f22629fbb101_ar,تحميـــص متـــوازن - 250g حبوب كاملة,تعتبر القهوة التركية فريدة من نوعها لدرجة أنها أدرجت في قائمة التراث الثقافي غير المادي لمنظمة اليونسكو في عام ،2013 وذلك بسبب الممارسات الفريدة التي تدخل في إعدادها وتقديمها.,in stock,new,47.95 AED,https://thegreenroasteries.com/product/turkish-light?lang=ar,https://res.cloudinary.com/dgcexgq5g/image/upload/v1751636647/greenroasteries/variations/variations/TRKH-LT_var_ca7f4c89-e2a1-4588-8fe2-f22629fbb101.webp,المحامص الخضراء,"Food, Beverages & Tobacco > Beverages > Coffee",تحميص تركي,https://res.cloudinary.com/dgcexgq5g/image/upload/v1751636733/greenroasteries/gallery/gallery/TRKH-LT_img_ef3792dc-3da3-4553-b171-c08cf9a45691.webp,,d43989e6-6f80-458c-9a3e-7aa2c23b9819,Brown,250g,قهوة,unisex,adult,ar,Turkey,تحميص تركي,تحميص متوسط,حبوب كاملة
54f30ae5-9ff1-4609-bcec-f5066712cd15_ar,تحميـــص متـــوازن - 500g حبوب مطحونة,تعتبر القهوة التركية فريدة من نوعها لدرجة أنها أدرجت في قائمة التراث الثقافي غير المادي لمنظمة اليونسكو في عام ،2013 وذلك بسبب الممارسات الفريدة التي تدخل في إعدادها وتقديمها.,in stock,new,85.00 AED,https://thegreenroasteries.com/product/turkish-light?lang=ar,https://res.cloudinary.com/dgcexgq5g/image/upload/v1751636457/greenroasteries/variations/variations/TRKH-LT_var_54f30ae5-9ff1-4609-bcec-f5066712cd15.webp,المحامص الخضراء,"Food, Beverages & Tobacco > Beverages > Coffee",تحميص تركي,https://res.cloudinary.com/dgcexgq5g/image/upload/v1751636733/greenroasteries/gallery/gallery/TRKH-LT_img_ef3792dc-3da3-4553-b171-c08cf9a45691.webp,,d43989e6-6f80-458c-9a3e-7aa2c23b9819,Brown,500g,قهوة,unisex,adult,ar,Turkey,تحميص تركي,تحميص متوسط,حبوب مطحونة
7691ad89-9370-41e0-a7ce-a3951a78187f_en,Yellow Checkpeas - 250g,"Indulge in our premium Crunchy Roasted Pumpkin Seeds, perfectly toasted for a golden crunch and lightly seasoned with sea salt. Packed with plant-based protein, heart-healthy fats, and essential minerals, they make an irresistible snack on their own or a nutritious topping for salads, yogurts, and smoothie bowls.",in stock,new,13.95 AED,https://thegreenroasteries.com/product/yellow-checkpeas,https://thegreenroasteries.com/uploads/products/fdbe1ed6-2867-4232-be62-74bd6ab2b4a7.webp,Green Roasteries,"Food, Beverages & Tobacco > Food Items > Snack Foods > Nuts & Seeds",NUTS & DRIED FRUITS,,,6831d8ab-9473-4d22-93a4-a9d83284f8a7,Brown,250g,Coffee,unisex,adult,en,Premium Origin,NUTS & DRIED FRUITS,Medium Roast,Arabica Beans
9a564e4d-41e3-41ff-8bbf-02284836a71a_en,Yellow Checkpeas - 500g,"Indulge in our premium Crunchy Roasted Pumpkin Seeds, perfectly toasted for a golden crunch and lightly seasoned with sea salt. Packed with plant-based protein, heart-healthy fats, and essential minerals, they make an irresistible snack on their own or a nutritious topping for salads, yogurts, and smoothie bowls.",in stock,new,21.95 AED,https://thegreenroasteries.com/product/yellow-checkpeas,https://thegreenroasteries.com/uploads/products/fdbe1ed6-2867-4232-be62-74bd6ab2b4a7.webp,Green Roasteries,"Food, Beverages & Tobacco > Food Items > Snack Foods > Nuts & Seeds",NUTS & DRIED FRUITS,,,6831d8ab-9473-4d22-93a4-a9d83284f8a7,Brown,500g,Coffee,unisex,adult,en,Premium Origin,NUTS & DRIED FRUITS,Medium Roast,Arabica Beans
2de51549-1f37-47b3-9cd8-1bc0c286c319_en,Yellow Checkpeas - 1000g,"Indulge in our premium Crunchy Roasted Pumpkin Seeds, perfectly toasted for a golden crunch and lightly seasoned with sea salt. Packed with plant-based protein, heart-healthy fats, and essential minerals, they make an irresistible snack on their own or a nutritious topping for salads, yogurts, and smoothie bowls.",in stock,new,39.95 AED,https://thegreenroasteries.com/product/yellow-checkpeas,https://thegreenroasteries.com/uploads/products/fdbe1ed6-2867-4232-be62-74bd6ab2b4a7.webp,Green Roasteries,"Food, Beverages & Tobacco > Food Items > Snack Foods > Nuts & Seeds",NUTS & DRIED FRUITS,,,6831d8ab-9473-4d22-93a4-a9d83284f8a7,Brown,1000g,Coffee,unisex,adult,en,Premium Origin,NUTS & DRIED FRUITS,Medium Roast,Arabica Beans
7691ad89-9370-41e0-a7ce-a3951a78187f_ar,بذور اليقطين الصفراء - 250g,استمتع ببذور اليقطين المحمصة المقرمشة، المحمصة بعناية حتى تصبح ذهبية ومقرمشة، مع رشة خفيفة من ملح البحر. غنية بالبروتين النباتي والدهون الصحية والمعادن الأساسية، وتعد وجبة خفيفة مثالية بمفردها أو إضافة مغذية للسلطات والزبادي و الأطباق المختلفة.,in stock,new,13.95 AED,https://thegreenroasteries.com/product/yellow-checkpeas?lang=ar,https://thegreenroasteries.com/uploads/products/fdbe1ed6-2867-4232-be62-74bd6ab2b4a7.webp,المحامص الخضراء,"Food, Beverages & Tobacco > Beverages > Coffee",مكسرات وفواكه مجففة,,,6831d8ab-9473-4d22-93a4-a9d83284f8a7,Brown,250g,قهوة,unisex,adult,ar,أصل مميز,مكسرات وفواكه مجففة,تحميص متوسط,حبوب عربية
9a564e4d-41e3-41ff-8bbf-02284836a71a_ar,بذور اليقطين الصفراء - 500g,استمتع ببذور اليقطين المحمصة المقرمشة، المحمصة بعناية حتى تصبح ذهبية ومقرمشة، مع رشة خفيفة من ملح البحر. غنية بالبروتين النباتي والدهون الصحية والمعادن الأساسية، وتعد وجبة خفيفة مثالية بمفردها أو إضافة مغذية للسلطات والزبادي و الأطباق المختلفة.,in stock,new,21.95 AED,https://thegreenroasteries.com/product/yellow-checkpeas?lang=ar,https://thegreenroasteries.com/uploads/products/fdbe1ed6-2867-4232-be62-74bd6ab2b4a7.webp,المحامص الخضراء,"Food, Beverages & Tobacco > Beverages > Coffee",مكسرات وفواكه مجففة,,,6831d8ab-9473-4d22-93a4-a9d83284f8a7,Brown,500g,قهوة,unisex,adult,ar,أصل مميز,مكسرات وفواكه مجففة,تحميص متوسط,حبوب عربية
2de51549-1f37-47b3-9cd8-1bc0c286c319_ar,بذور اليقطين الصفراء - 1000g,استمتع ببذور اليقطين المحمصة المقرمشة، المحمصة بعناية حتى تصبح ذهبية ومقرمشة، مع رشة خفيفة من ملح البحر. غنية بالبروتين النباتي والدهون الصحية والمعادن الأساسية، وتعد وجبة خفيفة مثالية بمفردها أو إضافة مغذية للسلطات والزبادي و الأطباق المختلفة.,in stock,new,39.95 AED,https://thegreenroasteries.com/product/yellow-checkpeas?lang=ar,https://thegreenroasteries.com/uploads/products/fdbe1ed6-2867-4232-be62-74bd6ab2b4a7.webp,المحامص الخضراء,"Food, Beverages & Tobacco > Beverages > Coffee",مكسرات وفواكه مجففة,,,6831d8ab-9473-4d22-93a4-a9d83284f8a7,Brown,1000g,قهوة,unisex,adult,ar,أصل مميز,مكسرات وفواكه مجففة,تحميص متوسط,حبوب عربية
eb02b1cb-ff74-449c-9fa8-41aa64622628_en,Zaatar Roasted Cashews - 1000g,"Elevate your snacking with our Zesty Black Pepper Roasted Cashews. Premium cashews are dry-roasted to a light golden crisp, then dusted with freshly cracked black pepper and a hint of sea salt. The pepper’s bold, aromatic bite perfectly complements the cashews’ natural creaminess, delivering a sophisticated savory snack. Enjoy them straight from the pack, toss into salads for an extra kick, or serve alongside cheese and charcuterie for an elegant appetizer.",in stock,new,116.95 AED,https://thegreenroasteries.com/product/zaatar-roasted-cashews,https://res.cloudinary.com/dgcexgq5g/image/upload/v1751636342/greenroasteries/products/products/NT-CSH-PPR.jpg,Green Roasteries,"Food, Beverages & Tobacco > Food Items > Snack Foods > Nuts & Seeds",NUTS & DRIED FRUITS,,,cfbdab63-ed80-41f4-86cf-c4ed9031e53b,Brown,1000g,Coffee,unisex,adult,en,Premium Origin,NUTS & DRIED FRUITS,Medium Roast,Arabica Beans
7f777479-36ae-4c59-baa9-3a36fab56fa6_en,Zaatar Roasted Cashews - 500g,"Elevate your snacking with our Zesty Black Pepper Roasted Cashews. Premium cashews are dry-roasted to a light golden crisp, then dusted with freshly cracked black pepper and a hint of sea salt. The pepper’s bold, aromatic bite perfectly complements the cashews’ natural creaminess, delivering a sophisticated savory snack. Enjoy them straight from the pack, toss into salads for an extra kick, or serve alongside cheese and charcuterie for an elegant appetizer.",in stock,new,67.95 AED,https://thegreenroasteries.com/product/zaatar-roasted-cashews,https://res.cloudinary.com/dgcexgq5g/image/upload/v1751636342/greenroasteries/products/products/NT-CSH-PPR.jpg,Green Roasteries,"Food, Beverages & Tobacco > Food Items > Snack Foods > Nuts & Seeds",NUTS & DRIED FRUITS,,,cfbdab63-ed80-41f4-86cf-c4ed9031e53b,Brown,500g,Coffee,unisex,adult,en,Premium Origin,NUTS & DRIED FRUITS,Medium Roast,Arabica Beans
21e17c18-64e8-47b9-9a57-37e7fa17de42_en,Zaatar Roasted Cashews - 250g,"Elevate your snacking with our Zesty Black Pepper Roasted Cashews. Premium cashews are dry-roasted to a light golden crisp, then dusted with freshly cracked black pepper and a hint of sea salt. The pepper’s bold, aromatic bite perfectly complements the cashews’ natural creaminess, delivering a sophisticated savory snack. Enjoy them straight from the pack, toss into salads for an extra kick, or serve alongside cheese and charcuterie for an elegant appetizer.",in stock,new,49.95 AED,https://thegreenroasteries.com/product/zaatar-roasted-cashews,https://res.cloudinary.com/dgcexgq5g/image/upload/v1751636342/greenroasteries/products/products/NT-CSH-PPR.jpg,Green Roasteries,"Food, Beverages & Tobacco > Food Items > Snack Foods > Nuts & Seeds",NUTS & DRIED FRUITS,,,cfbdab63-ed80-41f4-86cf-c4ed9031e53b,Brown,250g,Coffee,unisex,adult,en,Premium Origin,NUTS & DRIED FRUITS,Medium Roast,Arabica Beans
eb02b1cb-ff74-449c-9fa8-41aa64622628_ar,كاجو محمص بزعتر - 1000g,ارتق بمتعتك الخفيفة مع كاجو محمص بتتبيلة الفلفل الأسود. تُحمص حبات الكاجو الفاخرة جافاً حتى تصبح ذهبية ومقرمشة، ثم تُغلف برشة من الفلفل الأسود المطحون حديثاً ولمسة من ملح البحر. تناغم نكهة الفلفل القوية والعطرية مع كريمة الكاجو الطبيعية يخلق وجبة خفيفة مميزة وفاخرة. تناوله مباشرة، أو أضفه إلى السلطات لإضفاء نكهة إضافية، أو قدمه مع الجبن والشاركوتيري كمقبلات أنيقة.,in stock,new,116.95 AED,https://thegreenroasteries.com/product/zaatar-roasted-cashews?lang=ar,https://res.cloudinary.com/dgcexgq5g/image/upload/v1751636342/greenroasteries/products/products/NT-CSH-PPR.jpg,المحامص الخضراء,"Food, Beverages & Tobacco > Beverages > Coffee",مكسرات وفواكه مجففة,,,cfbdab63-ed80-41f4-86cf-c4ed9031e53b,Brown,1000g,قهوة,unisex,adult,ar,أصل مميز,مكسرات وفواكه مجففة,تحميص متوسط,حبوب عربية
7f777479-36ae-4c59-baa9-3a36fab56fa6_ar,كاجو محمص بزعتر - 500g,ارتق بمتعتك الخفيفة مع كاجو محمص بتتبيلة الفلفل الأسود. تُحمص حبات الكاجو الفاخرة جافاً حتى تصبح ذهبية ومقرمشة، ثم تُغلف برشة من الفلفل الأسود المطحون حديثاً ولمسة من ملح البحر. تناغم نكهة الفلفل القوية والعطرية مع كريمة الكاجو الطبيعية يخلق وجبة خفيفة مميزة وفاخرة. تناوله مباشرة، أو أضفه إلى السلطات لإضفاء نكهة إضافية، أو قدمه مع الجبن والشاركوتيري كمقبلات أنيقة.,in stock,new,67.95 AED,https://thegreenroasteries.com/product/zaatar-roasted-cashews?lang=ar,https://res.cloudinary.com/dgcexgq5g/image/upload/v1751636342/greenroasteries/products/products/NT-CSH-PPR.jpg,المحامص الخضراء,"Food, Beverages & Tobacco > Beverages > Coffee",مكسرات وفواكه مجففة,,,cfbdab63-ed80-41f4-86cf-c4ed9031e53b,Brown,500g,قهوة,unisex,adult,ar,أصل مميز,مكسرات وفواكه مجففة,تحميص متوسط,حبوب عربية
21e17c18-64e8-47b9-9a57-37e7fa17de42_ar,كاجو محمص بزعتر - 250g,ارتق بمتعتك الخفيفة مع كاجو محمص بتتبيلة الفلفل الأسود. تُحمص حبات الكاجو الفاخرة جافاً حتى تصبح ذهبية ومقرمشة، ثم تُغلف برشة من الفلفل الأسود المطحون حديثاً ولمسة من ملح البحر. تناغم نكهة الفلفل القوية والعطرية مع كريمة الكاجو الطبيعية يخلق وجبة خفيفة مميزة وفاخرة. تناوله مباشرة، أو أضفه إلى السلطات لإضفاء نكهة إضافية، أو قدمه مع الجبن والشاركوتيري كمقبلات أنيقة.,in stock,new,49.95 AED,https://thegreenroasteries.com/product/zaatar-roasted-cashews?lang=ar,https://res.cloudinary.com/dgcexgq5g/image/upload/v1751636342/greenroasteries/products/products/NT-CSH-PPR.jpg,المحامص الخضراء,"Food, Beverages & Tobacco > Beverages > Coffee",مكسرات وفواكه مجففة,,,cfbdab63-ed80-41f4-86cf-c4ed9031e53b,Brown,250g,قهوة,unisex,adult,ar,أصل مميز,مكسرات وفواكه مجففة,تحميص متوسط,حبوب عربية